{
    "components_": [
        [
            0.0,
            1.1102230246251565e-16,
            0.0,
            -0.13933012469089137,
            -0.40405125642401385,
            -0.30697071124183206,
            0.8503520923567365,
            0.0
        ],
        [
            0.0,
            0.0,
            0.0,
            -0.19903403201531783,
            -0.5749450839989052,
            0.7933771614549388,
            -0.019398045440716577,
            0.0
        ]
    ],
    "explained_variance_": [
        2.960058898489925e-05,
        6.804952335860772e-06
    ],
    "explained_variance_ratio_": [
        0.7553390732252767,
        0.1736467606551158
    ],
    "mean_": [
        0.0,
        0.0,
        0.0,
        0.05039675201548276,
        0.13390114580583196,
        0.2607153190880519,
        0.5549867830906335,
        0.0
    ],
    "n_components_": 2,
    "n_features_": 8,
    "n_samples_": 396,
    "name": "pca_CSCRunsummaryCSCOfflineMonitorSegmentshSnhitsm13_default_pca",
    "noise_variance_": 4.6382285296856106e-07,
    "singular_values_": [
        0.10813062771035413,
        0.05184550291650188
    ]
}