{
    "components_": [
        [
            0.0,
            3.3306690738754696e-16,
            0.0,
            -0.32804620870850343,
            -0.4145166768625459,
            -0.100344356996998,
            0.8429072425680466,
            0.0
        ],
        [
            -0.0,
            -7.632783294297951e-17,
            5.551115123125783e-17,
            0.31904552963721317,
            0.3481062346776455,
            -0.8601147036525055,
            0.19296293933764722,
            -0.0
        ]
    ],
    "explained_variance_": [
        3.125636160747338e-05,
        2.7861657007968647e-06
    ],
    "explained_variance_ratio_": [
        0.882836395403752,
        0.0786952913835292
    ],
    "mean_": [
        0.0,
        0.0,
        0.0,
        0.05374717340052384,
        0.13434284421106663,
        0.20088189868513673,
        0.6110280837032728,
        0.0
    ],
    "n_components_": 2,
    "n_features_": 8,
    "n_samples_": 396,
    "name": "pca_CSCRunsummaryCSCOfflineMonitorSegmentshSnhitsm22_default_pca",
    "noise_variance_": 2.2699175718667448e-07,
    "singular_values_": [
        0.11111373828178038,
        0.0331743191612844
    ]
}