{
    "components_": [
        [
            0.0,
            -1.1102230246251565e-16,
            0.0,
            -0.34115217707876466,
            -0.35599619055705733,
            -0.15831534119451057,
            0.8554637088303322,
            0.0
        ],
        [
            0.0,
            0.0,
            4.440892098500626e-16,
            0.43046177785079415,
            0.28329679587696666,
            -0.8466342932040063,
            0.1328757194762467,
            0.0
        ]
    ],
    "explained_variance_": [
        0.00045442859739557853,
        1.0341770885990592e-05
    ],
    "explained_variance_ratio_": [
        0.9730115121955721,
        0.022143549473402385
    ],
    "mean_": [
        0.0,
        0.0,
        0.0,
        0.10092174401605895,
        0.21955222619457146,
        0.19614542321933123,
        0.4833806065700383,
        0.0
    ],
    "n_components_": 2,
    "n_features_": 8,
    "n_samples_": 396,
    "name": "pca_CSCRunsummaryCSCOfflineMonitorSegmentshSnhitsp11b_default_pca",
    "noise_variance_": 3.771244400572332e-07,
    "singular_values_": [
        0.4236735724248723,
        0.0639140008133295
    ]
}