{
    "components_": [
        [
            -0.0,
            -0.0,
            -1.1102230246251565e-16,
            -0.2744483269771921,
            -0.28754806448049886,
            -0.3038412071960964,
            0.8658375986537877,
            -0.0
        ],
        [
            -0.0,
            -2.220446049250313e-16,
            -3.885780586188048e-16,
            -0.5857271419653897,
            -0.21361801413812148,
            0.7816507972656708,
            0.017694358837840818,
            -0.0
        ]
    ],
    "explained_variance_": [
        0.0006725089324778386,
        3.313629602723146e-05
    ],
    "explained_variance_ratio_": [
        0.9504979293710488,
        0.046833550068790364
    ],
    "mean_": [
        0.0,
        0.0,
        0.0,
        0.12310003074714951,
        0.22447046913037116,
        0.19883712282127758,
        0.45359237730120183,
        0.0
    ],
    "n_components_": 2,
    "n_features_": 8,
    "n_samples_": 396,
    "name": "pca_CSCRunsummaryCSCOfflineMonitorSegmentshSnhitsm11a_default_pca",
    "noise_variance_": 3.1467785774073234e-07,
    "singular_values_": [
        0.5154037527305619,
        0.11440645493483498
    ]
}