{
    "components_": [
        [
            -0.0,
            -0.0,
            -0.17779821544835175,
            -0.18933508427010012,
            0.9125798979206166,
            -0.16248215585394626,
            -0.18966352977541934,
            -0.19330091790055035,
            5.327750919036862e-09
        ],
        [
            0.0,
            -8.326672684688674e-17,
            -0.7114031311473106,
            -0.2747820907072112,
            -0.004090853270595912,
            0.4914549236884344,
            0.41134356129333416,
            0.0874767689397226,
            8.212036254475192e-07
        ]
    ],
    "explained_variance_": [
        0.002403238325631854,
        3.090336054810257e-05
    ],
    "explained_variance_ratio_": [
        0.9861800306318703,
        0.01268133781277925
    ],
    "mean_": [
        0.0,
        0.0,
        0.1297288503702366,
        0.13218892313738964,
        0.3199320105187701,
        0.14395497455577516,
        0.13870456623978078,
        0.1354906730617559,
        2.116291773591797e-09
    ],
    "n_components_": 2,
    "n_features_": 9,
    "n_samples_": 474,
    "name": "pca_RPCRunsummaryAllHitsSummaryHistogramsBxDistribution_Disk_-2_default_pca",
    "noise_variance_": 3.9639285027599084e-07,
    "singular_values_": [
        1.0661762180914875,
        0.12090198318990683
    ]
}