{
    "components_": [
        [
            -0.0,
            -1.1102230246251565e-16,
            0.1986101579086327,
            0.20152275717535906,
            -0.9115627991410761,
            0.13729609944279347,
            0.1781903069511339,
            0.1959434671646141,
            1.049854261816268e-08
        ],
        [
            -0.0,
            -5.551115123125783e-17,
            0.39230655957046273,
            0.31835757808073295,
            0.048343507272971015,
            -0.8104815544299173,
            -0.17944810820618234,
            0.23092195108128516,
            6.663064752507223e-08
        ]
    ],
    "explained_variance_": [
        0.0033712391226160283,
        2.590094532025969e-05
    ],
    "explained_variance_ratio_": [
        0.9914811722692433,
        0.0076174660695931705
    ],
    "mean_": [
        0.0,
        0.0,
        0.08230365434105422,
        0.08344451963060008,
        0.5260746550254721,
        0.12390765644966016,
        0.09792525225217029,
        0.08634426175022197,
        5.508209010577271e-10
    ],
    "n_components_": 2,
    "n_features_": 9,
    "n_samples_": 474,
    "name": "pca_RPCRunsummaryAllHitsSummaryHistogramsBxDistribution_Wheel_0_default_pca",
    "noise_variance_": 4.378306172811472e-07,
    "singular_values_": [
        1.2627731803445073,
        0.11068490021896768
    ]
}