{
    "components_": [
        [
            0.8509533887368425,
            -0.2225346529120063,
            -0.4647291254285103,
            -0.0952258929263156,
            -0.032968305311404364,
            -0.011850514655938255,
            -0.006553801923824242,
            -0.0045381062232364225,
            -0.0030991403624697792,
            -0.002396657951354238,
            -0.0018811647702129907,
            -0.0014940487894070959,
            -0.0011867376888584108,
            -0.0009745892639490917,
            -0.000800340240936359,
            -0.0007203102884190615
        ],
        [
            0.09193561194444737,
            -0.8286672590783771,
            0.5405436808450647,
            0.10170073464447882,
            0.04333032364464732,
            0.016184049659401473,
            0.00933290983413043,
            0.006905274148223991,
            0.004498135872848423,
            0.003569137483198541,
            0.002720638445350253,
            0.0021315592497079634,
            0.0018272874258566127,
            0.0015913971741953316,
            0.0012974290587647612,
            0.0010990896480606957
        ]
    ],
    "explained_variance_": [
        0.00558496515475753,
        8.90731567314446e-05
    ],
    "explained_variance_ratio_": [
        0.9839377460689277,
        0.01569256721233508
    ],
    "mean_": [
        0.46614469595181296,
        0.2746558202471413,
        0.19362740261479228,
        0.03962171408213214,
        0.01269417141353704,
        0.004486956604236607,
        0.0024644037762016394,
        0.001722380283191123,
        0.0011406897430584573,
        0.0008720294635653182,
        0.0006871121784346782,
        0.0005480280138363079,
        0.0004384473607702174,
        0.0003501777768414391,
        0.00028479799495990927,
        0.0002611724954882534
    ],
    "n_components_": 2,
    "n_features_": 16,
    "n_samples_": 474,
    "name": "pca_RPCRunsummaryAllHitsSummaryHistogramsClusterSize_Ring2_default_pca",
    "noise_variance_": 1.4988516808195327e-07,
    "singular_values_": [
        1.6253272034271473,
        0.20525984296489486
    ]
}