{
    "components_": [
        [
            0.8531347724369731,
            -0.2987266551961338,
            -0.4200274537659836,
            -0.0750999467676123,
            -0.025839386440698678,
            -0.01050323702874795,
            -0.006266641692591651,
            -0.004425799560666471,
            -0.003028432006622738,
            -0.002349856789585664,
            -0.0018388815783359793,
            -0.0014524163459092615,
            -0.001176515382140864,
            -0.0009585856552311786,
            -0.000774069131974872,
            -0.0006668950947385968
        ],
        [
            0.023044670247058682,
            -0.797248130967115,
            0.5955097446967487,
            0.08457897198806404,
            0.03981857608261476,
            0.016648845425540803,
            0.010089122152874393,
            0.006938612074022019,
            0.0051275356138894765,
            0.00396414134340013,
            0.0029964658177704063,
            0.002301243443251061,
            0.0019363348554140834,
            0.0016595330214813119,
            0.0013901910831743633,
            0.0012441431218109668
        ]
    ],
    "explained_variance_": [
        0.004605627499582356,
        5.229735759159604e-05
    ],
    "explained_variance_ratio_": [
        0.9885629750511855,
        0.011225230744942364
    ],
    "mean_": [
        0.5495872486249104,
        0.251425932419701,
        0.15029814443834644,
        0.027843834542858884,
        0.009055026201333884,
        0.0036814360034525223,
        0.0021943593375080774,
        0.0015752699546568837,
        0.0010787426810655901,
        0.0008279338933728783,
        0.0006541502510110272,
        0.0005269058425885468,
        0.0004217089004534607,
        0.00033259261207317105,
        0.00026697797730396074,
        0.00022973631936288734
    ],
    "n_components_": 2,
    "n_features_": 16,
    "n_samples_": 474,
    "name": "pca_RPCRunsummaryAllHitsSummaryHistogramsClusterSize_Endcap+_default_pca",
    "noise_variance_": 7.048074790110777e-08,
    "singular_values_": [
        1.4759613163299552,
        0.1572788928649516
    ]
}