{
    "components_": [
        [
            0.8596631431769314,
            -0.2453019240588666,
            -0.43945173164260576,
            -0.079788165531369,
            -0.028062961683398547,
            -0.014398073271275243,
            -0.00995262132230947,
            -0.006700348379391447,
            -0.0076019464439865125,
            -0.0061911485415785,
            -0.0052729518613177555,
            -0.00443026325827904,
            -0.0036259016861469777,
            -0.003343238219053669,
            -0.0031280936266811538,
            -0.002413773650672342
        ],
        [
            -0.22876190046740696,
            -0.8613981115079443,
            -0.03814298196675137,
            0.23939276373084722,
            0.20940055273742483,
            0.19761046569470905,
            0.15926367412216647,
            0.18850369558124652,
            0.03631421541782496,
            0.027381933402413607,
            0.019687640309532035,
            0.015520738944301966,
            0.011999864298506982,
            0.00986936735012145,
            0.012714181184394274,
            0.0006439011686130606
        ]
    ],
    "explained_variance_": [
        0.005639203363921974,
        0.00011315673251496085
    ],
    "explained_variance_ratio_": [
        0.9676406401643373,
        0.01941675907455293
    ],
    "mean_": [
        0.49449905475834716,
        0.22979915465493755,
        0.178810711065935,
        0.03829539199192357,
        0.016427198153654544,
        0.009589798241435346,
        0.006996755469119526,
        0.0060649251717244425,
        0.0041944640635439255,
        0.003452695384259115,
        0.002819400466162534,
        0.002400535159394613,
        0.002002133943564423,
        0.0017639197551360462,
        0.0017087338464819434,
        0.0011751278743794395
    ],
    "n_components_": 2,
    "n_features_": 16,
    "n_samples_": 474,
    "name": "pca_RPCRunsummaryAllHitsSummaryHistogramsClusterSize_Layer1_default_pca",
    "noise_variance_": 5.387622718636089e-06,
    "singular_values_": [
        1.6332002911875487,
        0.2313506742578817
    ]
}