{
    "components_": [
        [
            -0.0,
            1.1102230246251565e-16,
            -0.16846353517759163,
            -0.16888072464146275,
            0.912472196566135,
            -0.18006642182291965,
            -0.19345995559210877,
            -0.20160148305009995,
            -7.628195236078435e-08
        ],
        [
            0.0,
            2.7755575615628914e-17,
            -0.6339666288557279,
            -0.4399896816752613,
            0.02506093691669742,
            0.19431714096596647,
            0.4054216141403309,
            0.44915643875168115,
            1.797563134828274e-07
        ]
    ],
    "explained_variance_": [
        0.0006745364906502701,
        0.0001043090335615867
    ],
    "explained_variance_ratio_": [
        0.8651424660093472,
        0.1337839772545547
    ],
    "mean_": [
        0.0,
        0.0,
        0.14645216900718214,
        0.14995118556620693,
        0.22100750350859952,
        0.15947096196718022,
        0.16163270447217282,
        0.16148547178835532,
        3.6903026980419018e-09
    ],
    "n_components_": 2,
    "n_features_": 9,
    "n_samples_": 474,
    "name": "pca_RPCRunsummaryAllHitsSummaryHistogramsBxDistribution_Disk_-4_default_pca",
    "noise_variance_": 1.1957620882982743e-07,
    "singular_values_": [
        0.5648502103014371,
        0.22212197746875592
    ]
}