{
    "components_": [
        [
            0.0,
            2.220446049250313e-16,
            -0.202335019856804,
            -0.2067634266661806,
            0.9101608947083667,
            -0.11519218656211687,
            -0.1829498261650322,
            -0.2029204083814477,
            -2.7076785199255222e-08
        ],
        [
            0.0,
            2.7755575615628914e-16,
            -0.5664926709267443,
            -0.22561985723590972,
            -0.06294132216739277,
            0.7334255153046375,
            0.25944763303075147,
            -0.13781895002392888,
            -3.479814133548271e-07
        ]
    ],
    "explained_variance_": [
        0.0014104790827806513,
        2.6484976117835753e-05
    ],
    "explained_variance_ratio_": [
        0.979751151250818,
        0.01839707242672763
    ],
    "mean_": [
        0.0,
        0.0,
        0.13214006399707054,
        0.13461998124868482,
        0.29474447611448734,
        0.15765295499814191,
        0.14344467486407989,
        0.13739784663611232,
        2.1414237185936667e-09
    ],
    "n_components_": 2,
    "n_features_": 9,
    "n_samples_": 474,
    "name": "pca_RPCRunsummaryAllHitsSummaryHistogramsBxDistribution_Wheel_2_default_pca",
    "noise_variance_": 3.808389457547417e-07,
    "singular_values_": [
        0.8167965512630719,
        0.11192584019669592
    ]
}