{
    "components_": [
        [
            -0.0,
            -1.1102230246251565e-16,
            -0.1804043899372293,
            -0.19100797447226514,
            0.9126268712816278,
            -0.1632121007350466,
            -0.1881936620399452,
            -0.1898087440971412,
            -0.0
        ],
        [
            0.0,
            2.8102520310824275e-16,
            -0.6023530684775721,
            0.10807220174973997,
            -0.011782249599945218,
            0.6970893203005931,
            0.15063048712339133,
            -0.3416566910962064,
            0.0
        ]
    ],
    "explained_variance_": [
        0.003870155721455949,
        1.6324554494462127e-05
    ],
    "explained_variance_ratio_": [
        0.9944728220625476,
        0.0041947474327762345
    ],
    "mean_": [
        0.0,
        0.0,
        0.11156115921658405,
        0.1138057317693407,
        0.41831051987293455,
        0.12705950385361117,
        0.11641129623209094,
        0.11285178905543841,
        0.0
    ],
    "n_components_": 2,
    "n_features_": 9,
    "n_samples_": 474,
    "name": "pca_RPCRunsummaryAllHitsSummaryHistogramsBxDistribution_Disk_-1_default_pca",
    "noise_variance_": 7.407677180042338e-07,
    "singular_values_": [
        1.3529906342058189,
        0.08787214732712856
    ]
}