{
    "components_": [
        [
            0.8504322518664397,
            -0.25196833349246645,
            -0.45324864293600986,
            -0.08240483074579848,
            -0.02925302164016664,
            -0.010789493806856182,
            -0.006117361773475712,
            -0.004347512105842821,
            -0.0030218604990707378,
            -0.002335829923210935,
            -0.0018623685159491656,
            -0.0014433978137265646,
            -0.0011708541768138641,
            -0.0009693501387893225,
            -0.0008037049780638486,
            -0.0006956893201992383
        ],
        [
            0.06921255658148547,
            -0.816617837581999,
            0.5616811053540601,
            0.105239909342673,
            0.03814865618903249,
            0.014771929652252866,
            0.006945447549093139,
            0.005032908445273619,
            0.00382216009928161,
            0.0028186795504423954,
            0.0022330846239866143,
            0.001580404690599194,
            0.0012995559966974925,
            0.0013347278501840449,
            0.0010224095337456305,
            0.0014743021231914007
        ]
    ],
    "explained_variance_": [
        0.003943429466923455,
        2.591805340632657e-05
    ],
    "explained_variance_ratio_": [
        0.992940260397996,
        0.006526065424561735
    ],
    "mean_": [
        0.5594398271678862,
        0.2332998700634816,
        0.1568858110615597,
        0.029073521206044797,
        0.009951652601316908,
        0.003647255733182487,
        0.0020705982264111363,
        0.0014888594906742054,
        0.001010213672382563,
        0.0007755012153014743,
        0.0006191791264421653,
        0.0004979847779572236,
        0.00039987565838814744,
        0.0003230989855789046,
        0.0002627576862180006,
        0.00025399332717441635
    ],
    "n_components_": 2,
    "n_features_": 16,
    "n_samples_": 474,
    "name": "pca_RPCRunsummaryAllHitsSummaryHistogramsClusterSize_Endcap-_default_pca",
    "noise_variance_": 1.5139066992656553e-07,
    "singular_values_": [
        1.3657386784648058,
        0.11072144896627964
    ]
}