{
    "components_": [
        [
            0.6964276802987353,
            1.1102230246251565e-16,
            0.008122997007541224,
            0.0,
            0.004801375491144478,
            0.0,
            0.0017638351189867849,
            0.0,
            0.0017293815430124062,
            0.0,
            0.0012827304227475782,
            0.0,
            0.002205138501980148,
            0.0,
            0.0012219791404317023,
            -0.7175551175245792
        ],
        [
            -0.6331788685741123,
            -2.220446049250313e-16,
            0.1215049985648919,
            -0.0,
            0.2170962593087105,
            -0.0,
            0.15944000373008835,
            -0.0,
            0.17225463022680798,
            -0.0,
            0.19050096956355506,
            -0.0,
            0.1674556374156896,
            -0.0,
            0.21460630378890863,
            -0.6096799340245723
        ]
    ],
    "explained_variance_": [
        0.0010334820054974997,
        1.7714657942047267e-08
    ],
    "explained_variance_ratio_": [
        0.9999798035320876,
        1.714040503298286e-05
    ],
    "mean_": [
        0.006282519783243918,
        0.0,
        8.26830761273206e-05,
        0.0,
        5.385305979049255e-05,
        0.0,
        2.772518566405262e-05,
        0.0,
        2.618068510589453e-05,
        0.0,
        2.7383705015454218e-05,
        0.0,
        3.472527660735423e-05,
        0.0,
        3.007756487421442e-05,
        0.9934348516635712
    ],
    "n_components_": 2,
    "n_features_": 16,
    "n_samples_": 78,
    "name": "pca_L1TRunsummaryL1TStage2CaloLayer2Energy-SumsMinBiasHFP0_default_pca",
    "noise_variance_": 2.2560355592530028e-10,
    "singular_values_": [
        0.28209593124202886,
        0.0011679163760893326
    ]
}