{
    "components_": [
        [
            -1.0,
            -0.0,
            -0.0,
            -0.0,
            -0.0,
            -0.0,
            -0.0,
            -0.0,
            -0.0,
            -0.0,
            -0.0,
            -0.0,
            -0.0,
            -0.0,
            -0.0,
            -0.0
        ],
        [
            0.0,
            0.0,
            1.0,
            0.0,
            0.0,
            0.0,
            0.0,
            0.0,
            0.0,
            0.0,
            0.0,
            0.0,
            0.0,
            0.0,
            0.0,
            0.0
        ]
    ],
    "explained_variance_": [
        1.600772940789391e-33,
        0.0
    ],
    "explained_variance_ratio_": [
        1.0,
        0.0
    ],
    "mean_": [
        1.0,
        0.0,
        0.0,
        0.0,
        0.0,
        0.0,
        0.0,
        0.0,
        0.0,
        0.0,
        0.0,
        0.0,
        0.0,
        0.0,
        0.0,
        0.0
    ],
    "n_components_": 2,
    "n_features_": 16,
    "n_samples_": 78,
    "name": "pca_L1TRunsummaryL1TStage2CaloLayer2Energy-SumsMinBiasHFP1_default_pca",
    "noise_variance_": 0.0,
    "singular_values_": [
        3.510833468576701e-16,
        0.0
    ]
}