{
    "components_": [
        [
            0.6884362788510677,
            0.0,
            0.01170608138773305,
            0.0,
            0.006589350563165454,
            0.0,
            0.0033243003035568906,
            0.0,
            0.0032602390128533432,
            0.0,
            0.0052373124534993215,
            0.0,
            0.0032487865231348467,
            0.0,
            0.003321324972581932,
            -0.7251236740675919
        ],
        [
            -0.6375767553119973,
            -3.3306690738754696e-16,
            0.2794445679030126,
            3.469446951953614e-18,
            0.18080949018044767,
            8.470329472543003e-22,
            0.19928085051854716,
            -0.0,
            0.14641757072783984,
            -0.0,
            0.20636432911105773,
            -0.0,
            0.09358115669621674,
            -0.0,
            0.12678089547958604,
            -0.5951021053047186
        ]
    ],
    "explained_variance_": [
        0.0009016644676475468,
        2.3450322629183175e-08
    ],
    "explained_variance_ratio_": [
        0.9999657763660296,
        2.6006924876506555e-05
    ],
    "mean_": [
        0.005820271505612019,
        0.0,
        0.00011236677179640695,
        0.0,
        6.252381238182762e-05,
        0.0,
        4.065560906168669e-05,
        0.0,
        4.120572990142438e-05,
        0.0,
        5.3383663164879944e-05,
        0.0,
        4.428943839996036e-05,
        0.0,
        4.534718736002926e-05,
        0.9937799562823219
    ],
    "n_components_": 2,
    "n_features_": 16,
    "n_samples_": 78,
    "name": "pca_L1TRunsummaryL1TStage2CaloLayer2Energy-SumsMinBiasHFM0_default_pca",
    "noise_variance_": 5.29212013777404e-10,
    "singular_values_": [
        0.26349224658206,
        0.001343754011137122
    ]
}