{
    "components_": [
        [
            0.0,
            -2.220446049250313e-16,
            2.7755575615628914e-17,
            0.14633434897074854,
            0.441549833193963,
            0.25869526618638483,
            -0.8465794483510962,
            0.0
        ],
        [
            0.0,
            5.551115123125783e-17,
            1.1102230246251565e-16,
            0.11870287983638435,
            0.5898916443898254,
            -0.7941178927774316,
            0.08552336855122264,
            0.0
        ]
    ],
    "explained_variance_": [
        3.406848649193077e-05,
        7.451182305327004e-06
    ],
    "explained_variance_ratio_": [
        0.7624871897636931,
        0.16676499725784438
    ],
    "mean_": [
        0.0,
        0.0,
        0.0,
        0.051452263753789806,
        0.13734241134644407,
        0.25627835342208966,
        0.5549269714776769,
        0.0
    ],
    "n_components_": 2,
    "n_features_": 8,
    "n_samples_": 396,
    "name": "pca_CSCRunsummaryCSCOfflineMonitorSegmentshSnhitsp13_default_pca",
    "noise_variance_": 5.268440229003235e-07,
    "singular_values_": [
        0.1160045351023513,
        0.05425142404217761
    ]
}