{
    "components_": [
        [
            -0.0,
            5.551115123125783e-17,
            -1.1102230246251565e-16,
            -0.35833324888878904,
            -0.3402147895785962,
            -0.15662443829977377,
            0.8551724767671594,
            -0.0
        ],
        [
            -0.0,
            -1.1102230246251565e-16,
            -5.551115123125783e-17,
            0.4345563762833916,
            0.2753969890412691,
            -0.8465559559187117,
            0.13660259059405128,
            -0.0
        ]
    ],
    "explained_variance_": [
        0.00047843697514813997,
        1.2536911641959424e-05
    ],
    "explained_variance_ratio_": [
        0.9678713854506071,
        0.025361998905745083
    ],
    "mean_": [
        0.0,
        0.0,
        0.0,
        0.12231094931869504,
        0.24428537147687207,
        0.20771692559616683,
        0.4256867536082663,
        0.0
    ],
    "n_components_": 2,
    "n_features_": 8,
    "n_samples_": 396,
    "name": "pca_CSCRunsummaryCSCOfflineMonitorSegmentshSnhitsp11a_default_pca",
    "noise_variance_": 5.574774998005318e-07,
    "singular_values_": [
        0.434721295985733,
        0.0703710174615514
    ]
}