{
    "components_": [
        [
            0.0,
            -3.3306690738754696e-16,
            1.3877787807814457e-17,
            -0.36441547550537146,
            -0.41035502306306004,
            -0.05908728824363815,
            0.8338577868120692,
            0.0
        ],
        [
            0.0,
            0.0,
            0.0,
            -0.1551850087130908,
            -0.45664960433361373,
            0.8445349608346772,
            -0.23270034778796994,
            0.0
        ]
    ],
    "explained_variance_": [
        2.8607280631540523e-05,
        2.6676713249761043e-06
    ],
    "explained_variance_ratio_": [
        0.8683285874991064,
        0.08097292795367769
    ],
    "mean_": [
        0.0,
        0.0,
        0.0,
        0.05401203900941407,
        0.1342558807473838,
        0.20121264962385524,
        0.6105194306193473,
        0.0
    ],
    "n_components_": 2,
    "n_features_": 8,
    "n_samples_": 396,
    "name": "pca_CSCRunsummaryCSCOfflineMonitorSegmentshSnhitsp22_default_pca",
    "noise_variance_": 2.7837882953449084e-07,
    "singular_values_": [
        0.10630087417071651,
        0.032461210288058595
    ]
}