{
    "components_": [
        [
            0.0,
            0.0,
            0.0,
            -0.39023058494571267,
            -0.2183593592357012,
            -0.25016351180494656,
            0.8587534559863601,
            0.0
        ],
        [
            -0.0,
            -8.326672684688674e-17,
            1.1102230246251565e-16,
            -0.6311830291819018,
            -0.06017082926030852,
            0.7693527346357045,
            -0.07799887619349388,
            -0.0
        ]
    ],
    "explained_variance_": [
        0.0009581115122742054,
        5.981414492651528e-06
    ],
    "explained_variance_ratio_": [
        0.9902232272574412,
        0.006181885392879739
    ],
    "mean_": [
        0.0,
        0.0,
        0.0,
        0.0927690267379696,
        0.15113033163470033,
        0.17211182623767848,
        0.5839888153896515,
        0.0
    ],
    "n_components_": 2,
    "n_features_": 8,
    "n_samples_": 396,
    "name": "pca_CSCRunsummaryCSCOfflineMonitorSegmentshSnhitsm21_default_pca",
    "noise_variance_": 5.797182662532631e-07,
    "singular_values_": [
        0.6151861891722791,
        0.04860718799310811
    ]
}