{
    "components_": [
        [
            -0.0,
            1.1102230246251565e-16,
            -0.0,
            0.31994096558483387,
            0.41865833083688875,
            0.10483035517649192,
            -0.8434296515982141,
            -0.0
        ],
        [
            0.0,
            -8.326672684688674e-17,
            -1.1102230246251565e-16,
            -0.38119811193419395,
            -0.29287961932220713,
            0.857480569450827,
            -0.18340283819442735,
            0.0
        ]
    ],
    "explained_variance_": [
        0.000758703912876343,
        4.612109058389006e-06
    ],
    "explained_variance_ratio_": [
        0.989853816174486,
        0.006017253469474788
    ],
    "mean_": [
        0.0,
        0.0,
        0.0,
        0.0875182800797755,
        0.19704830552502012,
        0.19817923955829395,
        0.5172541748369108,
        0.0
    ],
    "n_components_": 2,
    "n_features_": 8,
    "n_samples_": 396,
    "name": "pca_CSCRunsummaryCSCOfflineMonitorSegmentshSnhitsp42_default_pca",
    "noise_variance_": 5.274576181406311e-07,
    "singular_values_": [
        0.5474377093205723,
        0.04268235089663709
    ]
}