{
    "components_": [
        [
            -0.0,
            1.3877787807814457e-17,
            1.1102230246251565e-16,
            -0.34290455358674937,
            -0.34079273132530297,
            -0.17417257450469942,
            0.8578698594167516,
            -0.0
        ],
        [
            -0.0,
            -3.3306690738754696e-16,
            1.1171619185290638e-15,
            -0.6326488867839738,
            -0.026165656936631337,
            0.7664727377456658,
            -0.10765819402506047,
            -0.0
        ]
    ],
    "explained_variance_": [
        0.0006451763116356057,
        5.371830679721097e-06
    ],
    "explained_variance_ratio_": [
        0.9909478698035662,
        0.008250774358903616
    ],
    "mean_": [
        0.0,
        0.0,
        0.0,
        0.09422658169268601,
        0.19364698026469324,
        0.19384021182947492,
        0.518286226213146,
        0.0
    ],
    "n_components_": 2,
    "n_features_": 8,
    "n_samples_": 396,
    "name": "pca_CSCRunsummaryCSCOfflineMonitorSegmentshSnhits_default_pca",
    "noise_variance_": 8.69564416252419e-08,
    "singular_values_": [
        0.5048213972248643,
        0.04606379400885074
    ]
}