{
    "components_": [
        [
            -0.07172980269516416,
            -0.05181195691944711,
            -0.05289791260236898,
            -0.05425751061551745,
            -0.062048177115967676,
            -0.11919555962146017,
            -0.11732460432896176,
            -0.01577538754515215,
            0.9578313149359855,
            0.028538540392582808,
            -0.09027457194099806,
            -0.12072665584407195,
            -0.06660824814611921,
            -0.056450473286235654,
            -0.054120997915104316,
            -0.05314799675199927,
            0.0
        ],
        [
            -0.013990342678715541,
            -0.10044878273301307,
            -0.13846122486025178,
            -0.147971854427728,
            -0.17581905373788995,
            -0.3417375255815195,
            -0.008068077823227634,
            0.4525251725310759,
            -0.08778398327034567,
            0.6683917105808201,
            0.3115152969293718,
            -0.0466634392684395,
            -0.026591362187974713,
            -0.0800507412730938,
            -0.12132113175279921,
            -0.14352466044626924,
            -0.0
        ]
    ],
    "explained_variance_": [
        0.003312130426346349,
        7.635262476263327e-05
    ],
    "explained_variance_ratio_": [
        0.9684886520606256,
        0.022326008073065194
    ],
    "mean_": [
        0.020662986580391934,
        0.014365681105092853,
        0.014444310336753698,
        0.0147208947439507,
        0.019781363032655076,
        0.06562856738006131,
        0.0774239120145408,
        0.10505505497230938,
        0.3117025769535385,
        0.1175299353959943,
        0.08880628709706145,
        0.07466194497766745,
        0.027306146999150793,
        0.01770582348222661,
        0.015430796005583801,
        0.014773718923021522,
        0.0
    ],
    "n_components_": 2,
    "n_features_": 17,
    "n_samples_": 396,
    "name": "pca_CSCRunsummaryCSCOfflineMonitorDigishWireTBin_p41_default_pca",
    "noise_variance_": 2.0941937786470822e-06,
    "singular_values_": [
        1.1438057170720943,
        0.17366429333988073
    ]
}