{
    "components_": [
        [
            -0.07662237297003471,
            -0.05434441119626596,
            -0.0551258387867859,
            -0.05676680092732163,
            -0.06520719165594646,
            -0.11646371126091018,
            -0.11267118499693701,
            -0.0012258155689982492,
            0.958371622499146,
            0.022264015060780927,
            -0.08658203570067534,
            -0.1161508978496218,
            -0.06849481679337877,
            -0.058915453019199385,
            -0.056773813656143514,
            -0.055291293177708055,
            0.0
        ],
        [
            -0.0221633953225209,
            -0.10537988608865059,
            -0.14374877015417817,
            -0.15118641440612576,
            -0.1861761312875186,
            -0.3283886038170362,
            0.0317329845190561,
            0.3255295178992394,
            -0.08432549739395818,
            0.720258681588493,
            0.35197309343114896,
            -0.024343442761513557,
            -0.028864809198791377,
            -0.08240958872304194,
            -0.12421278260022359,
            -0.148294955684379,
            -0.0
        ]
    ],
    "explained_variance_": [
        0.0030751336994658015,
        7.724714861743861e-05
    ],
    "explained_variance_ratio_": [
        0.9677282306082996,
        0.024309267094330303
    ],
    "mean_": [
        0.021060834354831876,
        0.014437869511965568,
        0.014517581807441863,
        0.014796601435446382,
        0.0206952143965643,
        0.06661908754879631,
        0.07843515662467046,
        0.10941904940214908,
        0.3043234582812291,
        0.11560619838622155,
        0.08959560403529236,
        0.0748313396943887,
        0.02732892286030716,
        0.01790813047043136,
        0.015560500649887588,
        0.014864450540376321,
        0.0
    ],
    "n_components_": 2,
    "n_features_": 17,
    "n_samples_": 396,
    "name": "pca_CSCRunsummaryCSCOfflineMonitorDigishWireTBin_m41_default_pca",
    "noise_variance_": 1.686820629474028e-06,
    "singular_values_": [
        1.1021242267952336,
        0.17467862978592502
    ]
}