{
    "components_": [
        [
            0.007222438307285259,
            0.005014331728043666,
            0.004966996130247426,
            0.005065075687307917,
            0.012489493784699632,
            0.14789019521031538,
            0.17897272436557726,
            0.13797342008616498,
            -0.9328312578346027,
            0.05157654338407643,
            0.1531486213713555,
            0.17046422097251726,
            0.03527770624515923,
            0.010473459910936081,
            0.006545773246820972,
            0.005750257404095376,
            -0.0
        ],
        [
            -0.009547715353291573,
            -0.013856550786500551,
            -0.01537851445541848,
            -0.015087826012221231,
            -0.0552648735944159,
            -0.49049166657754656,
            -0.08037485427908074,
            0.2927997108608661,
            -0.046067517144662784,
            0.7023885743500317,
            0.20046866789535012,
            -0.3496703609858738,
            -0.06766570673642812,
            -0.018795797989141896,
            -0.015298502090989952,
            -0.01815706710067656,
            0.0
        ]
    ],
    "explained_variance_": [
        0.002857386501774581,
        3.588891165850873e-05
    ],
    "explained_variance_ratio_": [
        0.982117411339878,
        0.012335441842386361
    ],
    "mean_": [
        0.0016218110687823658,
        0.001107811268816932,
        0.0011152031553975563,
        0.0011269776869615952,
        0.0034948401761096316,
        0.04837896706479577,
        0.06016084963293834,
        0.09064453103948764,
        0.5106282562288109,
        0.12674739093160503,
        0.076375245021555,
        0.05924045993170132,
        0.01261403845933349,
        0.0035679169457229183,
        0.0017408988212183965,
        0.0014348025667629911,
        0.0
    ],
    "n_components_": 2,
    "n_features_": 17,
    "n_samples_": 396,
    "name": "pca_CSCRunsummaryCSCOfflineMonitorDigishWireTBin_p12_default_pca",
    "noise_variance_": 1.0759299079957975e-06,
    "singular_values_": [
        1.0623877202796348,
        0.11906351290429384
    ]
}