{
    "components_": [
        [
            -0.09809717250877278,
            -0.07387832792148162,
            -0.07439516455094358,
            -0.07644853725286194,
            -0.07995106517022121,
            -0.10229735620953162,
            -0.07640160599120217,
            0.006887723585853145,
            0.9560355336765709,
            0.058232515505036296,
            -0.04626069244030659,
            -0.0942664733161884,
            -0.07595529071737561,
            -0.07530963867097186,
            -0.07407191634033566,
            -0.07382253167726743,
            -0.0
        ],
        [
            0.0391000149061997,
            0.09769655213191665,
            0.12578974575175922,
            0.12296502154720479,
            0.1436836214938361,
            0.275176325762445,
            -0.0028500742399178,
            -0.48235263749277285,
            0.14735256910925879,
            -0.7186686871185781,
            -0.2097237322481764,
            0.0895329233898373,
            0.047483948441177024,
            0.07947223252832869,
            0.11637306334095368,
            0.12896911269652764,
            -0.0
        ]
    ],
    "explained_variance_": [
        0.0024605324747053684,
        6.203832534376223e-05
    ],
    "explained_variance_ratio_": [
        0.9576391740687425,
        0.02414531458273981
    ],
    "mean_": [
        0.02592302769361743,
        0.01878290027604233,
        0.018916214148469168,
        0.019142277869971847,
        0.023922361286309184,
        0.0735675683626802,
        0.08603502329392632,
        0.10498031505784584,
        0.2477037512420432,
        0.11345019033345907,
        0.09388710053971198,
        0.0818705046406067,
        0.03135191157414628,
        0.021699468476986644,
        0.019680493251142378,
        0.01908689195304131,
        0.0
    ],
    "n_components_": 2,
    "n_features_": 17,
    "n_samples_": 396,
    "name": "pca_CSCRunsummaryCSCOfflineMonitorDigishWireTBin_p21_default_pca",
    "noise_variance_": 3.120163170014906e-06,
    "singular_values_": [
        0.9858551250100699,
        0.1565411719350091
    ]
}