{
    "components_": [
        [
            0.0,
            0.0,
            -0.4980883891335551,
            -0.4417005612884309,
            -0.11474245973668969,
            -0.07470216732676278,
            -0.055581963322335025,
            0.010131623268690649,
            0.019187599278796333,
            0.15471903064645567,
            0.43043655895896793,
            0.570340728654863,
            0.0,
            0.0,
            0.0,
            0.0
        ],
        [
            0.0,
            5.551115123125783e-17,
            -0.1794815143176127,
            -0.18201544806958925,
            -0.054317447591280946,
            -0.014102900990918751,
            0.04420911443663325,
            0.017531450941406138,
            0.24162094050003136,
            0.48629136047703425,
            0.3538366756868516,
            -0.7135722310725543,
            0.0,
            0.0,
            0.0,
            0.0
        ]
    ],
    "explained_variance_": [
        0.0010020709575444173,
        0.00018191786843142096
    ],
    "explained_variance_ratio_": [
        0.7865888730086663,
        0.1427988407729774
    ],
    "mean_": [
        0.0,
        0.0,
        0.131234046298377,
        0.13569902010937307,
        0.02094250335849448,
        0.021426249586871476,
        0.057441545234671126,
        0.09109626305171295,
        0.07294646941512582,
        0.10984164155431908,
        0.17769101646701252,
        0.1816812449240428,
        0.0,
        0.0,
        0.0,
        0.0
    ],
    "n_components_": 2,
    "n_features_": 16,
    "n_samples_": 311,
    "name": "pca_DTRunsummary02-SegmentsWheel-2Sector7Station2h4DSegmNHits_W-2_St2_Sec7_default_pca",
    "noise_variance_": 6.425440613012343e-06,
    "singular_values_": [
        0.5573526682799405,
        0.2374753444333548
    ]
}