{
    "components_": [
        [
            -0.0,
            -2.220446049250313e-16,
            -0.8323188148704772,
            -0.03937717837860483,
            0.03042263099522794,
            0.09361918523430458,
            0.2829663277063713,
            0.4646878493131781,
            -0.0,
            -0.0,
            -0.0,
            -0.0,
            -0.0,
            -0.0,
            -0.0,
            -0.0
        ],
        [
            0.0,
            -2.7755575615628914e-17,
            -0.20704782966111931,
            -0.060239518627581395,
            0.15405825792723515,
            0.3997368397016493,
            0.46045779639562134,
            -0.7469655457358053,
            0.0,
            0.0,
            0.0,
            0.0,
            0.0,
            0.0,
            0.0,
            0.0
        ]
    ],
    "explained_variance_": [
        0.002553564394508981,
        0.00046988957616752046
    ],
    "explained_variance_ratio_": [
        0.8317497975817626,
        0.15305294853872964
    ],
    "mean_": [
        0.0,
        0.0,
        0.2460915618024583,
        0.14987968648545472,
        0.05138450789595598,
        0.0961686241972735,
        0.19679372703211215,
        0.2596818925867455,
        0.0,
        0.0,
        0.0,
        0.0,
        0.0,
        0.0,
        0.0,
        0.0
    ],
    "n_components_": 2,
    "n_features_": 16,
    "n_samples_": 250,
    "name": "pca_DTRunsummary02-SegmentsWheel-2Sector12Station4h4DSegmNHits_W-2_St4_Sec12_default_pca",
    "noise_variance_": 3.33266141485719e-06,
    "singular_values_": [
        0.7973942150735333,
        0.34205628844637925
    ]
}