{
    "components_": [
        [
            -0.0,
            5.551115123125783e-17,
            0.35333287618557263,
            0.29023145836941056,
            0.09690306234396068,
            0.07555134857805551,
            0.054412074234091355,
            -0.053106200422784605,
            0.11231948491185081,
            0.11197771343123655,
            -0.2026916335502865,
            -0.8389301840811069,
            -0.0,
            -0.0,
            -0.0,
            -0.0
        ],
        [
            0.0,
            -2.7755575615628914e-16,
            -0.3413300893673238,
            -0.43077044923558183,
            -0.14774113436792619,
            -0.0743189066618275,
            0.029387228594937843,
            0.0673426617810407,
            0.23657137417850443,
            0.5133058378751186,
            0.4829504740679885,
            -0.33539699686493124,
            0.0,
            0.0,
            0.0,
            0.0
        ]
    ],
    "explained_variance_": [
        0.0004130753525290585,
        0.00025588736095296397
    ],
    "explained_variance_ratio_": [
        0.5554295654967978,
        0.34407137787343256
    ],
    "mean_": [
        0.0,
        0.0,
        0.07299568769580483,
        0.08328333720949298,
        0.015262863347242821,
        0.017780536254824907,
        0.052150564446367315,
        0.09244735306487539,
        0.08207836296629008,
        0.1340812499866816,
        0.22222736740702492,
        0.22769267762139508,
        0.0,
        0.0,
        0.0,
        0.0
    ],
    "n_components_": 2,
    "n_features_": 16,
    "n_samples_": 256,
    "name": "pca_DTRunsummary02-SegmentsWheel2Sector4Station3h4DSegmNHits_W2_St3_Sec4_default_pca",
    "noise_variance_": 5.338684278285775e-06,
    "singular_values_": [
        0.3245523299791729,
        0.2554432951615795
    ]
}