{
    "components_": [
        [
            -0.0,
            3.3306690738754696e-16,
            -0.5200059848430146,
            -0.4078669686239811,
            -0.11312510182947033,
            -0.07912102117294081,
            -0.07427387703684724,
            -0.0305353851689336,
            0.030313762099519484,
            0.19770980932286603,
            0.47827544060643107,
            0.5186293266463708,
            -0.0,
            -0.0,
            -0.0,
            -0.0
        ],
        [
            0.0,
            -1.1102230246251565e-16,
            -0.7794928704433479,
            0.3179173251753001,
            0.1784775837409071,
            0.12231925919876235,
            0.15888606457765717,
            0.2411340792248597,
            0.207603012526118,
            0.02731598812082913,
            -0.18781802420189098,
            -0.28634241791919407,
            0.0,
            0.0,
            0.0,
            0.0
        ]
    ],
    "explained_variance_": [
        0.0011218779999294351,
        5.925829021944051e-05
    ],
    "explained_variance_ratio_": [
        0.9021805395797732,
        0.04765373440615853
    ],
    "mean_": [
        0.0,
        0.0,
        0.13115144044130378,
        0.1271336364483761,
        0.026732638776263282,
        0.02813269644740022,
        0.061145152577404556,
        0.08450351463550992,
        0.0727838035483903,
        0.11371275919060095,
        0.1822216367255936,
        0.17248272120915725,
        0.0,
        0.0,
        0.0,
        0.0
    ],
    "n_components_": 2,
    "n_features_": 16,
    "n_samples_": 350,
    "name": "pca_DTRunsummary02-SegmentsWheel1Sector2Station1h4DSegmNHits_W1_St1_Sec2_default_pca",
    "noise_variance_": 4.4558569802040555e-06,
    "singular_values_": [
        0.625727913693622,
        0.14380939915938992
    ]
}