{
    "components_": [
        [
            -0.0,
            -1.1102230246251565e-16,
            -0.7836006244989648,
            -0.1295247637965105,
            0.009198089476873117,
            0.08893012479002657,
            0.28689587546555584,
            0.52810129856302,
            -0.0,
            -0.0,
            -0.0,
            -0.0,
            -0.0,
            -0.0,
            -0.0,
            -0.0
        ],
        [
            -0.0,
            -0.0,
            -0.27272134864269587,
            0.007545597214806243,
            0.14250441037392314,
            0.3684491357591929,
            0.4850997929839685,
            -0.7308775876891948,
            -0.0,
            -0.0,
            -0.0,
            -0.0,
            -0.0,
            -0.0,
            -0.0,
            -0.0
        ]
    ],
    "explained_variance_": [
        0.0021439148047799174,
        0.00022657484194342313
    ],
    "explained_variance_ratio_": [
        0.8928058557192172,
        0.09435419037861908
    ],
    "mean_": [
        0.0,
        0.0,
        0.179815370901513,
        0.09643066697270596,
        0.04753339268369029,
        0.1046657640869723,
        0.23430673400860408,
        0.3372480713465144,
        0.0,
        0.0,
        0.0,
        0.0,
        0.0,
        0.0,
        0.0,
        0.0
    ],
    "n_components_": 2,
    "n_features_": 16,
    "n_samples_": 251,
    "name": "pca_DTRunsummary02-SegmentsWheel0Sector1Station4h4DSegmNHits_W0_St4_Sec1_default_pca",
    "noise_variance_": 2.2023478874574607e-06,
    "singular_values_": [
        0.7321056625890687,
        0.23799939177623078
    ]
}