{
    "components_": [
        [
            0.0,
            -1.1102230246251565e-16,
            -0.8576103333526672,
            -0.0649356839590643,
            0.06838712130359645,
            0.19610934558671095,
            0.34687966087172384,
            0.31116988954969993,
            0.0,
            0.0,
            0.0,
            0.0,
            0.0,
            0.0,
            0.0,
            0.0
        ],
        [
            -0.0,
            -0.0,
            -0.06083647149664728,
            -0.05998958403908502,
            0.19893632399292574,
            0.47486427699477274,
            0.259580823234859,
            -0.8125553686868251,
            -0.0,
            -0.0,
            -0.0,
            -0.0,
            -0.0,
            -0.0,
            -0.0,
            -0.0
        ]
    ],
    "explained_variance_": [
        0.0067116842991739485,
        0.0009305582559765412
    ],
    "explained_variance_ratio_": [
        0.8732817086149399,
        0.12107832661988428
    ],
    "mean_": [
        0.0,
        0.0,
        0.3750849394813055,
        0.12382060375232619,
        0.044573845175411055,
        0.09259366854545953,
        0.1740873370552002,
        0.1898396059902975,
        0.0,
        0.0,
        0.0,
        0.0,
        0.0,
        0.0,
        0.0,
        0.0
    ],
    "n_components_": 2,
    "n_features_": 16,
    "n_samples_": 256,
    "name": "pca_DTRunsummary02-SegmentsWheel1Sector3Station4h4DSegmNHits_W1_St4_Sec3_default_pca",
    "noise_variance_": 3.0961750853867076e-06,
    "singular_values_": [
        1.30823526029891,
        0.487126631661643
    ]
}