{
    "components_": [
        [
            0.0,
            -1.1102230246251565e-16,
            -0.32064677323439966,
            -0.5882194078574009,
            -0.2007916057378315,
            -0.137647023574452,
            -0.041304483110889856,
            0.01474711244678623,
            0.11090324431808032,
            0.2634171926932576,
            0.49290000193446953,
            0.40664174212237997,
            0.0,
            0.0,
            0.0,
            0.0
        ],
        [
            -0.0,
            -0.0,
            0.06866715176661871,
            0.06682610782136156,
            0.043861257874255266,
            0.025279346196926816,
            -0.021325736354701946,
            -0.0893045737677218,
            -0.2519514072716184,
            -0.4152685171906412,
            -0.2517272988887583,
            0.82494366981428,
            -0.0,
            -0.0,
            -0.0,
            -0.0
        ]
    ],
    "explained_variance_": [
        0.00024957509540934046,
        7.603075553816787e-05
    ],
    "explained_variance_ratio_": [
        0.6720486981654811,
        0.20473344985066708
    ],
    "mean_": [
        0.0,
        0.0,
        0.03821694666170565,
        0.05904456553094564,
        0.016676808738238336,
        0.015149704636732313,
        0.038982620648696155,
        0.06850311013355839,
        0.08435560527302646,
        0.15246840944353832,
        0.2567127832727883,
        0.26988944566077017,
        0.0,
        0.0,
        0.0,
        0.0
    ],
    "n_components_": 2,
    "n_features_": 16,
    "n_samples_": 266,
    "name": "pca_DTRunsummary02-SegmentsWheel0Sector6Station3h4DSegmNHits_W0_St3_Sec6_default_pca",
    "noise_variance_": 3.2684820150841025e-06,
    "singular_values_": [
        0.2571719274794106,
        0.14194417993568628
    ]
}