{
    "components_": [
        [
            0.0,
            5.551115123125783e-17,
            0.3748384252153616,
            0.4949859223007848,
            0.20202697031287897,
            0.1464414604395748,
            0.07827456024016662,
            0.004412574738631501,
            -0.07525989334925431,
            -0.24864227047688053,
            -0.5135510879085661,
            -0.4635266615126975,
            0.0,
            0.0,
            0.0,
            0.0
        ],
        [
            -0.0,
            -1.1102230246251565e-16,
            -0.05724377130647715,
            -0.10570521373109562,
            -0.044416427367375916,
            -0.024010641087532494,
            0.031089669278449566,
            0.10826236249532491,
            0.14934274322028246,
            0.3995468588517788,
            0.35637867313246563,
            -0.8132442534858197,
            -0.0,
            -0.0,
            -0.0,
            -0.0
        ]
    ],
    "explained_variance_": [
        0.0003190532587835486,
        0.00014417045119291622
    ],
    "explained_variance_ratio_": [
        0.6141633064495897,
        0.27752169444863933
    ],
    "mean_": [
        0.0,
        0.0,
        0.05097850297914537,
        0.07684752050214609,
        0.019052784759762357,
        0.018993625456393836,
        0.04802947782920226,
        0.0710153846199881,
        0.07036252525817252,
        0.1261233537507192,
        0.23625614228372013,
        0.2823406825607502,
        0.0,
        0.0,
        0.0,
        0.0
    ],
    "n_components_": 2,
    "n_features_": 16,
    "n_samples_": 234,
    "name": "pca_DTRunsummary02-SegmentsWheel-1Sector3Station3h4DSegmNHits_W-1_St3_Sec3_default_pca",
    "noise_variance_": 4.019202463352088e-06,
    "singular_values_": [
        0.2726525431690796,
        0.18328042756374582
    ]
}