{
    "components_": [
        [
            -0.0,
            -1.1102230246251565e-16,
            -0.5058976662289294,
            -0.42376796179384896,
            -0.10897239045490405,
            -0.0767336553778568,
            -0.05816931903713431,
            -0.001209817370628398,
            0.00034825374303305845,
            0.16374372994310582,
            0.4514205340047528,
            0.5592382925724103,
            -0.0,
            -0.0,
            -0.0,
            -0.0
        ],
        [
            -0.0,
            2.220446049250313e-16,
            -0.7932013217349612,
            0.35629731063692227,
            0.18729791345157776,
            0.11778271582474917,
            0.18657542072443578,
            0.16717979484711828,
            0.13334571431775305,
            0.05030352642675949,
            -0.08111142362257825,
            -0.3244696508717768,
            -0.0,
            -0.0,
            -0.0,
            -0.0
        ]
    ],
    "explained_variance_": [
        0.0008524215175179568,
        5.0840701537946564e-05
    ],
    "explained_variance_ratio_": [
        0.8896542027789192,
        0.053061358571946195
    ],
    "mean_": [
        0.0,
        0.0,
        0.12431177083966263,
        0.13546908426417203,
        0.022032271511199044,
        0.021862583789626498,
        0.058065652063693976,
        0.09140793028083206,
        0.07189141195037378,
        0.10859380615248435,
        0.1804844295646034,
        0.18588105958335208,
        0.0,
        0.0,
        0.0,
        0.0
    ],
    "n_components_": 2,
    "n_features_": 16,
    "n_samples_": 278,
    "name": "pca_DTRunsummary02-SegmentsWheel-2Sector2Station2h4DSegmNHits_W-2_St2_Sec2_default_pca",
    "noise_variance_": 3.920503042557193e-06,
    "singular_values_": [
        0.48592258678978284,
        0.11867128686422507
    ]
}