{
    "components_": [
        [
            0.0,
            5.551115123125783e-17,
            -0.5492363782108607,
            -0.38439512053448294,
            -0.12059946337537131,
            -0.0804998783364633,
            -0.05032843538356067,
            0.00383389577273692,
            0.03516332932222241,
            0.15589537119908808,
            0.4200739140891494,
            0.5700927654575422,
            0.0,
            0.0,
            0.0,
            0.0
        ],
        [
            0.0,
            0.0,
            -0.7690739112904807,
            0.4438984677951786,
            0.26052007540440736,
            0.17455730347349305,
            0.10657970275133297,
            0.07491107166652695,
            0.08881990161790974,
            0.019499443109110545,
            -0.13655697826716937,
            -0.2631550762603087,
            0.0,
            0.0,
            0.0,
            0.0
        ]
    ],
    "explained_variance_": [
        0.0013054251555875704,
        7.734497008902309e-05
    ],
    "explained_variance_ratio_": [
        0.894079109347831,
        0.05297318017332286
    ],
    "mean_": [
        0.0,
        0.0,
        0.14337113680463817,
        0.12872518038816336,
        0.027818459802909968,
        0.027295081412571726,
        0.06055874645671062,
        0.08276930971374905,
        0.0688209281125638,
        0.10419777997986386,
        0.17461452149807857,
        0.1818288558307508,
        0.0,
        0.0,
        0.0,
        0.0
    ],
    "n_components_": 2,
    "n_features_": 16,
    "n_samples_": 343,
    "name": "pca_DTRunsummary02-SegmentsWheel-1Sector7Station1h4DSegmNHits_W-1_St1_Sec7_default_pca",
    "noise_variance_": 5.521984453628123e-06,
    "singular_values_": [
        0.6681731835467127,
        0.162640646120353
    ]
}