{
    "components_": [
        [
            -0.0,
            -2.220446049250313e-16,
            0.1555934286966817,
            0.25069262205706044,
            0.1901944300495201,
            0.2850161582510565,
            0.010371176933857418,
            -0.8918678159881767,
            -0.0,
            -0.0,
            -0.0,
            -0.0,
            -0.0,
            -0.0,
            -0.0,
            -0.0
        ],
        [
            0.0,
            1.1102230246251565e-16,
            -0.22883448534128142,
            -0.5537514260656973,
            -0.13589715075798564,
            0.32039863610932434,
            0.7119697638759026,
            -0.11388533782026287,
            0.0,
            0.0,
            0.0,
            0.0,
            0.0,
            0.0,
            0.0,
            0.0
        ]
    ],
    "explained_variance_": [
        0.0001796817828341329,
        8.244122319607687e-05
    ],
    "explained_variance_ratio_": [
        0.6051937725744719,
        0.2776737524234428
    ],
    "mean_": [
        0.0,
        0.0,
        0.05159500957574831,
        0.10349431159845998,
        0.07161331542201899,
        0.14625466813809335,
        0.29232147490145693,
        0.33472122036422247,
        0.0,
        0.0,
        0.0,
        0.0,
        0.0,
        0.0,
        0.0,
        0.0
    ],
    "n_components_": 2,
    "n_features_": 16,
    "n_samples_": 184,
    "name": "pca_DTRunsummary02-SegmentsWheel1Sector14Station4h4DSegmNHits_W1_St4_Sec14_default_pca",
    "noise_variance_": 2.4840416986987536e-06,
    "singular_values_": [
        0.18133330157101954,
        0.12282810690099423
    ]
}