{
    "components_": [
        [
            -0.0,
            -0.0,
            0.10395136876260319,
            0.09605002945773204,
            0.019311256658468216,
            0.042176761670092176,
            0.13562504472286496,
            0.004646506954239016,
            0.2616032172114755,
            0.3241834683315635,
            -0.10761025435038693,
            -0.8799373994186517,
            -0.0,
            -0.0,
            -0.0,
            -0.0
        ],
        [
            -0.0,
            -1.6653345369377348e-16,
            -0.07817372198397403,
            -0.058009863310993955,
            0.005611645280635194,
            -0.0030328120187226824,
            0.005169040758463736,
            -0.5264660008378098,
            -0.16962792428770065,
            0.13402311712023438,
            0.8079380401401247,
            -0.11743152086025643,
            -0.0,
            -0.0,
            -0.0,
            -0.0
        ]
    ],
    "explained_variance_": [
        0.00018956543582349472,
        4.664594173637233e-05
    ],
    "explained_variance_ratio_": [
        0.6401596243812903,
        0.1575226433613733
    ],
    "mean_": [
        0.0,
        0.0,
        0.028603626848971674,
        0.037126429052028176,
        0.004516795465285535,
        0.013765957187087823,
        0.06857440914348222,
        0.13280792598523794,
        0.06859289267396816,
        0.1355238459560819,
        0.24840556881506753,
        0.26208254887278915,
        0.0,
        0.0,
        0.0,
        0.0
    ],
    "n_components_": 2,
    "n_features_": 16,
    "n_samples_": 148,
    "name": "pca_DTRunsummary02-SegmentsWheel2Sector12Station1h4DSegmNHits_W2_St1_Sec12_default_pca",
    "noise_variance_": 4.279339941106817e-06,
    "singular_values_": [
        0.16693148015294695,
        0.08280672336982506
    ]
}