{
    "components_": [
        [
            0.0,
            0.0,
            -0.7652697560762505,
            -0.15961282982980549,
            -0.00040570441218554243,
            0.08756160107359033,
            0.29572573161623583,
            0.5420009576284153,
            0.0,
            0.0,
            0.0,
            0.0,
            0.0,
            0.0,
            0.0,
            0.0
        ],
        [
            -0.0,
            -2.220446049250313e-16,
            -0.4329040683557702,
            0.39626718732314725,
            0.17784165027694704,
            0.27205092184128055,
            0.2753145234686723,
            -0.6885702145542774,
            -0.0,
            -0.0,
            -0.0,
            -0.0,
            -0.0,
            -0.0,
            -0.0,
            -0.0
        ]
    ],
    "explained_variance_": [
        0.0013264107284951085,
        0.00015065883056486734
    ],
    "explained_variance_ratio_": [
        0.847917511126054,
        0.09630973113935823
    ],
    "mean_": [
        0.0,
        0.0,
        0.16331072256946988,
        0.12016856893909778,
        0.05233288411232971,
        0.10748566418929412,
        0.23411460853368415,
        0.3225875516561241,
        0.0,
        0.0,
        0.0,
        0.0,
        0.0,
        0.0,
        0.0,
        0.0
    ],
    "n_components_": 2,
    "n_features_": 16,
    "n_samples_": 230,
    "name": "pca_DTRunsummary02-SegmentsWheel-1Sector8Station4h4DSegmNHits_W-1_St4_Sec8_default_pca",
    "noise_variance_": 6.231871719848893e-06,
    "singular_values_": [
        0.5511334292395806,
        0.18574410407696557
    ]
}