{
    "components_": [
        [
            0.0,
            -1.1102230246251565e-16,
            -0.25064607761979135,
            -0.4959950702204238,
            -0.22107834263232887,
            -0.15854794334115863,
            -0.08756733942644641,
            -0.06159568620760701,
            0.01642661370022154,
            0.19436269843963194,
            0.5109523235438649,
            0.5536888237640377,
            0.0,
            0.0,
            0.0,
            0.0
        ],
        [
            0.0,
            -5.551115123125783e-17,
            -0.10768405842156996,
            -0.18920853198737245,
            -0.1425437457242682,
            -0.0963992470226288,
            0.029932669594811712,
            0.14696096833491634,
            0.30359506725702307,
            0.5031007433638884,
            0.2530806990511202,
            -0.7008345644459205,
            0.0,
            0.0,
            0.0,
            0.0
        ]
    ],
    "explained_variance_": [
        0.0004226996839160436,
        0.00020701516976197177
    ],
    "explained_variance_ratio_": [
        0.6266866557216295,
        0.3069168238307534
    ],
    "mean_": [
        0.0,
        0.0,
        0.04512801979109575,
        0.08437643168394238,
        0.026629217774792484,
        0.02305194807462076,
        0.047175663996420265,
        0.07285694075190914,
        0.08357379599313827,
        0.14775315600010142,
        0.24227964498004315,
        0.22717518095393666,
        0.0,
        0.0,
        0.0,
        0.0
    ],
    "n_components_": 2,
    "n_features_": 16,
    "n_samples_": 295,
    "name": "pca_DTRunsummary02-SegmentsWheel0Sector9Station2h4DSegmNHits_W0_St2_Sec9_default_pca",
    "noise_variance_": 3.1988859812034648e-06,
    "singular_values_": [
        0.35252476093363544,
        0.2467031817995457
    ]
}