{
    "components_": [
        [
            0.0,
            -1.1102230246251565e-16,
            0.08922663099108728,
            0.08665772093817951,
            0.02658343160617458,
            0.06751788946160803,
            0.13266649224418475,
            0.17677442937692892,
            0.2897172588875646,
            0.21612239014069776,
            -0.21792731726476872,
            -0.8673389263816569,
            0.0,
            0.0,
            0.0,
            0.0
        ],
        [
            0.0,
            9.71445146547012e-17,
            -0.057916308394825616,
            -0.1012648474583436,
            -0.0003436821330391243,
            0.005524541705236512,
            -0.11858727744030545,
            -0.3293149454358552,
            -0.18020952602680645,
            0.2641048624001149,
            0.8191181534381792,
            -0.3011109706543544,
            0.0,
            0.0,
            0.0,
            0.0
        ]
    ],
    "explained_variance_": [
        0.00022452487077036587,
        5.890399861699053e-05
    ],
    "explained_variance_ratio_": [
        0.6534262393154787,
        0.1714260792796962
    ],
    "mean_": [
        0.0,
        0.0,
        0.033786807748502574,
        0.03517446083561121,
        0.006265651820620645,
        0.02011210905845139,
        0.08210951816855847,
        0.1154445998449142,
        0.07248325701463115,
        0.14172332776988894,
        0.24948887665089073,
        0.24341139108793067,
        0.0,
        0.0,
        0.0,
        0.0
    ],
    "n_components_": 2,
    "n_features_": 16,
    "n_samples_": 154,
    "name": "pca_DTRunsummary02-SegmentsWheel-2Sector11Station1h4DSegmNHits_W-2_St1_Sec11_default_pca",
    "noise_variance_": 4.298770319873983e-06,
    "singular_values_": [
        0.18534374882327695,
        0.09493319645097573
    ]
}