{
    "components_": [
        [
            0.0,
            5.551115123125783e-17,
            -0.5401436150137332,
            -0.39333074400752405,
            -0.11386175890809933,
            -0.0804925577938904,
            -0.05598066815870029,
            -0.0031583802678866735,
            0.034357256401475175,
            0.15809882869105185,
            0.42568041316592364,
            0.5688312258913831,
            0.0,
            0.0,
            0.0,
            0.0
        ],
        [
            0.0,
            -1.6653345369377348e-16,
            -0.1978592675708018,
            -0.1688421823170012,
            -0.03507902742831946,
            -0.022291439218267456,
            0.016264821867896975,
            0.046930083849136175,
            0.24711236153370458,
            0.4956650360337991,
            0.3327278108457702,
            -0.714628197595917,
            0.0,
            0.0,
            0.0,
            0.0
        ]
    ],
    "explained_variance_": [
        0.0010852708025355954,
        0.0001634971888205421
    ],
    "explained_variance_ratio_": [
        0.8098938433698736,
        0.1220113600445781
    ],
    "mean_": [
        0.0,
        0.0,
        0.14384321977049258,
        0.1335658027435558,
        0.02801221004197291,
        0.027631656315897944,
        0.0615858111315256,
        0.08443456796366638,
        0.06957270490305476,
        0.10369081025401045,
        0.1716060237356702,
        0.17605719314015336,
        0.0,
        0.0,
        0.0,
        0.0
    ],
    "n_components_": 2,
    "n_features_": 16,
    "n_samples_": 356,
    "name": "pca_DTRunsummary02-SegmentsWheel-1Sector4Station1h4DSegmNHits_W-1_St1_Sec4_default_pca",
    "noise_variance_": 6.5177232039097065e-06,
    "singular_values_": [
        0.6207021305748325,
        0.24091804007025386
    ]
}