{
    "components_": [
        [
            0.0,
            -2.220446049250313e-16,
            0.20816089304410637,
            0.7813794372221435,
            -0.036511928010391846,
            -0.02312084587776252,
            -0.022257702596252822,
            -0.04703501983889924,
            -0.032147127894643746,
            -0.05421586018211796,
            -0.24958671554937742,
            -0.5246651303168044,
            0.0,
            0.0,
            0.0,
            0.0
        ],
        [
            0.0,
            -3.469446951953614e-18,
            -0.08331169067262845,
            -0.30733851807566426,
            -0.06899762865145406,
            -0.029008770158350097,
            0.05827546278250207,
            0.10683207127539426,
            0.2642747480207148,
            0.4544919156934628,
            0.31409833758894845,
            -0.7093159278029256,
            0.0,
            0.0,
            0.0,
            0.0
        ]
    ],
    "explained_variance_": [
        0.002411624328414002,
        0.0004087738395646585
    ],
    "explained_variance_ratio_": [
        0.8226465929580141,
        0.13943979683990973
    ],
    "mean_": [
        0.0,
        0.0,
        0.04597135662018263,
        0.10095033111180036,
        0.01790890870347007,
        0.01815368103570889,
        0.04291480052160198,
        0.07271662239515157,
        0.07532777409799797,
        0.1318539936232487,
        0.23373165880301114,
        0.2604708730878267,
        0.0,
        0.0,
        0.0,
        0.0
    ],
    "n_components_": 2,
    "n_features_": 16,
    "n_samples_": 280,
    "name": "pca_DTRunsummary02-SegmentsWheel1Sector10Station3h4DSegmNHits_W1_St3_Sec10_default_pca",
    "noise_variance_": 7.938957152267207e-06,
    "singular_values_": [
        0.8202701918438257,
        0.33770978848493527
    ]
}