{
    "components_": [
        [
            0.0,
            0.0,
            -0.31863431225548944,
            -0.47281320640714164,
            -0.23362639032954785,
            -0.15452255658954123,
            -0.07340756097408138,
            0.02904519229273106,
            0.040473485428818845,
            0.1445464177180622,
            0.4011474013619035,
            0.6377915297542863,
            0.0,
            0.0,
            0.0,
            0.0
        ],
        [
            0.0,
            8.326672684688674e-17,
            -0.17104688376597008,
            -0.2622549960805979,
            -0.08421064283607102,
            -0.06102826054817488,
            0.01946163340413202,
            0.11830250040226029,
            0.2761449249233197,
            0.5056115506574904,
            0.3228367952065556,
            -0.6638166213629447,
            0.0,
            0.0,
            0.0,
            0.0
        ]
    ],
    "explained_variance_": [
        0.0006005829036080954,
        5.8508614276788916e-05
    ],
    "explained_variance_ratio_": [
        0.8426359831152963,
        0.08208935588350827
    ],
    "mean_": [
        0.0,
        0.0,
        0.06549122460061735,
        0.10097806460492371,
        0.028200217774192585,
        0.02498923725096756,
        0.050698082577150805,
        0.07813284551386919,
        0.08057225499722404,
        0.13334626624189727,
        0.21759202600491406,
        0.2199997804342433,
        0.0,
        0.0,
        0.0,
        0.0
    ],
    "n_components_": 2,
    "n_features_": 16,
    "n_samples_": 303,
    "name": "pca_DTRunsummary02-SegmentsWheel-1Sector7Station2h4DSegmNHits_W-1_St2_Sec7_default_pca",
    "noise_variance_": 3.832249154363094e-06,
    "singular_values_": [
        0.4258826562442345,
        0.1329270533472786
    ]
}