{
    "components_": [
        [
            -0.0,
            -0.0,
            0.2326591168024748,
            0.3809724910840895,
            0.20281081529876457,
            0.1826409926717001,
            0.16740618576205632,
            0.18072612893052115,
            -0.05240036187384234,
            -0.18422296126953666,
            -0.4773175924933569,
            -0.6332748149128706,
            -0.0,
            -0.0,
            -0.0,
            -0.0
        ],
        [
            0.0,
            9.71445146547012e-17,
            -0.04417591384211175,
            -0.17395434205963134,
            -0.08873663549107356,
            -0.07551997500212168,
            -0.1278596462489151,
            -0.03541536493582549,
            0.3057654998242508,
            0.5651449922103167,
            0.3225735119629345,
            -0.6478221264178228,
            0.0,
            0.0,
            0.0,
            0.0
        ]
    ],
    "explained_variance_": [
        0.0007295922152245334,
        0.00020269770922108925
    ],
    "explained_variance_ratio_": [
        0.6589292330421256,
        0.1830658870658916
    ],
    "mean_": [
        0.0,
        0.0,
        0.06800109653365002,
        0.10176009716790267,
        0.030058946110375705,
        0.029474932588772446,
        0.058884197035718955,
        0.0737311267458527,
        0.08177587158428215,
        0.1374992297958914,
        0.21729624505188444,
        0.20151825738566953,
        0.0,
        0.0,
        0.0,
        0.0
    ],
    "n_components_": 2,
    "n_features_": 16,
    "n_samples_": 296,
    "name": "pca_DTRunsummary02-SegmentsWheel1Sector8Station2h4DSegmNHits_W1_St2_Sec8_default_pca",
    "noise_variance_": 1.2496370145032838e-05,
    "singular_values_": [
        0.46392855429606544,
        0.24453184704700803
    ]
}