{
    "components_": [
        [
            0.0,
            -1.1102230246251565e-16,
            0.013569243858055031,
            -0.021950269465983663,
            -0.010278169012011368,
            0.00010156618743822898,
            0.022251305466398523,
            0.037733216614602244,
            0.18190877187889515,
            0.4049072089566525,
            0.23493424762289733,
            -0.863177122106944,
            0.0,
            0.0,
            0.0,
            0.0
        ],
        [
            0.0,
            2.220446049250313e-16,
            -0.32057616851003384,
            -0.5461025590075078,
            -0.19783851157159538,
            -0.144492037327882,
            -0.08708548077418188,
            -0.006072202486080966,
            0.09669442756766278,
            0.31583949653314713,
            0.5600039047381415,
            0.32962913083833045,
            0.0,
            0.0,
            0.0,
            0.0
        ]
    ],
    "explained_variance_": [
        0.0005451528531535232,
        0.00033896461981354595
    ],
    "explained_variance_ratio_": [
        0.574668957932562,
        0.3573171152227301
    ],
    "mean_": [
        0.0,
        0.0,
        0.04717105664968043,
        0.07309061997595062,
        0.018031872753658085,
        0.018592038074397254,
        0.044556793478830875,
        0.07175390724515705,
        0.07519552002797816,
        0.13162186014545718,
        0.2401161610307628,
        0.2798701706181277,
        0.0,
        0.0,
        0.0,
        0.0
    ],
    "n_components_": 2,
    "n_features_": 16,
    "n_samples_": 288,
    "name": "pca_DTRunsummary02-SegmentsWheel-1Sector5Station3h4DSegmNHits_W-1_St3_Sec5_default_pca",
    "noise_variance_": 4.608614323796322e-06,
    "singular_values_": [
        0.39554881981249945,
        0.31190198121603474
    ]
}