{
    "components_": [
        [
            -0.0,
            -0.0,
            0.06332736154229122,
            0.2157919374003358,
            0.13833407045599047,
            0.22132322495378973,
            0.3496582651176454,
            0.4119094132111833,
            -0.14100726546865322,
            -0.2593068345571162,
            -0.4667008510105966,
            -0.5333293216448699,
            -0.0,
            -0.0,
            -0.0,
            -0.0
        ],
        [
            0.0,
            1.734723475976807e-17,
            0.1458402936581762,
            0.09018187207904155,
            0.02102391626450803,
            -0.06304669078916793,
            -0.16297450349383816,
            -0.23638601891717267,
            0.2712808462876046,
            0.4563707829509024,
            0.22128642408284863,
            -0.7435769221229027,
            0.0,
            0.0,
            0.0,
            0.0
        ]
    ],
    "explained_variance_": [
        0.002960366242187076,
        0.00030420533918630284
    ],
    "explained_variance_ratio_": [
        0.853161103658445,
        0.08767028863538052
    ],
    "mean_": [
        0.0,
        0.0,
        0.06540442876158242,
        0.09957547691143032,
        0.029864443895325884,
        0.027287638184695297,
        0.055676976926545954,
        0.08445771348016548,
        0.07658118498317998,
        0.1265221453510827,
        0.21214908478810235,
        0.22248090671788967,
        0.0,
        0.0,
        0.0,
        0.0
    ],
    "n_components_": 2,
    "n_features_": 16,
    "n_samples_": 338,
    "name": "pca_DTRunsummary02-SegmentsWheel1Sector1Station2h4DSegmNHits_W1_St2_Sec1_default_pca",
    "noise_variance_": 1.4664852871403047e-05,
    "singular_values_": [
        0.9988210168078385,
        0.3201830715478007
    ]
}