{
    "components_": [
        [
            -0.0,
            1.1102230246251565e-16,
            0.1721332417817451,
            0.27732911077177413,
            0.13374140970001538,
            0.18671697778995822,
            0.2960827557632017,
            0.36169009599336976,
            -0.14005408013378678,
            -0.2512318597907072,
            -0.48341165756959315,
            -0.5529959943059772,
            -0.0,
            -0.0,
            -0.0,
            -0.0
        ],
        [
            -0.0,
            -2.7755575615628914e-17,
            -0.7190955536763963,
            -0.27497269743912595,
            0.0038954101340246522,
            0.13768211532875305,
            0.30675559433010413,
            0.49088264649604496,
            -0.12509118056816468,
            -0.055240367244061055,
            0.05885434643341074,
            0.1763296862054106,
            -0.0,
            -0.0,
            -0.0,
            -0.0
        ]
    ],
    "explained_variance_": [
        0.0022819549412330413,
        0.0005078294795183939
    ],
    "explained_variance_ratio_": [
        0.7919818191167926,
        0.17624875396215736
    ],
    "mean_": [
        0.0,
        0.0,
        0.1365097434482938,
        0.13375217094105155,
        0.02935117984678477,
        0.03116438699902138,
        0.06491397539723372,
        0.09086169717521805,
        0.06891302822574134,
        0.10287075189146792,
        0.168535295757586,
        0.17312777031760132,
        0.0,
        0.0,
        0.0,
        0.0
    ],
    "n_components_": 2,
    "n_features_": 16,
    "n_samples_": 347,
    "name": "pca_DTRunsummary02-SegmentsWheel1Sector12Station1h4DSegmNHits_W1_St1_Sec12_default_pca",
    "noise_variance_": 6.538425774134844e-06,
    "singular_values_": [
        0.8885698676337344,
        0.41917657366957456
    ]
}