{
    "components_": [
        [
            -0.0,
            -0.0,
            -0.1743639506810584,
            -0.3949124054734357,
            -0.1564646755083335,
            -0.10747005065126672,
            -0.02818404643190183,
            0.0386423179738271,
            0.2733387979888171,
            0.5792765462662924,
            0.41203566876543335,
            -0.4418982022483739,
            -0.0,
            -0.0,
            -0.0,
            -0.0
        ],
        [
            -0.0,
            -3.3306690738754696e-16,
            0.20817371765508083,
            0.4192955014141816,
            0.16357975901181376,
            0.12996866747122965,
            0.07575716074214825,
            0.021103360459885367,
            0.05989152852847757,
            0.04929733030119318,
            -0.3515629577392193,
            -0.7755040678447913,
            -0.0,
            -0.0,
            -0.0,
            -0.0
        ]
    ],
    "explained_variance_": [
        0.0003563735871512176,
        0.0003502374814301626
    ],
    "explained_variance_ratio_": [
        0.4692113135116782,
        0.46113234714316037
    ],
    "mean_": [
        0.0,
        0.0,
        0.043373954289496364,
        0.07772585963835034,
        0.019942556944191833,
        0.019295391291274857,
        0.04511174440584284,
        0.07333695851287136,
        0.08032297527057035,
        0.14726132778702467,
        0.25282298148600346,
        0.24080625037437406,
        0.0,
        0.0,
        0.0,
        0.0
    ],
    "n_components_": 2,
    "n_features_": 16,
    "n_samples_": 283,
    "name": "pca_DTRunsummary02-SegmentsWheel1Sector7Station3h4DSegmNHits_W1_St3_Sec7_default_pca",
    "noise_variance_": 3.7789369409323856e-06,
    "singular_values_": [
        0.3170131725601373,
        0.31427212692713596
    ]
}