{
    "components_": [
        [
            -0.0,
            -0.0,
            0.24313667870616518,
            0.4375334050162199,
            0.14271660295262684,
            0.10162577696701944,
            0.07300630268331201,
            0.029587075700980986,
            0.032872026429056435,
            0.006482316169287489,
            -0.26681239268552315,
            -0.8001477919391458,
            -0.0,
            -0.0,
            -0.0,
            -0.0
        ],
        [
            0.0,
            8.326672684688674e-17,
            -0.1278401405319391,
            -0.3885007210570793,
            -0.07662380424818047,
            -0.061662086086386216,
            -0.018126952229085568,
            -0.06079005732954792,
            0.12977802003116323,
            0.4703859033477279,
            0.6014919045303861,
            -0.4681120664270586,
            0.0,
            0.0,
            0.0,
            0.0
        ]
    ],
    "explained_variance_": [
        0.000266593260099162,
        0.00021365501453211993
    ],
    "explained_variance_ratio_": [
        0.5021689353575379,
        0.40245170167275063
    ],
    "mean_": [
        0.0,
        0.0,
        0.03617534615628402,
        0.058860627091579965,
        0.01576904020320725,
        0.014291098170720657,
        0.03759204481132418,
        0.06460599439772456,
        0.07755305589219344,
        0.14692574698460154,
        0.26614515874300876,
        0.28208188754935587,
        0.0,
        0.0,
        0.0,
        0.0
    ],
    "n_components_": 2,
    "n_features_": 16,
    "n_samples_": 296,
    "name": "pca_DTRunsummary02-SegmentsWheel0Sector2Station3h4DSegmNHits_W0_St3_Sec2_default_pca",
    "noise_variance_": 3.616810076953286e-06,
    "singular_values_": [
        0.2804371796485851,
        0.25105423574792635
    ]
}