{
    "components_": [
        [
            0.0,
            3.469446951953614e-17,
            -0.8448235132661365,
            -0.07843996018444443,
            0.04556755215735667,
            0.17398972015270217,
            0.36108269397092824,
            0.3426235071695939,
            0.0,
            0.0,
            0.0,
            0.0,
            0.0,
            0.0,
            0.0,
            0.0
        ],
        [
            0.0,
            1.1102230246251565e-16,
            -0.08110096627215069,
            -0.060112788433154846,
            0.17685620068587232,
            0.4454382029679278,
            0.3270847640110237,
            -0.8081654129595183,
            0.0,
            0.0,
            0.0,
            0.0,
            0.0,
            0.0,
            0.0,
            0.0
        ]
    ],
    "explained_variance_": [
        0.003713541164833701,
        0.00038408844091113734
    ],
    "explained_variance_ratio_": [
        0.8965253258183605,
        0.09272686079039168
    ],
    "mean_": [
        0.0,
        0.0,
        0.31104297949953835,
        0.1563318430990606,
        0.05226275300611641,
        0.09019809586757246,
        0.17646217148391347,
        0.21370215704379872,
        0.0,
        0.0,
        0.0,
        0.0,
        0.0,
        0.0,
        0.0,
        0.0
    ],
    "n_components_": 2,
    "n_features_": 16,
    "n_samples_": 223,
    "name": "pca_DTRunsummary02-SegmentsWheel2Sector13Station4h4DSegmNHits_W2_St4_Sec13_default_pca",
    "noise_variance_": 3.1799314779070787e-06,
    "singular_values_": [
        0.9079681374327414,
        0.2920062223348545
    ]
}