{
    "components_": [
        [
            0.0,
            -1.1102230246251565e-16,
            -0.8491388575545672,
            -0.09331313661184827,
            0.07292297690777197,
            0.20429687331515956,
            0.3637125625399672,
            0.30151958140351637,
            0.0,
            0.0,
            0.0,
            0.0,
            0.0,
            0.0,
            0.0,
            0.0
        ],
        [
            0.0,
            0.0,
            0.06549600475480094,
            0.0036040502301259037,
            -0.21197921933275105,
            -0.446600281101562,
            -0.24264620720393942,
            0.8321256526533259,
            0.0,
            0.0,
            0.0,
            0.0,
            0.0,
            0.0,
            0.0,
            0.0
        ]
    ],
    "explained_variance_": [
        0.007580419634138409,
        0.0008426575479637265
    ],
    "explained_variance_ratio_": [
        0.8963569192357645,
        0.09964117557053677
    ],
    "mean_": [
        0.0,
        0.0,
        0.3776860483024337,
        0.1125766987948738,
        0.04125846594970435,
        0.08787767766369205,
        0.17604214321159714,
        0.20455896607769916,
        0.0,
        0.0,
        0.0,
        0.0,
        0.0,
        0.0,
        0.0,
        0.0
    ],
    "n_components_": 2,
    "n_features_": 16,
    "n_samples_": 326,
    "name": "pca_DTRunsummary02-SegmentsWheel0Sector5Station4h4DSegmNHits_W0_St4_Sec5_default_pca",
    "noise_variance_": 2.4174139989218942e-06,
    "singular_values_": [
        1.5695975220084233,
        0.5233198860049283
    ]
}