{
    "components_": [
        [
            0.0,
            -2.220446049250313e-16,
            -0.26079661987744296,
            -0.5186879868018376,
            -0.23724756254858342,
            -0.1659290724533085,
            -0.07037655381250095,
            -0.03906256615795785,
            0.049585563470436786,
            0.22423567677917172,
            0.5361926344561124,
            0.48208648694591044,
            0.0,
            0.0,
            0.0,
            0.0
        ],
        [
            0.0,
            2.220446049250313e-16,
            -0.07126130847052367,
            -0.11740200298817507,
            -0.0996615137167412,
            -0.055075469533939714,
            0.028765379936331412,
            0.0996019575295204,
            0.2459394963243009,
            0.4615737554422852,
            0.28414645047169024,
            -0.7766267449947484,
            0.0,
            0.0,
            0.0,
            0.0
        ]
    ],
    "explained_variance_": [
        0.00046158048882430716,
        0.0001530923535204899
    ],
    "explained_variance_ratio_": [
        0.6988278506603047,
        0.23178016175630337
    ],
    "mean_": [
        0.0,
        0.0,
        0.04415661561620633,
        0.07919079810089166,
        0.026329559378224312,
        0.022513024149169062,
        0.04590189558299048,
        0.07187018058730942,
        0.0841921461858606,
        0.14652426945170624,
        0.24174580080392777,
        0.23757571014371429,
        0.0,
        0.0,
        0.0,
        0.0
    ],
    "n_components_": 2,
    "n_features_": 16,
    "n_samples_": 336,
    "name": "pca_DTRunsummary02-SegmentsWheel0Sector6Station2h4DSegmNHits_W0_St2_Sec6_default_pca",
    "noise_variance_": 3.2738481320612168e-06,
    "singular_values_": [
        0.39322953062574395,
        0.2264639892551664
    ]
}