{
    "components_": [
        [
            0.0,
            -2.220446049250313e-16,
            0.14790092225364554,
            0.19228438828530642,
            0.0623056486639579,
            0.04916552816090223,
            0.05712151674317002,
            -0.000552909170711699,
            0.15446117860645825,
            0.25975678734186947,
            -0.0058056928465043955,
            -0.9166373680380941,
            0.0,
            0.0,
            0.0,
            0.0
        ],
        [
            0.0,
            1.1102230246251565e-16,
            -0.31265846851291806,
            -0.5464664563222235,
            -0.18702734790640915,
            -0.10737746822298053,
            -0.009515197918009758,
            0.028829702654086742,
            0.159475880698562,
            0.42501303275989666,
            0.5903153006826305,
            -0.04058897791263505,
            0.0,
            0.0,
            0.0,
            0.0
        ]
    ],
    "explained_variance_": [
        0.00047957400166512607,
        0.00026091508001632524
    ],
    "explained_variance_ratio_": [
        0.5914475608982017,
        0.3217805534524589
    ],
    "mean_": [
        0.0,
        0.0,
        0.05526344525731482,
        0.08554471048965452,
        0.017195643180665382,
        0.01772146959772011,
        0.05412524718780554,
        0.09339407272817213,
        0.07929700556504816,
        0.12772894873617754,
        0.2215748771284698,
        0.24815458012897174,
        0.0,
        0.0,
        0.0,
        0.0
    ],
    "n_components_": 2,
    "n_features_": 16,
    "n_samples_": 237,
    "name": "pca_DTRunsummary02-SegmentsWheel2Sector11Station3h4DSegmNHits_W2_St3_Sec11_default_pca",
    "noise_variance_": 5.025628545482304e-06,
    "singular_values_": [
        0.33642155756278425,
        0.24814503598470947
    ]
}