{
    "components_": [
        [
            0.0,
            -5.551115123125783e-17,
            0.22938931540224672,
            0.7319961879266242,
            0.055252184724968165,
            0.040956734486698745,
            0.02206341563882637,
            -0.018373998423019674,
            -0.04302435708193063,
            -0.15075923778189518,
            -0.3830072107609805,
            -0.48449303413153844,
            0.0,
            0.0,
            0.0,
            0.0
        ],
        [
            -0.0,
            -0.0,
            -0.07202172718701874,
            -0.14204776604400182,
            -0.10249610332376716,
            -0.05045392375060129,
            0.02821362238800809,
            0.03642209620939931,
            0.18192234321049436,
            0.46002304650309633,
            0.4034092693611489,
            -0.7429708573667582,
            -0.0,
            -0.0,
            -0.0,
            -0.0
        ]
    ],
    "explained_variance_": [
        0.0007876147525641979,
        0.000188020808665811
    ],
    "explained_variance_ratio_": [
        0.7393133795202567,
        0.17649021812033922
    ],
    "mean_": [
        0.0,
        0.0,
        0.04163713787318282,
        0.07292580088822279,
        0.01730171141894532,
        0.018713533254968166,
        0.04899395622482975,
        0.08025404917411207,
        0.07351334382320544,
        0.1300102030169591,
        0.2366160979330894,
        0.28003416639248513,
        0.0,
        0.0,
        0.0,
        0.0
    ],
    "n_components_": 2,
    "n_features_": 16,
    "n_samples_": 271,
    "name": "pca_DTRunsummary02-SegmentsWheel-1Sector6Station3h4DSegmNHits_W-1_St3_Sec6_default_pca",
    "noise_variance_": 6.406941750478322e-06,
    "singular_values_": [
        0.46114637935511693,
        0.22531226850699668
    ]
}