{
    "components_": [
        [
            0.0,
            -2.220446049250313e-16,
            -0.748638125825985,
            -0.17102911405337412,
            -0.017966332302221083,
            0.07751012488838604,
            0.29957567485688325,
            0.5605477724363109,
            0.0,
            0.0,
            0.0,
            0.0,
            0.0,
            0.0,
            0.0,
            0.0
        ],
        [
            -0.0,
            -2.7755575615628914e-16,
            -0.30165237233747505,
            0.004803232210741651,
            0.1349131736952397,
            0.3856659837280105,
            0.48689011636627394,
            -0.710620133662791,
            -0.0,
            -0.0,
            -0.0,
            -0.0,
            -0.0,
            -0.0,
            -0.0,
            -0.0
        ]
    ],
    "explained_variance_": [
        0.001030994483991832,
        0.00015351066941955555
    ],
    "explained_variance_ratio_": [
        0.8458586038797548,
        0.1259447286401782
    ],
    "mean_": [
        0.0,
        0.0,
        0.12444597326055001,
        0.09323319832575577,
        0.05026871074915647,
        0.1124646190429679,
        0.2552161267989497,
        0.36437137182262047,
        0.0,
        0.0,
        0.0,
        0.0,
        0.0,
        0.0,
        0.0,
        0.0
    ],
    "n_components_": 2,
    "n_features_": 16,
    "n_samples_": 253,
    "name": "pca_DTRunsummary02-SegmentsWheel0Sector8Station4h4DSegmNHits_W0_St4_Sec8_default_pca",
    "noise_variance_": 2.4548689770506585e-06,
    "singular_values_": [
        0.509716205320119,
        0.1966842360071798
    ]
}