{
    "components_": [
        [
            0.0,
            -2.220446049250313e-16,
            0.10973295846962425,
            0.23176204851301224,
            0.097716474752215,
            0.07167010408330632,
            0.07023499638394069,
            0.08906639878120086,
            0.18107269880803387,
            0.220567402877352,
            -0.1817544592422631,
            -0.890068623426422,
            0.0,
            0.0,
            0.0,
            0.0
        ],
        [
            0.0,
            -1.3877787807814457e-17,
            -0.2844378883840724,
            -0.44854149830516005,
            -0.22240428584701755,
            -0.15143817181912658,
            -0.05219257299446187,
            0.014950371399534163,
            0.21642682921105677,
            0.4941927434499853,
            0.5755792775595941,
            -0.14213480427033237,
            0.0,
            0.0,
            0.0,
            0.0
        ]
    ],
    "explained_variance_": [
        0.0004759441836223616,
        0.0003726186842680533
    ],
    "explained_variance_ratio_": [
        0.5286204860046059,
        0.413859180866604
    ],
    "mean_": [
        0.0,
        0.0,
        0.04823500820301738,
        0.0834881871490304,
        0.02705538161237482,
        0.02277164072829224,
        0.046531576214761824,
        0.0719045201183692,
        0.07993972731058802,
        0.13987165002613777,
        0.2388340792407189,
        0.24136822939670954,
        0.0,
        0.0,
        0.0,
        0.0
    ],
    "n_components_": 2,
    "n_features_": 16,
    "n_samples_": 328,
    "name": "pca_DTRunsummary02-SegmentsWheel0Sector11Station2h4DSegmNHits_W0_St2_Sec11_default_pca",
    "noise_variance_": 3.6991793758429324e-06,
    "singular_values_": [
        0.3945044334915797,
        0.34906490765422615
    ]
}