{
    "components_": [
        [
            0.0,
            1.1102230246251565e-16,
            0.12490036262136134,
            0.10863124617436443,
            0.021040552055284628,
            0.08027764918493069,
            0.15295026904919098,
            0.19191046192548508,
            0.2753213242440795,
            0.1781982914038946,
            -0.2874853780459643,
            -0.8457447786126273,
            0.0,
            0.0,
            0.0,
            0.0
        ],
        [
            -0.0,
            5.551115123125783e-17,
            0.005033328257598617,
            0.04341204105757546,
            0.004542545984045597,
            -0.022583948479060065,
            0.037209266629727886,
            0.5002729310214352,
            0.18002163678863461,
            -0.4058179355228946,
            -0.6661677111694894,
            0.3240778454324266,
            -0.0,
            -0.0,
            -0.0,
            -0.0
        ]
    ],
    "explained_variance_": [
        0.0001814754455245987,
        4.8974099340528244e-05
    ],
    "explained_variance_ratio_": [
        0.6243173510657234,
        0.1684821871230163
    ],
    "mean_": [
        0.0,
        0.0,
        0.03486039757897761,
        0.03621440311713342,
        0.007125633715110136,
        0.014989328481231653,
        0.07620775955516182,
        0.13195432204041976,
        0.07682120862876686,
        0.1502426055567156,
        0.2449872434878073,
        0.22659709783867601,
        0.0,
        0.0,
        0.0,
        0.0
    ],
    "n_components_": 2,
    "n_features_": 16,
    "n_samples_": 127,
    "name": "pca_DTRunsummary02-SegmentsWheel-2Sector10Station1h4DSegmNHits_W-2_St1_Sec10_default_pca",
    "noise_variance_": 4.302046988478578e-06,
    "singular_values_": [
        0.1512147682473489,
        0.07855403565003238
    ]
}