{
    "components_": [
        [
            0.28818244316261704,
            0.3749089442773158,
            0.34487325782130246,
            0.2883501747565783,
            0.3226169807783183,
            0.2879401341251895,
            0.1938036354847895,
            0.08892645558220812,
            -0.004887751669104246,
            -0.08273755084206148,
            -0.14385555269876246,
            -0.18445922986055335,
            -0.20535474486698863,
            -0.21222851556897834,
            -0.2074011638129884,
            -0.19367147100934776,
            -0.17612703368113403,
            -0.15548395722759856,
            -0.13490349583815242,
            -0.11478323700060498,
            -0.09642075109195564,
            -0.07994532519781511,
            -0.06566196489470874,
            -0.05360072954801362,
            -0.043298038624380614,
            -0.034781512555170584
        ],
        [
            0.5328891183638662,
            0.2875411140192747,
            -0.017169883362341126,
            -0.16426991837410404,
            -0.045558333073849384,
            -0.15891536211787496,
            -0.3007815094402686,
            -0.3490415234714179,
            -0.3275149195597961,
            -0.27467721119139954,
            -0.20415319988636496,
            -0.12429128434877647,
            -0.04897194963082401,
            0.01705689289995655,
            0.06819150634958271,
            0.10071396662929998,
            0.1226520788919079,
            0.13122172951701877,
            0.13096730784004842,
            0.12418110015816133,
            0.11419530394861141,
            0.10197297798744442,
            0.08916107079709719,
            0.07672136725566298,
            0.06436829571089843,
            0.053511264088186336
        ]
    ],
    "explained_variance_": [
        0.00307586444421914,
        0.00016685659735881663
    ],
    "explained_variance_ratio_": [
        0.9453398737028641,
        0.05128190709773537
    ],
    "mean_": [
        0.019513156812868446,
        0.035607154100356156,
        0.04690302624093381,
        0.05508865565887284,
        0.06715111833913616,
        0.07593442091382076,
        0.07956052055972383,
        0.07928558332299739,
        0.07623391409579819,
        0.0710831190035822,
        0.06447439066760602,
        0.057205349846566736,
        0.0497691716197138,
        0.04263206580827823,
        0.036006551609353156,
        0.030015431415083227,
        0.02478824297063429,
        0.020269702815998283,
        0.016455106994895847,
        0.013275110097133235,
        0.010639755628277136,
        0.008487938081278443,
        0.006744139602126697,
        0.0053399747963999685,
        0.004215525371771107,
        0.0033208736267940375
    ],
    "n_components_": 2,
    "n_features_": 26,
    "n_samples_": 396,
    "name": "pca_CSCRunsummaryCSCOfflineMonitorSegmentshSnSegments_default_pca",
    "noise_variance_": 4.579897932860933e-07,
    "singular_values_": [
        1.1022551680380366,
        0.25672622763701525
    ]
}