{
    "components_": [
        [
            -0.15404209467063382,
            -0.1204735945071186,
            -0.12114597660821194,
            -0.12487617608727462,
            -0.11975299045900328,
            -0.12341132967251706,
            0.051541856961229725,
            0.11924349388669919,
            0.8855894346941151,
            0.17481357749285367,
            0.08759368440560077,
            -0.08650885976671904,
            -0.10614143029921752,
            -0.12062323893215675,
            -0.11948294269304309,
            -0.12232341374460275,
            0.0
        ],
        [
            0.011172473321163673,
            0.043125938555784574,
            0.08102464128990718,
            0.04651116485809777,
            0.06003584704466221,
            0.00843846931293141,
            0.34662943925203377,
            -0.5718883468231467,
            0.21666516629267724,
            -0.6462472916139659,
            0.24867281245567815,
            -0.030871686516737277,
            0.018938583738544883,
            0.02957343831387139,
            0.08022612040417655,
            0.05799323011432177,
            -0.0
        ]
    ],
    "explained_variance_": [
        0.0009037888927857923,
        0.00011585955484045115
    ],
    "explained_variance_ratio_": [
        0.8181425339599504,
        0.1048802773936111
    ],
    "mean_": [
        0.023922928536422413,
        0.015754025270954312,
        0.015895655948848456,
        0.016062939209440193,
        0.0198168621092633,
        0.09297709307702956,
        0.1075439137299861,
        0.11651284085758241,
        0.18018445985105522,
        0.1210647921304282,
        0.11122783537765414,
        0.1013627406592354,
        0.02753587781149839,
        0.0177460746591405,
        0.01654993466839386,
        0.015842026103067373,
        0.0
    ],
    "n_components_": 2,
    "n_features_": 17,
    "n_samples_": 396,
    "name": "pca_CSCRunsummaryCSCOfflineMonitorDigishWireTBin_m11b_default_pca",
    "noise_variance_": 5.669030778764308e-06,
    "singular_values_": [
        0.5974919352178638,
        0.21392644568163657
    ]
}