{
    "components_": [
        [
            0.003932226551677673,
            0.0025318170810690937,
            0.002600124797088887,
            0.0027443289021698773,
            0.01219135868690365,
            0.14292020417392115,
            0.17211469159279014,
            0.14386517539104993,
            -0.9318518366046613,
            0.07763432994195392,
            0.1625963271694283,
            0.16508327283130467,
            0.030623082120412454,
            0.006798408656508277,
            0.0032881539976232113,
            0.0029283347107604456,
            0.0
        ],
        [
            -0.00404872559661054,
            -0.0032885490051808926,
            -0.003023255005743975,
            -0.0034126510437979592,
            -0.027777261424209547,
            -0.1866991188990415,
            0.04243962270734866,
            -0.6228617699669916,
            -0.034291063768170926,
            0.7256423617921521,
            0.20404547968324319,
            -0.07143124466437613,
            -0.009134747994473565,
            -0.0022429577774747025,
            -0.0017066168175501734,
            -0.0022095022191210723,
            0.0
        ]
    ],
    "explained_variance_": [
        0.0007986623349544831,
        2.001331155773994e-05
    ],
    "explained_variance_ratio_": [
        0.9686475573534703,
        0.024272892944254842
    ],
    "mean_": [
        0.00043511960078959877,
        0.00028523256833857874,
        0.0002852397052345048,
        0.0002961229142131559,
        0.0014813435235616606,
        0.018267363226649142,
        0.021713362682482654,
        0.06751993622088821,
        0.7279546413451551,
        0.09887588806344748,
        0.03537758171536291,
        0.021755157102429465,
        0.004112620648588559,
        0.0009473382900140418,
        0.0003698149883423649,
        0.00032323740450282634,
        0.0
    ],
    "n_components_": 2,
    "n_features_": 17,
    "n_samples_": 396,
    "name": "pca_CSCRunsummaryCSCOfflineMonitorDigishWireTBin_p13_default_pca",
    "noise_variance_": 3.8914530214295006e-07,
    "singular_values_": [
        0.5616686054133886,
        0.08891151818132045
    ]
}