{
    "components_": [
        [
            -0.0,
            2.220446049250313e-16,
            -0.17849495516104497,
            -0.1874256289365019,
            0.9126633157255762,
            -0.16616701477006768,
            -0.1866518028712297,
            -0.19392391398673206,
            -0.0
        ],
        [
            0.0,
            4.163336342344337e-16,
            -0.6990685257514999,
            -0.3558154938859357,
            9.14444613560883e-05,
            0.35475900165711904,
            0.43314641736320914,
            0.2668871561557504,
            0.0
        ]
    ],
    "explained_variance_": [
        0.0024324536619532446,
        3.275781143135604e-05
    ],
    "explained_variance_ratio_": [
        0.9857322887053654,
        0.01327483969798642
    ],
    "mean_": [
        0.0,
        0.0,
        0.13199779144902418,
        0.1343933122999993,
        0.3076700613700584,
        0.1447117578088894,
        0.14175377856568905,
        0.13947329850634,
        0.0
    ],
    "n_components_": 2,
    "n_features_": 9,
    "n_samples_": 474,
    "name": "pca_RPCRunsummaryAllHitsSummaryHistogramsBxDistribution_Disk_3_default_pca",
    "noise_variance_": 3.5001015108822945e-07,
    "singular_values_": [
        1.072637208987216,
        0.12447668378869757
    ]
}