{
    "components_": [
        [
            -0.0,
            2.220446049250313e-16,
            -0.16908381521451812,
            -0.17112681969984272,
            0.9125399469428218,
            -0.1805798389760027,
            -0.19066676678783534,
            -0.2010826348633335,
            -7.140128929590237e-08
        ],
        [
            0.0,
            -5.551115123125783e-17,
            -0.6263495686415368,
            -0.4440646512484558,
            0.02279764661349419,
            0.17994200132492363,
            0.40970842950788,
            0.45796610096425255,
            4.14794425027057e-08
        ]
    ],
    "explained_variance_": [
        0.0006632837803009799,
        0.00010727600733013033
    ],
    "explained_variance_ratio_": [
        0.8597339709539764,
        0.13904882119712006
    ],
    "mean_": [
        0.0,
        0.0,
        0.14679190316738494,
        0.15021264872746395,
        0.21922539966231458,
        0.15962804667907632,
        0.1621506455564403,
        0.16199134932018888,
        6.887131391704561e-09
    ],
    "n_components_": 2,
    "n_features_": 9,
    "n_samples_": 474,
    "name": "pca_RPCRunsummaryAllHitsSummaryHistogramsBxDistribution_Disk_4_default_pca",
    "noise_variance_": 1.3415349576715538e-07,
    "singular_values_": [
        0.5601189410137489,
        0.22525885435904988
    ]
}