{
    "components_": [
        [
            -0.0,
            1.1102230246251565e-16,
            -0.17521200720313712,
            -0.1887163312912152,
            0.9126404707001778,
            -0.16639920347920673,
            -0.18974447609961403,
            -0.1925684526270047,
            -0.0
        ],
        [
            -0.0,
            2.7755575615628914e-17,
            0.7123457680424866,
            0.27754508192646,
            0.000591180347650988,
            -0.4948461667565592,
            -0.40246543641407084,
            -0.0931704271459686,
            -0.0
        ]
    ],
    "explained_variance_": [
        0.002334085077449831,
        3.064525787668562e-05
    ],
    "explained_variance_ratio_": [
        0.9857665146623299,
        0.012942574090330266
    ],
    "mean_": [
        0.0,
        0.0,
        0.1294223165579833,
        0.13163358867688535,
        0.3240411656501459,
        0.14193554040214076,
        0.13809465789379993,
        0.1348727308190443,
        0.0
    ],
    "n_components_": 2,
    "n_features_": 9,
    "n_samples_": 474,
    "name": "pca_RPCRunsummaryAllHitsSummaryHistogramsBxDistribution_Disk_2_default_pca",
    "noise_variance_": 4.366575413884137e-07,
    "singular_values_": [
        1.0507246269283737,
        0.1203960421927245
    ]
}