{
    "components_": [
        [
            0.8662598483024154,
            -0.21715574602511648,
            -0.4397159572106993,
            -0.08231833833941389,
            -0.03454103614304749,
            -0.02107300422271312,
            -0.016514357297712307,
            -0.011364917356557244,
            -0.00942411792550991,
            -0.007491298391313793,
            -0.006229114789805974,
            -0.005249826367699097,
            -0.004575392687432848,
            -0.0046897808918057934,
            -0.0031254135791404926,
            -0.0027915470744481626
        ],
        [
            0.06718535278329364,
            -0.841769850742792,
            0.5230330368878358,
            0.10000758303408994,
            0.04101963219694573,
            0.02509426626281688,
            0.021548151253974773,
            0.014403899068100695,
            0.010762953543684992,
            0.009361505746213722,
            0.0070043034871870745,
            0.004608742612827451,
            0.005513429268792556,
            0.006115788760130113,
            0.0033645756166203957,
            0.0027466302202785657
        ]
    ],
    "explained_variance_": [
        0.004756894111518986,
        6.092629446063034e-05
    ],
    "explained_variance_ratio_": [
        0.9871312221974748,
        0.012643175589981855
    ],
    "mean_": [
        0.49110875660058434,
        0.2371595420461138,
        0.17824945876216564,
        0.03592079476533954,
        0.015304452194741887,
        0.009283010567919692,
        0.007388802775074556,
        0.00520949431135274,
        0.004387750103892144,
        0.0034315572255032337,
        0.002871045824931019,
        0.00255880447594421,
        0.0021431601141014443,
        0.0021815068189772868,
        0.001484183698083686,
        0.0013176797152747422
    ],
    "n_components_": 2,
    "n_features_": 16,
    "n_samples_": 474,
    "name": "pca_RPCRunsummaryAllHitsSummaryHistogramsClusterSize_Layer2_default_pca",
    "noise_variance_": 7.765401486228965e-08,
    "singular_values_": [
        1.5000036382450812,
        0.16975905654744358
    ]
}