{
    "components_": [
        [
            0.8764498231652341,
            -0.36689996417103254,
            -0.2925107259668351,
            -0.08477814563187104,
            -0.052734607374902154,
            -0.029500968846697964,
            -0.022510797358532564,
            -0.008461284136794617,
            -0.011224959119581369,
            -0.007770891357499165,
            -0.005409417537660699,
            -0.002206651056933486,
            0.0006513060375320041,
            0.002622621286195412,
            0.0007839120157695946,
            0.0035007500536102755
        ],
        [
            -0.3977488088227534,
            -0.6681788974992424,
            -0.4156107071033496,
            0.03898142567701903,
            0.08365175068661314,
            0.16162285821378886,
            0.09640905158686011,
            0.3017915984872047,
            0.07082955538658649,
            0.0753783899981552,
            0.05943225276357237,
            0.09759577181347243,
            0.13608471740532377,
            0.13354554645054637,
            0.08234613610978062,
            0.1438693588464222
        ]
    ],
    "explained_variance_": [
        0.0025093002788294573,
        0.00015907673762280628
    ],
    "explained_variance_ratio_": [
        0.9375279268323421,
        0.05943445082640032
    ],
    "mean_": [
        0.5940434513567895,
        0.17320532047627418,
        0.09704581281051419,
        0.037045077033012457,
        0.02443704154552426,
        0.01788255744171393,
        0.012887652672393906,
        0.011780697151041407,
        0.007285825908115412,
        0.005775982362817759,
        0.004516809310863508,
        0.003865923507916696,
        0.003295110081384446,
        0.002606646398616005,
        0.0020898923590974205,
        0.0022361995839252744
    ],
    "n_components_": 2,
    "n_features_": 16,
    "n_samples_": 474,
    "name": "pca_RPCRunsummaryAllHitsSummaryHistogramsClusterSize_Layer6_default_pca",
    "noise_variance_": 5.807298694595138e-07,
    "singular_values_": [
        1.0894489579077733,
        0.27430511642254757
    ]
}