{
    "components_": [
        [
            -0.0,
            -0.0,
            -0.22822896134329912,
            -0.2175976650191787,
            0.9058722513119013,
            -0.07631751517209229,
            -0.1758908651711777,
            -0.2078372009837448,
            -4.3622408768420524e-08
        ],
        [
            -0.0,
            -0.0,
            -0.6024670015727052,
            -0.18643372826284077,
            -0.1038683281638387,
            0.6989313423680434,
            0.3020965979232415,
            -0.10825881749429749,
            -6.479760274873343e-08
        ]
    ],
    "explained_variance_": [
        0.0027854377795498795,
        3.191999147094897e-05
    ],
    "explained_variance_ratio_": [
        0.9873114925347896,
        0.011314190771826585
    ],
    "mean_": [
        0.0,
        0.0,
        0.12906202038669748,
        0.13189924977444087,
        0.30630901802156246,
        0.15693534750057636,
        0.1411139487997294,
        0.1346804103370293,
        5.179964249286694e-09
    ],
    "n_components_": 2,
    "n_features_": 9,
    "n_samples_": 474,
    "name": "pca_RPCRunsummaryAllHitsSummaryHistogramsBxDistribution_Wheel_-2_default_pca",
    "noise_variance_": 5.53895773343261e-07,
    "singular_values_": [
        1.1478292859685595,
        0.12287455377643844
    ]
}