{
    "components_": [
        [
            -0.0,
            -2.676237154108918e-08,
            -0.17792841818093535,
            -0.18460756973603373,
            0.9128068015631149,
            -0.17545859257125906,
            -0.18445141303443172,
            -0.19036077522015268,
            -6.057929985308026e-09
        ],
        [
            -0.0,
            -2.6723100712833237e-07,
            -0.7085153153663185,
            -0.3432837600436102,
            0.002454741028817972,
            0.378265454720324,
            0.4126687789718605,
            0.2584105393655024,
            -1.7144556865281304e-07
        ]
    ],
    "explained_variance_": [
        0.002713632814565491,
        3.5990626012691066e-05
    ],
    "explained_variance_ratio_": [
        0.9859913818252446,
        0.013077099777292815
    ],
    "mean_": [
        0.0,
        3.214626375131172e-09,
        0.13095261967123342,
        0.1335840140480941,
        0.3136979515362606,
        0.14225861847032956,
        0.1408099209102851,
        0.1386968704903273,
        1.6588439587858884e-09
    ],
    "n_components_": 2,
    "n_features_": 9,
    "n_samples_": 474,
    "name": "pca_RPCRunsummaryAllHitsSummaryHistogramsBxDistribution_Disk_-3_default_pca",
    "noise_variance_": 3.6624470954102065e-07,
    "singular_values_": [
        1.13293791590249,
        0.1304743886898991
    ]
}