{
    "components_": [
        [
            0.8466901323495503,
            -0.36384278804277354,
            -0.3842038584343921,
            -0.05151466042757552,
            -0.01826375689739261,
            -0.008394288385589066,
            -0.005359781495370226,
            -0.003944952796323913,
            -0.002757908753651351,
            -0.002135352269318805,
            -0.001702770877876676,
            -0.0012932298861490282,
            -0.0010812949779203226,
            -0.0008910061608870259,
            -0.0007226036645619842,
            -0.000581879279767964
        ],
        [
            -0.02993515897594947,
            -0.7610069407776411,
            0.6430968186692808,
            0.0718783933682804,
            0.0293182605208504,
            0.014969748699494634,
            0.008008938297969977,
            0.005286647736553551,
            0.004943291148269379,
            0.003666273297508273,
            0.0028397704501098913,
            0.0018317135971633515,
            0.001611089942596166,
            0.0015046114637106516,
            0.0014544741781780306,
            0.0005320683836266804
        ]
    ],
    "explained_variance_": [
        0.003136146556229029,
        1.2838869028839426e-05
    ],
    "explained_variance_ratio_": [
        0.9956913191749008,
        0.004076196762759113
    ],
    "mean_": [
        0.6548493173322825,
        0.20571126534876905,
        0.10812582806039886,
        0.015780657546411614,
        0.005876197947155013,
        0.0027301862345274703,
        0.001755760827374951,
        0.0013156937968810262,
        0.0009358188476183792,
        0.0007224705178972556,
        0.0005796946381179439,
        0.0004723148622321221,
        0.0003795023736771399,
        0.00030261128011047994,
        0.00024236461195847268,
        0.00022031577458716398
    ],
    "n_components_": 2,
    "n_features_": 16,
    "n_samples_": 474,
    "name": "pca_RPCRunsummaryAllHitsSummaryHistogramsClusterSize_Ring3_default_pca",
    "noise_variance_": 5.2304225892745944e-08,
    "singular_values_": [
        1.2179479960557966,
        0.07792807613845634
    ]
}