{
    "components_": [
        [
            -0.0,
            -1.1102230246251565e-16,
            -0.0,
            -0.30444673757644775,
            -0.30330155689201843,
            -0.257660070267813,
            0.8654083647362789,
            -0.0
        ],
        [
            0.0,
            -1.1102230246251565e-16,
            1.1102230246251565e-16,
            -0.10750912295073868,
            -0.6305035710281126,
            0.7681151461696741,
            -0.030102452190822637,
            0.0
        ]
    ],
    "explained_variance_": [
        0.0004648128641133907,
        2.442373319111895e-06
    ],
    "explained_variance_ratio_": [
        0.9913383966184828,
        0.005209017729598581
    ],
    "mean_": [
        0.0,
        0.0,
        0.0,
        0.07316139785273029,
        0.16918443925141005,
        0.1932123461054081,
        0.5644418167904516,
        0.0
    ],
    "n_components_": 2,
    "n_features_": 8,
    "n_samples_": 396,
    "name": "pca_CSCRunsummaryCSCOfflineMonitorSegmentshSnhitsp41_default_pca",
    "noise_variance_": 2.698046450702684e-07,
    "singular_values_": [
        0.42848696750868553,
        0.031060223132637
    ]
}