{
    "components_": [
        [
            -0.0,
            2.220446049250313e-16,
            -0.0,
            -0.2968952765411531,
            -0.40135836820142373,
            -0.1543538519569808,
            0.8526074966995569,
            -0.0
        ],
        [
            0.0,
            -1.457167719820518e-16,
            0.0,
            -0.22899019117933814,
            -0.46612841143644784,
            0.8418734021304985,
            -0.14675479951471315,
            0.0
        ]
    ],
    "explained_variance_": [
        5.72656504465497e-05,
        4.008239022313044e-06
    ],
    "explained_variance_ratio_": [
        0.91221398431369,
        0.06384929988769718
    ],
    "mean_": [
        0.0,
        0.0,
        0.0,
        0.05471069933432026,
        0.1445278771754184,
        0.19918704935653656,
        0.6015743741337249,
        0.0
    ],
    "n_components_": 2,
    "n_features_": 8,
    "n_samples_": 396,
    "name": "pca_CSCRunsummaryCSCOfflineMonitorSegmentshSnhitsm32_default_pca",
    "noise_variance_": 2.5044408865555217e-07,
    "singular_values_": [
        0.1503992417746417,
        0.03979012960287579
    ]
}