{
    "components_": [
        [
            -0.041808007514484005,
            -0.027688899109802365,
            -0.02785198711740638,
            -0.028344655174093968,
            -0.03907806967615282,
            -0.11980331413208044,
            -0.13868867575826632,
            -0.07032417103985307,
            0.954392246314419,
            -0.042537691418969584,
            -0.13453202960557847,
            -0.13966625862641238,
            -0.05259676436652193,
            -0.03315263129684023,
            -0.02974035714910805,
            -0.02857873432884873,
            0.0
        ],
        [
            0.03216989107057046,
            -0.004763195133877011,
            -0.027221585228698403,
            -0.04474007163674583,
            -0.11506688250635413,
            -0.4795766447440277,
            -0.3904085461201536,
            -0.2579813481906023,
            -0.000422921724266916,
            0.41808486027995473,
            0.4635735945116575,
            0.3663290198627732,
            0.09101303336107985,
            0.0063561803952426775,
            -0.020555135774598696,
            -0.03679024842195442,
            -0.0
        ]
    ],
    "explained_variance_": [
        0.0036799327035420305,
        0.00010120127834011414
    ],
    "explained_variance_ratio_": [
        0.9707603335786886,
        0.026696734596662126
    ],
    "mean_": [
        0.010991852874918493,
        0.00728550339718205,
        0.007282663286002397,
        0.007391850373943149,
        0.012877990781921173,
        0.055237166002117845,
        0.06562249518304959,
        0.09688702758769976,
        0.4256246107403481,
        0.11132791160006626,
        0.08331800814399783,
        0.07018538299764784,
        0.020602716150548622,
        0.009770931235944785,
        0.008005829814203608,
        0.007588059830408459,
        0.0
    ],
    "n_components_": 2,
    "n_features_": 17,
    "n_samples_": 396,
    "name": "pca_CSCRunsummaryCSCOfflineMonitorDigishWireTBin_m42_default_pca",
    "noise_variance_": 6.426452654836088e-07,
    "singular_values_": [
        1.2056423258575082,
        0.19993625220140815
    ]
}