{
    "components_": [
        [
            -0.017493442021131775,
            -0.012091350174002329,
            -0.012011082422954372,
            -0.012315991324388157,
            -0.021155484712291294,
            -0.1352052198501475,
            -0.16222538547687504,
            -0.13220775833305146,
            0.9413515193225792,
            -0.06167590702387144,
            -0.14741874841193015,
            -0.1524825467598891,
            -0.035687879397645596,
            -0.015333047628490422,
            -0.012314182982433157,
            -0.011733492803477486,
            -0.0
        ],
        [
            -0.01708584988287623,
            -0.024996065899906,
            -0.030567361575789237,
            -0.03318353386380028,
            -0.08190080675829868,
            -0.43338175856438804,
            -0.07216596103057352,
            -0.10210903108455195,
            -0.025525755676590472,
            0.833723699512129,
            0.2528230092694564,
            -0.15541270462629303,
            -0.029881017012148677,
            -0.024087050162130065,
            -0.02571109558230409,
            -0.03053871706193666,
            -0.0
        ]
    ],
    "explained_variance_": [
        0.0017520259738839916,
        1.688241738098214e-05
    ],
    "explained_variance_ratio_": [
        0.9865186780233581,
        0.00950603491317181
    ],
    "mean_": [
        0.0029601888289262322,
        0.002006082218702149,
        0.0020014664925480465,
        0.0020351052108668203,
        0.00391184911841134,
        0.028422863635788092,
        0.03372774217141127,
        0.0643540308448256,
        0.6635691064639804,
        0.10211505303729307,
        0.04762315407362441,
        0.032935758372871354,
        0.007342354594033801,
        0.0028738437234617866,
        0.002117739450927886,
        0.0020036617623272004,
        0.0
    ],
    "n_components_": 2,
    "n_features_": 17,
    "n_samples_": 396,
    "name": "pca_CSCRunsummaryCSCOfflineMonitorDigishWireTBin_p22_default_pca",
    "noise_variance_": 4.70665607183405e-07,
    "singular_values_": [
        0.8318955822001801,
        0.08166122008326808
    ]
}