{
    "components_": [
        [
            0.003973305939886011,
            0.002741963876805837,
            0.002769032912635719,
            0.0029202585697477887,
            0.012633107542741022,
            0.14158752256848006,
            0.17558473900226573,
            0.12712902061824796,
            -0.9325845540898192,
            0.08217982446029519,
            0.16261132791507404,
            0.16881529189367886,
            0.03572281942850961,
            0.0075641087606001705,
            0.0033446512844361753,
            0.0030075793164148013,
            0.0
        ],
        [
            -0.010110002474493736,
            -0.006730501597555049,
            -0.00722073784129554,
            -0.007640480897682983,
            -0.03174787570203523,
            -0.1932641811830129,
            0.05120054014675147,
            -0.5688457953141973,
            -0.01878352744564499,
            0.7654127093795342,
            0.1887160045354942,
            -0.11167581269882428,
            -0.0265596820874365,
            -0.009080002017450677,
            -0.006890343816453054,
            -0.006780310985696261,
            -0.0
        ]
    ],
    "explained_variance_": [
        0.0008033826317486693,
        1.735594845538505e-05
    ],
    "explained_variance_ratio_": [
        0.972516140078118,
        0.021009839312167582
    ],
    "mean_": [
        0.0004240532680950686,
        0.00027991597746433337,
        0.0002871713895598226,
        0.00029400260320390194,
        0.0015204617312539002,
        0.017885378212664116,
        0.021826947970191087,
        0.07511776429235846,
        0.7196197723608108,
        0.09905990548148262,
        0.0353440106949176,
        0.0219507972391567,
        0.004663947562949477,
        0.0010324008061736404,
        0.00037654264562994583,
        0.0003169277640883714,
        0.0
    ],
    "n_components_": 2,
    "n_features_": 17,
    "n_samples_": 396,
    "name": "pca_CSCRunsummaryCSCOfflineMonitorDigishWireTBin_m13_default_pca",
    "noise_variance_": 3.56540147156123e-07,
    "singular_values_": [
        0.5633259620687869,
        0.08279854853726057
    ]
}