{
    "components_": [
        [
            -0.10550943065394867,
            -0.07637802843445463,
            -0.07698794430958666,
            -0.078932989727146,
            -0.08211198255408136,
            -0.09768709138624758,
            -0.07147328234214056,
            0.013407096666529629,
            0.9547448885130272,
            0.062483085833645084,
            -0.04162850356630318,
            -0.09045378911291159,
            -0.07857908596996185,
            -0.07790217118463859,
            -0.07653388974258225,
            -0.07645688202919905,
            0.0
        ],
        [
            0.22560804189003855,
            0.0936673050753775,
            0.12163327015824767,
            0.12009402279531624,
            0.13509528049168318,
            0.2036918168401244,
            -0.05477380292541883,
            -0.4692897558614487,
            0.15721100296779109,
            -0.7076292746238209,
            -0.24812744866310496,
            0.03078158110031702,
            0.07289754349867535,
            0.08267472416817008,
            0.11277001625023939,
            0.1236956768378135,
            0.0
        ]
    ],
    "explained_variance_": [
        0.002290466208367436,
        7.245693102270943e-05
    ],
    "explained_variance_ratio_": [
        0.9491983831473888,
        0.030027075502501648
    ],
    "mean_": [
        0.028583355253616747,
        0.01880751544358842,
        0.018929843064068627,
        0.019150078956961556,
        0.023661769704821204,
        0.07053160166437546,
        0.08571546597476225,
        0.10529744604320028,
        0.2437783899241352,
        0.11340902195926951,
        0.09413880467898035,
        0.08238826569737709,
        0.034432273484643484,
        0.022250256684720665,
        0.01980607067692823,
        0.019119840788550804,
        0.0
    ],
    "n_components_": 2,
    "n_features_": 17,
    "n_samples_": 396,
    "name": "pca_CSCRunsummaryCSCOfflineMonitorDigishWireTBin_m21_default_pca",
    "noise_variance_": 3.3420049171020517e-06,
    "singular_values_": [
        0.9511751428128982,
        0.16917590772320457
    ]
}