{
    "components_": [
        [
            -0.0,
            -0.0,
            -1.1102230246251565e-16,
            -0.3378357068739467,
            -0.2262416980884538,
            -0.2991626695975639,
            0.8632400745599642,
            -0.0
        ],
        [
            0.0,
            1.1102230246251565e-16,
            2.220446049250313e-16,
            -0.4704988706371304,
            -0.34692798582747525,
            0.8113164911516455,
            0.006110365312962829,
            0.0
        ]
    ],
    "explained_variance_": [
        0.00038198220409590104,
        5.253479737223658e-06
    ],
    "explained_variance_ratio_": [
        0.9784128485917598,
        0.013456312937095923
    ],
    "mean_": [
        0.0,
        0.0,
        0.0,
        0.0707434508357892,
        0.14983564975072947,
        0.1868208680316096,
        0.5926000313818716,
        0.0
    ],
    "n_components_": 2,
    "n_features_": 8,
    "n_samples_": 396,
    "name": "pca_CSCRunsummaryCSCOfflineMonitorSegmentshSnhitsm31_default_pca",
    "noise_variance_": 5.290601686915177e-07,
    "singular_values_": [
        0.3884365721940725,
        0.04555353439858805
    ]
}