{
    "components_": [
        [
            -0.02030124066883735,
            -0.013703948616827546,
            -0.013663078669231984,
            -0.013916594295961093,
            -0.022304837508768133,
            -0.13300598109864256,
            -0.1559383494914053,
            -0.12004750560113299,
            0.9436264181992141,
            -0.06546330930599839,
            -0.14785041865150614,
            -0.1526034097694336,
            -0.039238368982996076,
            -0.01736866901584239,
            -0.014342212087593035,
            -0.013878494435037412,
            -0.0
        ],
        [
            -0.00030605554957554703,
            -0.014564939273894002,
            -0.024421791916870574,
            -0.031780267434993244,
            -0.08543428195592388,
            -0.47209897204067663,
            -0.1438789433203849,
            -0.16427082367812354,
            -0.024187736229700944,
            0.7950108599456922,
            0.28836241529715956,
            -0.05609579828305706,
            -0.005253821906731851,
            -0.012269171634964882,
            -0.021048361774577747,
            -0.027762310243376855,
            0.0
        ]
    ],
    "explained_variance_": [
        0.0024009467004484186,
        1.8123569363239118e-05
    ],
    "explained_variance_ratio_": [
        0.9889836954816107,
        0.007465352979650036
    ],
    "mean_": [
        0.004088969134992363,
        0.002756028488030831,
        0.0027485553362812496,
        0.0027664937144901494,
        0.004857047993616216,
        0.033319634163073854,
        0.039524256391062294,
        0.07271627068119223,
        0.6247307700828209,
        0.10063501758929456,
        0.05294071246429102,
        0.03962774075830731,
        0.009655121929848187,
        0.0038630655446923443,
        0.002961070596191064,
        0.0028092451318157286,
        0.0
    ],
    "n_components_": 2,
    "n_features_": 17,
    "n_samples_": 396,
    "name": "pca_CSCRunsummaryCSCOfflineMonitorDigishWireTBin_p32_default_pca",
    "noise_variance_": 5.747075116499264e-07,
    "singular_values_": [
        0.9738449294816528,
        0.08460975061114086
    ]
}