{
    "components_": [
        [
            -0.06564556127609278,
            -0.04838789902592519,
            -0.04900037289916639,
            -0.049758051865723456,
            -0.056664535355962754,
            -0.12017875168942499,
            -0.11684515718217689,
            -0.04478811540834389,
            0.9591423193451898,
            0.01858009996283855,
            -0.09298336869504846,
            -0.12238051341494154,
            -0.061151128417922175,
            -0.051617664706432885,
            -0.04955733392950966,
            -0.048763965441357325,
            -0.0
        ],
        [
            -0.01666700757239784,
            -0.07453165346124677,
            -0.10074920634437644,
            -0.10597137218057602,
            -0.13878782852551985,
            -0.3812036965281043,
            -0.015516762244463973,
            0.41222096333164354,
            -0.08111318162278935,
            0.7216745055858267,
            0.24390089649423835,
            -0.15997296266145258,
            -0.041260633661012444,
            -0.06331907078800188,
            -0.09173319328242002,
            -0.10696979653934713,
            0.0
        ]
    ],
    "explained_variance_": [
        0.003460357564918741,
        5.650822846462005e-05
    ],
    "explained_variance_ratio_": [
        0.9743391638068849,
        0.015911124511700347
    ],
    "mean_": [
        0.018501535230082994,
        0.013368848257109997,
        0.013400960513990904,
        0.01348667788730352,
        0.01775180228313212,
        0.06765951847602109,
        0.07920896234140722,
        0.10299345745822872,
        0.3228959376948624,
        0.11777663501553755,
        0.08900994374318837,
        0.0758000268847872,
        0.024659700213290756,
        0.015818578512372436,
        0.014059609854772127,
        0.013607805633912671,
        0.0
    ],
    "n_components_": 2,
    "n_features_": 17,
    "n_samples_": 396,
    "name": "pca_CSCRunsummaryCSCOfflineMonitorDigishWireTBin_p31_default_pca",
    "noise_variance_": 2.308401415426563e-06,
    "singular_values_": [
        1.1691198561922138,
        0.14940130603018476
    ]
}