{
    "components_": [
        [
            -0.04190961190053135,
            -0.02771849601491712,
            -0.02771419823197972,
            -0.028230110601644095,
            -0.03825520016650904,
            -0.11678110206619656,
            -0.1352359513888875,
            -0.07115644240137485,
            0.9545435547176173,
            -0.0458446176507324,
            -0.13568869642575135,
            -0.1421175770723304,
            -0.05340928720493758,
            -0.03287595702955892,
            -0.029242947895064847,
            -0.028363358667201688,
            0.0
        ],
        [
            0.04006131153683569,
            -0.001527241545018434,
            -0.02442227028418971,
            -0.04313755287518891,
            -0.11075844377248752,
            -0.5001614037192234,
            -0.42051364009984693,
            -0.2165870545318137,
            0.0007706333248498468,
            0.3994213161833725,
            0.4525700997265474,
            0.3663729279092667,
            0.09804908523836804,
            0.010784002797512411,
            -0.01675179676532961,
            -0.034169973123654614,
            -0.0
        ]
    ],
    "explained_variance_": [
        0.0037458637067646233,
        9.66443250834633e-05
    ],
    "explained_variance_ratio_": [
        0.9703614728358627,
        0.025035595785255344
    ],
    "mean_": [
        0.01138665654936684,
        0.007545163949881207,
        0.007529319258381112,
        0.0076360670010694855,
        0.012908616434536278,
        0.05532232647949794,
        0.0656424637787412,
        0.09452605918629031,
        0.4261241805223521,
        0.11093555247816522,
        0.08315960520976554,
        0.07046208444359528,
        0.020812043491275026,
        0.009972799376097559,
        0.008222434041011495,
        0.00781462779997309,
        0.0
    ],
    "n_components_": 2,
    "n_features_": 17,
    "n_samples_": 396,
    "name": "pca_CSCRunsummaryCSCOfflineMonitorDigishWireTBin_p42_default_pca",
    "noise_variance_": 1.1845725590961e-06,
    "singular_values_": [
        1.2163947402763735,
        0.19538297880820632
    ]
}