{
    "components_": [
        [
            -0.15078049416656314,
            -0.11766932100629189,
            -0.1182520254250412,
            -0.12181630467358444,
            -0.11702893944714406,
            -0.12492663197416964,
            0.045394228041833934,
            0.10771673192212551,
            0.8925503622215578,
            0.16768675223714252,
            0.0822188717739816,
            -0.08858277634732625,
            -0.10339612112159717,
            -0.11769418963828877,
            -0.11619274265276816,
            -0.11922739974386704,
            0.0
        ],
        [
            0.009348806779465167,
            0.043934992361783685,
            0.08197633720317844,
            0.04810209201840786,
            0.061261243977514465,
            0.023115414627233356,
            0.3401702606873035,
            -0.5756320107782621,
            0.21122987716483493,
            -0.6513454879797282,
            0.23871265588651905,
            -0.01958974293567277,
            0.018160266015031602,
            0.029920529426166482,
            0.08132889570542032,
            0.05930586984080426,
            -0.0
        ]
    ],
    "explained_variance_": [
        0.0009410629140500183,
        0.00011559056589744916
    ],
    "explained_variance_ratio_": [
        0.8238596629807549,
        0.10119451446044939
    ],
    "mean_": [
        0.024128089760035953,
        0.015782133537222652,
        0.015916514756530335,
        0.016089382991543808,
        0.019628213796625906,
        0.09281662830392881,
        0.1073305014184496,
        0.11600855552392986,
        0.1815348808745483,
        0.12089463735508575,
        0.11100289133362143,
        0.10134767584253083,
        0.027439747516319047,
        0.017712627247529523,
        0.016525841012213986,
        0.015841678729884522,
        0.0
    ],
    "n_components_": 2,
    "n_features_": 17,
    "n_samples_": 396,
    "name": "pca_CSCRunsummaryCSCOfflineMonitorDigishWireTBin_p11b_default_pca",
    "noise_variance_": 5.707180267237946e-06,
    "singular_values_": [
        0.6096883228746941,
        0.2136779668788816
    ]
}