{
    "components_": [
        [
            -0.0,
            -5.551115123125783e-17,
            -0.19881489794241328,
            -0.520935979674145,
            -0.16821358215724763,
            -0.11197356281443344,
            -0.034328782350140016,
            0.009248824594388272,
            0.18464988081186381,
            0.49612674233773524,
            0.5642380516142087,
            -0.21999669441981742,
            -0.0,
            -0.0,
            -0.0,
            -0.0
        ],
        [
            -0.0,
            -5.551115123125783e-16,
            0.13710632917715485,
            0.30672113604915485,
            0.08906762758576328,
            0.07662733383179966,
            0.05697110570762291,
            0.06323011596063523,
            0.14782632625988257,
            0.18283605634502392,
            -0.17764192649471888,
            -0.8827441044223183,
            -0.0,
            -0.0,
            -0.0,
            -0.0
        ]
    ],
    "explained_variance_": [
        0.00029150041877742586,
        0.0002450526869825092
    ],
    "explained_variance_ratio_": [
        0.49824003373640474,
        0.41885037263904334
    ],
    "mean_": [
        0.0,
        0.0,
        0.03367388741053578,
        0.05864544446220246,
        0.01679768811040655,
        0.015280508410131441,
        0.038410504778556155,
        0.06616016121446439,
        0.07852122880357801,
        0.14790149193261667,
        0.2647599129446467,
        0.27984917193286185,
        0.0,
        0.0,
        0.0,
        0.0
    ],
    "n_components_": 2,
    "n_features_": 16,
    "n_samples_": 266,
    "name": "pca_DTRunsummary02-SegmentsWheel0Sector7Station3h4DSegmNHits_W0_St3_Sec7_default_pca",
    "noise_variance_": 3.464793161323255e-06,
    "singular_values_": [
        0.27793454440932286,
        0.25483124229647536
    ]
}