{
    "components_": [
        [
            0.0,
            0.0,
            -0.865665303183702,
            -0.023143060572705848,
            0.06308915601296075,
            0.1635990537637993,
            0.32264757262599575,
            0.3394725813536524,
            0.0,
            0.0,
            0.0,
            0.0,
            0.0,
            0.0,
            0.0,
            0.0
        ],
        [
            -0.0,
            -5.551115123125783e-17,
            -0.09237971758498487,
            -0.08118234447835374,
            0.19732106318093,
            0.4603331832207119,
            0.3133189011938783,
            -0.7974110855321813,
            -0.0,
            -0.0,
            -0.0,
            -0.0,
            -0.0,
            -0.0,
            -0.0,
            -0.0
        ]
    ],
    "explained_variance_": [
        0.0070040092241618,
        0.00030451600239397126
    ],
    "explained_variance_ratio_": [
        0.952435193196998,
        0.04140939114859445
    ],
    "mean_": [
        0.0,
        0.0,
        0.429018087023144,
        0.14672540129937597,
        0.043151326275506406,
        0.07604896183821606,
        0.1418026304572172,
        0.16325359310654072,
        0.0,
        0.0,
        0.0,
        0.0,
        0.0,
        0.0,
        0.0,
        0.0
    ],
    "n_components_": 2,
    "n_features_": 16,
    "n_samples_": 295,
    "name": "pca_DTRunsummary02-SegmentsWheel2Sector3Station4h4DSegmNHits_W2_St4_Sec3_default_pca",
    "noise_variance_": 3.2332599582599902e-06,
    "singular_values_": [
        1.4349838716527685,
        0.2992118057561024
    ]
}