{
    "components_": [
        [
            0.0,
            0.0,
            -0.32141872244579217,
            -0.4197730386236399,
            -0.18375079057947172,
            -0.11020779387758256,
            -0.08864594077740341,
            -0.07925574785377612,
            -0.030512302673047623,
            0.10741555435788042,
            0.479838967326495,
            0.6463098151463383,
            0.0,
            0.0,
            0.0,
            0.0
        ],
        [
            0.0,
            -1.3877787807814457e-17,
            -0.19166844069074182,
            -0.272446594311593,
            -0.0907078571805101,
            -0.06701047877510974,
            -0.023003593859597164,
            0.06919903611507282,
            0.3010734716220954,
            0.5911255978918815,
            0.2780793067644485,
            -0.5946404475759456,
            0.0,
            0.0,
            0.0,
            0.0
        ]
    ],
    "explained_variance_": [
        0.0006400371003622055,
        0.00018563780527526777
    ],
    "explained_variance_ratio_": [
        0.7254894804625506,
        0.210422606481946
    ],
    "mean_": [
        0.0,
        0.0,
        0.07070780150001695,
        0.09146524733634712,
        0.028305421826168096,
        0.026678486975461855,
        0.051752444399189336,
        0.07759903141384106,
        0.08938375469916754,
        0.15111431927268576,
        0.22602446868779186,
        0.18696902388933026,
        0.0,
        0.0,
        0.0,
        0.0
    ],
    "n_components_": 2,
    "n_features_": 16,
    "n_samples_": 340,
    "name": "pca_DTRunsummary02-SegmentsWheel0Sector11Station1h4DSegmNHits_W0_St1_Sec11_default_pca",
    "noise_variance_": 4.038518933467149e-06,
    "singular_values_": [
        0.4658031526544101,
        0.2508609495085191
    ]
}