{
    "components_": [
        [
            -0.0,
            -1.3877787807814457e-17,
            -0.37559452030479573,
            -0.49121310977612764,
            -0.16859929630916273,
            -0.10837006732223091,
            -0.042436862200952476,
            -0.011407382080770162,
            0.0077549014877005065,
            0.15343529274712947,
            0.4320748071654758,
            0.6043562365937335,
            -0.0,
            -0.0,
            -0.0,
            -0.0
        ],
        [
            0.0,
            1.6653345369377348e-16,
            -0.18481438545920292,
            -0.2926145248868628,
            -0.08123319979861018,
            -0.04154652327779969,
            0.06922609685936652,
            0.1954724269829176,
            0.29456949784564324,
            0.4634269912167256,
            0.2567902377704526,
            -0.6792766172526297,
            0.0,
            0.0,
            0.0,
            0.0
        ]
    ],
    "explained_variance_": [
        0.0002771695075124216,
        7.204355045700073e-05
    ],
    "explained_variance_ratio_": [
        0.6608303511223806,
        0.17176696373236194
    ],
    "mean_": [
        0.0,
        0.0,
        0.05894096375919163,
        0.08378042342396369,
        0.016569254117358767,
        0.017875220124263135,
        0.05450352567610425,
        0.09275056679849794,
        0.08295342278023048,
        0.13512473374822526,
        0.22425857458899237,
        0.23324331498317252,
        0.0,
        0.0,
        0.0,
        0.0
    ],
    "n_components_": 2,
    "n_features_": 16,
    "n_samples_": 244,
    "name": "pca_DTRunsummary02-SegmentsWheel2Sector8Station3h4DSegmNHits_W2_St3_Sec8_default_pca",
    "noise_variance_": 5.01521843143059e-06,
    "singular_values_": [
        0.2595230053878046,
        0.13231244371203782
    ]
}