{
    "components_": [
        [
            -0.0,
            -2.220446049250313e-16,
            0.8328509253783405,
            0.061017867432376305,
            -0.02637753684617475,
            -0.12484201001428852,
            -0.2985547707672005,
            -0.444094475183053,
            -0.0,
            -0.0,
            -0.0,
            -0.0,
            -0.0,
            -0.0,
            -0.0,
            -0.0
        ],
        [
            -0.0,
            -1.3877787807814457e-17,
            -0.1843849887214812,
            -0.061660482262834417,
            0.17437138281407577,
            0.4156297886769693,
            0.4195852903012174,
            -0.7635409908079464,
            -0.0,
            -0.0,
            -0.0,
            -0.0,
            -0.0,
            -0.0,
            -0.0,
            -0.0
        ]
    ],
    "explained_variance_": [
        0.0024573014875679975,
        0.0004653431680350619
    ],
    "explained_variance_ratio_": [
        0.8283033476260356,
        0.15685714831020736
    ],
    "mean_": [
        0.0,
        0.0,
        0.25345589120635703,
        0.1411315074197221,
        0.05381332881327206,
        0.10497035880466432,
        0.2009844203080965,
        0.2456444934478882,
        0.0,
        0.0,
        0.0,
        0.0,
        0.0,
        0.0,
        0.0,
        0.0
    ],
    "n_components_": 2,
    "n_features_": 16,
    "n_samples_": 253,
    "name": "pca_DTRunsummary02-SegmentsWheel2Sector12Station4h4DSegmNHits_W2_St4_Sec12_default_pca",
    "noise_variance_": 3.144563566954801e-06,
    "singular_values_": [
        0.7869180229649944,
        0.34244193426745445
    ]
}