{
    "components_": [
        [
            0.0,
            -1.1102230246251565e-16,
            0.2740257391071969,
            0.7912264843985513,
            -0.025922399089386317,
            -0.0157868144754586,
            -0.025488144473361618,
            -0.038848231863775645,
            -0.06810281408542017,
            -0.16593337259904534,
            -0.3441115420644747,
            -0.38105890485482563,
            0.0,
            0.0,
            0.0,
            0.0
        ],
        [
            -0.0,
            1.1102230246251565e-16,
            0.5568114671157065,
            -0.505065428048194,
            0.18859166953403156,
            0.13858523534575332,
            0.13493490086129803,
            0.08629399943187857,
            0.09106906790695435,
            0.048656590497670696,
            -0.1827587069687135,
            -0.5571187956763862,
            -0.0,
            -0.0,
            -0.0,
            -0.0
        ]
    ],
    "explained_variance_": [
        0.0032158792666347373,
        0.0003870424149576224
    ],
    "explained_variance_ratio_": [
        0.8416240580077757,
        0.10129242452520278
    ],
    "mean_": [
        0.0,
        0.0,
        0.1441313420931417,
        0.1517704735327688,
        0.026840307705530413,
        0.02686879505810022,
        0.060517521018853736,
        0.08288530948621614,
        0.06830412795040966,
        0.10214840150917402,
        0.1670205972124738,
        0.16951312443333105,
        0.0,
        0.0,
        0.0,
        0.0
    ],
    "n_components_": 2,
    "n_features_": 16,
    "n_samples_": 333,
    "name": "pca_DTRunsummary02-SegmentsWheel-1Sector11Station1h4DSegmNHits_W-1_St1_Sec11_default_pca",
    "noise_variance_": 1.5579886338471182e-05,
    "singular_values_": [
        1.0332821088757576,
        0.3584662909757773
    ]
}