{
    "components_": [
        [
            -0.0,
            -0.0,
            0.10071742431682243,
            0.11113220700085744,
            0.030882861334288934,
            0.06745980051581123,
            0.17383837618284972,
            0.13014373332382168,
            0.17713187231737573,
            0.22611523604869846,
            -0.105742506702248,
            -0.9116790043382776,
            -0.0,
            -0.0,
            -0.0,
            -0.0
        ],
        [
            0.0,
            0.0,
            0.1761941342393562,
            0.19902774536726334,
            0.03311797030639181,
            0.011205122839372406,
            0.20622596212952954,
            0.3181136393880889,
            0.09406728837218892,
            -0.4058052726357593,
            -0.7694299780953275,
            0.1372833880888955,
            0.0,
            0.0,
            0.0,
            0.0
        ]
    ],
    "explained_variance_": [
        0.00035459645497624005,
        8.207496379009183e-05
    ],
    "explained_variance_ratio_": [
        0.7111773491621773,
        0.16460924626200873
    ],
    "mean_": [
        0.0,
        0.0,
        0.03620300020418529,
        0.037021889710659284,
        0.007784314482508682,
        0.014583291825571356,
        0.0598227874476488,
        0.10017790565721581,
        0.07610204383885263,
        0.15261401091406449,
        0.2633684952453477,
        0.252322260673946,
        0.0,
        0.0,
        0.0,
        0.0
    ],
    "n_components_": 2,
    "n_features_": 16,
    "n_samples_": 138,
    "name": "pca_DTRunsummary02-SegmentsWheel-2Sector6Station1h4DSegmNHits_W-2_St1_Sec6_default_pca",
    "noise_variance_": 4.423814455102648e-06,
    "singular_values_": [
        0.2204080632185331,
        0.10603900244364137
    ]
}