{
    "components_": [
        [
            0.0,
            1.1102230246251565e-16,
            -0.8550585755786619,
            -0.017744046672299424,
            0.048871694659259765,
            0.12558500441565384,
            0.2919172585715126,
            0.40642866460453503,
            0.0,
            0.0,
            0.0,
            0.0,
            0.0,
            0.0,
            0.0,
            0.0
        ],
        [
            -0.0,
            2.7755575615628914e-17,
            -0.157830918087211,
            -0.060160025783960645,
            0.17538057870716348,
            0.4088420733791921,
            0.4112313307051482,
            -0.777463038920332,
            -0.0,
            -0.0,
            -0.0,
            -0.0,
            -0.0,
            -0.0,
            -0.0,
            -0.0
        ]
    ],
    "explained_variance_": [
        0.0047739650516673586,
        0.00040537811949016084
    ],
    "explained_variance_ratio_": [
        0.9154147026845932,
        0.07773184066320683
    ],
    "mean_": [
        0.0,
        0.0,
        0.34206752607320073,
        0.14738113021412774,
        0.046403574364132553,
        0.08507764143799451,
        0.16846785565596406,
        0.21060227225458078,
        0.0,
        0.0,
        0.0,
        0.0,
        0.0,
        0.0,
        0.0,
        0.0
    ],
    "n_components_": 2,
    "n_features_": 16,
    "n_samples_": 240,
    "name": "pca_DTRunsummary02-SegmentsWheel-2Sector2Station4h4DSegmNHits_W-2_St4_Sec2_default_pca",
    "noise_variance_": 2.5529539816192575e-06,
    "singular_values_": [
        1.0681655524067881,
        0.3112641491693967
    ]
}