{
    "components_": [
        [
            0.0,
            9.71445146547012e-17,
            -0.5234925935234243,
            -0.43013212129342665,
            -0.10936516135464269,
            -0.07346258068373743,
            -0.05504645200478532,
            -0.008300165745775715,
            0.028534430424595435,
            0.19159562102273064,
            0.4505498093002499,
            0.5291192138582159,
            0.0,
            0.0,
            0.0,
            0.0
        ],
        [
            -0.0,
            1.1102230246251565e-16,
            -0.7792061886545214,
            0.3339716968368148,
            0.21482493331767044,
            0.13968430755702735,
            0.14693399004274785,
            0.18762820243526354,
            0.16114902032713616,
            0.0661273404362879,
            -0.1419363541084655,
            -0.32917694818996035,
            -0.0,
            -0.0,
            -0.0,
            -0.0
        ]
    ],
    "explained_variance_": [
        0.0010129512875655725,
        4.206161411306189e-05
    ],
    "explained_variance_ratio_": [
        0.9142357568814447,
        0.03796256748607084
    ],
    "mean_": [
        0.0,
        0.0,
        0.1302784045004827,
        0.13763693446505418,
        0.022731294161291035,
        0.022645405321337412,
        0.058844019211632674,
        0.08976806937434617,
        0.07399359492832482,
        0.11072776159601949,
        0.17848503135819743,
        0.1748894850833141,
        0.0,
        0.0,
        0.0,
        0.0
    ],
    "n_components_": 2,
    "n_features_": 16,
    "n_samples_": 298,
    "name": "pca_DTRunsummary02-SegmentsWheel2Sector5Station2h4DSegmNHits_W2_St2_Sec5_default_pca",
    "noise_variance_": 3.783079279625823e-06,
    "singular_values_": [
        0.548494787948778,
        0.11176895540166501
    ]
}