{
    "components_": [
        [
            0.0,
            -1.1102230246251565e-16,
            0.039208357419257205,
            0.24891113126269954,
            0.11861793918474128,
            0.21416458015426793,
            0.3603353953523709,
            0.4133083040201731,
            -0.15928723768021644,
            -0.2510935887920708,
            -0.45212466025750453,
            -0.5320402206637184,
            0.0,
            0.0,
            0.0,
            0.0
        ],
        [
            -0.0,
            -3.3306690738754696e-16,
            0.5736815567986359,
            0.4669823959048293,
            0.13107059871511853,
            -0.04086694776706181,
            -0.2819252929874508,
            -0.5292045487180902,
            0.02158635956630431,
            0.022736305826943887,
            -0.12213417487082288,
            -0.2419262524684066,
            -0.0,
            -0.0,
            -0.0,
            -0.0
        ]
    ],
    "explained_variance_": [
        0.0072605223189268755,
        0.00015448785793522598
    ],
    "explained_variance_ratio_": [
        0.9653360839623559,
        0.020540216977249927
    ],
    "mean_": [
        0.0,
        0.0,
        0.06504452769557116,
        0.09362242200975351,
        0.020181486241040693,
        0.026201416566722903,
        0.06897690846709228,
        0.11164572580148495,
        0.07119313506662213,
        0.11411822095977167,
        0.20027942734632628,
        0.22873672984561452,
        0.0,
        0.0,
        0.0,
        0.0
    ],
    "n_components_": 2,
    "n_features_": 16,
    "n_samples_": 219,
    "name": "pca_DTRunsummary02-SegmentsWheel-2Sector2Station3h4DSegmNHits_W-2_St3_Sec2_default_pca",
    "noise_variance_": 7.587692881373486e-06,
    "singular_values_": [
        1.2580913581795476,
        0.18351662875575953
    ]
}