{
    "components_": [
        [
            0.0,
            -3.469446951953614e-17,
            0.08339685190252767,
            0.26763794451554546,
            0.47724721083950644,
            0.2404394519525366,
            -0.35442173056535936,
            -0.7142997286447569,
            0.0,
            0.0,
            0.0,
            0.0,
            0.0,
            0.0,
            0.0,
            0.0
        ],
        [
            -0.0,
            -1.1102230246251565e-16,
            0.00619009559591982,
            -0.2155612673811491,
            -0.22278981995057168,
            0.20890290678265128,
            0.7578864246925239,
            -0.5346283397393748,
            -0.0,
            -0.0,
            -0.0,
            -0.0,
            -0.0,
            -0.0,
            -0.0,
            -0.0
        ]
    ],
    "explained_variance_": [
        0.002268302238332713,
        0.0002016155379252506
    ],
    "explained_variance_ratio_": [
        0.8953680357084478,
        0.07958379845056394
    ],
    "mean_": [
        0.0,
        0.0,
        0.05079462894363629,
        0.11517009640882436,
        0.06899711984817608,
        0.13338058267819786,
        0.26071672912015775,
        0.3709408430010076,
        0.0,
        0.0,
        0.0,
        0.0,
        0.0,
        0.0,
        0.0,
        0.0
    ],
    "n_components_": 2,
    "n_features_": 16,
    "n_samples_": 135,
    "name": "pca_DTRunsummary02-SegmentsWheel1Sector9Station4h4DSegmNHits_W1_St4_Sec9_default_pca",
    "noise_variance_": 4.532598278609971e-06,
    "singular_values_": [
        0.5513188731909906,
        0.16436691297820125
    ]
}