{
    "components_": [
        [
            0.0,
            -1.1102230246251565e-16,
            -0.870944777478547,
            -0.03010615385103524,
            0.08182210423711447,
            0.20865214427979437,
            0.34953931445514164,
            0.2610373683575318,
            0.0,
            0.0,
            0.0,
            0.0,
            0.0,
            0.0,
            0.0,
            0.0
        ],
        [
            0.0,
            1.1102230246251565e-16,
            0.02589526818335053,
            0.07263803742764913,
            -0.23894304440681385,
            -0.47946234144963384,
            -0.19748613978849133,
            0.8173582200339398,
            0.0,
            0.0,
            0.0,
            0.0,
            0.0,
            0.0,
            0.0,
            0.0
        ]
    ],
    "explained_variance_": [
        0.007287435367648227,
        0.00021006013499196667
    ],
    "explained_variance_ratio_": [
        0.9658617550353691,
        0.027840939975538066
    ],
    "mean_": [
        0.0,
        0.0,
        0.45708111597810996,
        0.1474022577637073,
        0.04478094696508499,
        0.08034400854843188,
        0.1393365800852838,
        0.1310550906593822,
        0.0,
        0.0,
        0.0,
        0.0,
        0.0,
        0.0,
        0.0,
        0.0
    ],
    "n_components_": 2,
    "n_features_": 16,
    "n_samples_": 297,
    "name": "pca_DTRunsummary02-SegmentsWheel2Sector5Station4h4DSegmNHits_W2_St4_Sec5_default_pca",
    "noise_variance_": 3.393801505615996e-06,
    "singular_values_": [
        1.4687004013153517,
        0.2493547672646788
    ]
}