{
    "components_": [
        [
            -0.0,
            -0.0,
            -0.5193588112702447,
            -0.4361281795917304,
            -0.10725910373115494,
            -0.07509342880314887,
            -0.058827508836853115,
            0.007261028846739652,
            0.019754359223353363,
            0.19005169277424636,
            0.4505330278353466,
            0.5290669235534458,
            -0.0,
            -0.0,
            -0.0,
            -0.0
        ],
        [
            -0.0,
            -1.1102230246251565e-16,
            -0.7861129203762427,
            0.3888954464263023,
            0.21066917346405387,
            0.10973946158754555,
            0.14434484164057698,
            0.17794661668338746,
            0.12292493817106928,
            0.05239710980654477,
            -0.12245961144176395,
            -0.29834505596147304,
            -0.0,
            -0.0,
            -0.0,
            -0.0
        ]
    ],
    "explained_variance_": [
        0.0007056601291297132,
        4.760190294564497e-05
    ],
    "explained_variance_ratio_": [
        0.8685235096131566,
        0.05858822130365362
    ],
    "mean_": [
        0.0,
        0.0,
        0.12420587439592995,
        0.13083321534247055,
        0.0211389955506059,
        0.021410750822783303,
        0.057291354815886035,
        0.093017506705606,
        0.0753274411732837,
        0.11531574538891073,
        0.1840211684172889,
        0.17743794738723498,
        0.0,
        0.0,
        0.0,
        0.0
    ],
    "n_components_": 2,
    "n_features_": 16,
    "n_samples_": 304,
    "name": "pca_DTRunsummary02-SegmentsWheel-2Sector11Station2h4DSegmNHits_W-2_St2_Sec11_default_pca",
    "noise_variance_": 4.230031509468127e-06,
    "singular_values_": [
        0.4624013615100015,
        0.12009736297075979
    ]
}