{
    "components_": [
        [
            0.0,
            0.0,
            0.31920269742177315,
            0.4297259987002484,
            0.1848595322280154,
            0.11575008155913716,
            0.0836074376226579,
            0.06154684674333394,
            0.02715694021704239,
            -0.1024449434984772,
            -0.4666161177525918,
            -0.6527884732411392,
            0.0,
            0.0,
            0.0,
            0.0
        ],
        [
            -0.0,
            -4.163336342344337e-17,
            -0.18837478641890631,
            -0.2624592235106788,
            -0.09321806328899687,
            -0.0715867815849023,
            -0.0211416261115243,
            0.06702142210518448,
            0.28247672958037257,
            0.5764329058742246,
            0.3153186973542569,
            -0.6044692739990296,
            -0.0,
            -0.0,
            -0.0,
            -0.0
        ]
    ],
    "explained_variance_": [
        0.0007493652731461206,
        0.00018234400852761517
    ],
    "explained_variance_ratio_": [
        0.7629268488948121,
        0.18564396406676797
    ],
    "mean_": [
        0.0,
        0.0,
        0.0685787508665136,
        0.09150416953352318,
        0.029025543828610032,
        0.027426573452263348,
        0.05151600196889274,
        0.07493369112124229,
        0.0836527480885405,
        0.14428370367114216,
        0.22881136835391108,
        0.20026744911536112,
        0.0,
        0.0,
        0.0,
        0.0
    ],
    "n_components_": 2,
    "n_features_": 16,
    "n_samples_": 347,
    "name": "pca_DTRunsummary02-SegmentsWheel0Sector7Station1h4DSegmNHits_W0_St1_Sec7_default_pca",
    "noise_variance_": 3.6082140067891114e-06,
    "singular_values_": [
        0.5091958213777463,
        0.25117927253369227
    ]
}