{
    "components_": [
        [
            -0.0,
            1.6653345369377348e-16,
            -0.2666908665300799,
            -0.7646371182138035,
            -0.05194677561392197,
            -0.031209834555481167,
            0.013156007081127782,
            0.06794496608517406,
            0.0926829304376465,
            0.170560277635726,
            0.3576395974518524,
            0.4125008162217605,
            -0.0,
            -0.0,
            -0.0,
            -0.0
        ],
        [
            0.0,
            0.0,
            0.008520711325098601,
            -0.261166143467129,
            0.071861877625365,
            0.04727909202149297,
            0.059995229822497,
            0.11513426384983586,
            0.253321459154585,
            0.3949947146441959,
            0.12898237790471448,
            -0.8189235828806556,
            0.0,
            0.0,
            0.0,
            0.0
        ]
    ],
    "explained_variance_": [
        0.002342584009300925,
        0.00030896010177526004
    ],
    "explained_variance_ratio_": [
        0.8389165598607808,
        0.11064352214753058
    ],
    "mean_": [
        0.0,
        0.0,
        0.0741547661122623,
        0.12520830149271137,
        0.028313501445424816,
        0.02512230369475115,
        0.05088242846262534,
        0.07812844909270465,
        0.07677955173360278,
        0.12465064715578746,
        0.20550714651137825,
        0.2112529042987519,
        0.0,
        0.0,
        0.0,
        0.0
    ],
    "n_components_": 2,
    "n_features_": 16,
    "n_samples_": 304,
    "name": "pca_DTRunsummary02-SegmentsWheel1Sector10Station2h4DSegmNHits_W1_St2_Sec10_default_pca",
    "noise_variance_": 1.0060573616300357e-05,
    "singular_values_": [
        0.8424980444002113,
        0.3059655386443117
    ]
}