{
    "components_": [
        [
            -0.0,
            1.1102230246251565e-16,
            0.2881216840245839,
            0.699929112825244,
            0.07379368589328822,
            0.04887372561843088,
            0.02828863656426193,
            -0.003071693723935065,
            -0.06492519117557488,
            -0.21505745119182598,
            -0.4566900522123772,
            -0.39926245662209575,
            -0.0,
            -0.0,
            -0.0,
            -0.0
        ],
        [
            0.0,
            -5.551115123125783e-17,
            -0.1034917839922541,
            -0.13065395948151584,
            -0.1981912382886145,
            -0.10899849197675364,
            0.026233191360961243,
            0.22023582099998987,
            0.457602522501954,
            0.5416950094577679,
            -0.10632791901264285,
            -0.5981031515688922,
            0.0,
            0.0,
            0.0,
            0.0
        ]
    ],
    "explained_variance_": [
        0.0008351252688986239,
        0.00016145404218500213
    ],
    "explained_variance_ratio_": [
        0.7627075569794228,
        0.14745358889903729
    ],
    "mean_": [
        0.0,
        0.0,
        0.05002044928554828,
        0.08179068482228818,
        0.025550569107958245,
        0.022772981516506505,
        0.04667615288024751,
        0.07866563360652559,
        0.10773774336541592,
        0.18437527912662338,
        0.2476045482134931,
        0.1548059580753932,
        0.0,
        0.0,
        0.0,
        0.0
    ],
    "n_components_": 2,
    "n_features_": 16,
    "n_samples_": 308,
    "name": "pca_DTRunsummary02-SegmentsWheel0Sector12Station2h4DSegmNHits_W0_St2_Sec12_default_pca",
    "noise_variance_": 7.026349419740344e-06,
    "singular_values_": [
        0.5063432210979797,
        0.22263510718392024
    ]
}