{
    "components_": [
        [
            0.0,
            -2.220446049250313e-16,
            -0.4983664589524339,
            -0.44142737292955003,
            -0.10959953831083923,
            -0.0761958913076707,
            -0.059877679561295624,
            0.026684503423436368,
            0.017535662891188103,
            0.1430449948421772,
            0.4105438224427975,
            0.5876579574621902,
            0.0,
            0.0,
            0.0,
            0.0
        ],
        [
            0.0,
            5.551115123125783e-17,
            -0.1622546085045121,
            -0.21481981609431963,
            -0.05687960360538845,
            -0.025715796514583066,
            0.034705308192040776,
            0.01073322725833652,
            0.24630345639562273,
            0.49497593995183176,
            0.3671184017050051,
            -0.6941665087840339,
            0.0,
            0.0,
            0.0,
            0.0
        ]
    ],
    "explained_variance_": [
        0.0008867297671139579,
        0.0001972611846681812
    ],
    "explained_variance_ratio_": [
        0.7652846192774,
        0.17024459559797006
    ],
    "mean_": [
        0.0,
        0.0,
        0.12548211828380637,
        0.13636380136235388,
        0.022748185494150752,
        0.02219818714260316,
        0.058194197630094945,
        0.091848653077042,
        0.07222383038549146,
        0.10813059086657001,
        0.17783173547261122,
        0.1849787002852762,
        0.0,
        0.0,
        0.0,
        0.0
    ],
    "n_components_": 2,
    "n_features_": 16,
    "n_samples_": 303,
    "name": "pca_DTRunsummary02-SegmentsWheel2Sector11Station2h4DSegmNHits_W2_St2_Sec11_default_pca",
    "noise_variance_": 5.335845256519127e-06,
    "singular_values_": [
        0.5174866082020049,
        0.24407555750175133
    ]
}