{
    "components_": [
        [
            -0.0,
            -1.1102230246251565e-16,
            0.0073718358086165905,
            -0.04340793760529943,
            -0.01780140654843715,
            -0.0032232435523932845,
            0.016016852689057514,
            0.07156733584217642,
            0.23465524946985697,
            0.4308533555046215,
            0.15667581733079752,
            -0.8527078589389967,
            -0.0,
            -0.0,
            -0.0,
            -0.0
        ],
        [
            0.0,
            0.0,
            0.23257774874640336,
            0.6259019770920398,
            0.21084963841885163,
            0.1399193880029465,
            0.04869704217507393,
            -0.004521079183462923,
            -0.10595786427586158,
            -0.2951025846287198,
            -0.540533418468015,
            -0.3118308478792565,
            0.0,
            0.0,
            0.0,
            0.0
        ]
    ],
    "explained_variance_": [
        0.000644016525257004,
        0.00019677829913029006
    ],
    "explained_variance_ratio_": [
        0.7227708727490375,
        0.22084157381476158
    ],
    "mean_": [
        0.0,
        0.0,
        0.03125453111153831,
        0.060185671566222246,
        0.016515961727810145,
        0.015808428881731593,
        0.03989278712659963,
        0.06682584647758756,
        0.08035054464199946,
        0.14992438998560026,
        0.26480727386755104,
        0.27443456461335985,
        0.0,
        0.0,
        0.0,
        0.0
    ],
    "n_components_": 2,
    "n_features_": 16,
    "n_samples_": 260,
    "name": "pca_DTRunsummary02-SegmentsWheel0Sector9Station3h4DSegmNHits_W0_St3_Sec9_default_pca",
    "noise_variance_": 3.5888192432077906e-06,
    "singular_values_": [
        0.4084118999754586,
        0.2257555746260657
    ]
}