{
    "components_": [
        [
            -0.0,
            -0.0,
            0.1592864913833506,
            0.15261966377622277,
            0.01417319452568186,
            0.05560013236275138,
            0.2978784844281329,
            0.49711621169650877,
            0.06999615281057196,
            -0.2107465356165078,
            -0.6326441973790342,
            -0.4032795979876783,
            -0.0,
            -0.0,
            -0.0,
            -0.0
        ],
        [
            -0.0,
            1.1102230246251565e-16,
            -0.02071754163024906,
            -0.007297825973499223,
            -0.010219775774771242,
            -0.02496075109492072,
            -0.0419407623861223,
            0.24904997958537925,
            -0.2744817975637354,
            -0.43662998439384787,
            -0.2204652880148988,
            0.7876637472466657,
            -0.0,
            -0.0,
            -0.0,
            -0.0
        ]
    ],
    "explained_variance_": [
        0.0004003938931714563,
        0.00013781827220881376
    ],
    "explained_variance_ratio_": [
        0.6609913563142417,
        0.22751767253647853
    ],
    "mean_": [
        0.0,
        0.0,
        0.0336529683105517,
        0.041147702254741195,
        0.005417134698904931,
        0.016886343198652093,
        0.07747408139256752,
        0.13808443352519478,
        0.0727796118180325,
        0.13904036837593664,
        0.2381179971679463,
        0.2373993592574724,
        0.0,
        0.0,
        0.0,
        0.0
    ],
    "n_components_": 2,
    "n_features_": 16,
    "n_samples_": 116,
    "name": "pca_DTRunsummary02-SegmentsWheel2Sector9Station1h4DSegmNHits_W2_St1_Sec9_default_pca",
    "noise_variance_": 4.823955883569206e-06,
    "singular_values_": [
        0.2145816807528487,
        0.12589321389182812
    ]
}