{
    "components_": [
        [
            0.0,
            -5.551115123125783e-17,
            -0.4885165485670305,
            -0.4712467438176977,
            -0.0932591705505976,
            -0.06745897760918534,
            -0.04762758621702394,
            -0.010086088646263147,
            0.030330676392216538,
            0.16346807060477622,
            0.41636903280363846,
            0.5680273356071668,
            0.0,
            0.0,
            0.0,
            0.0
        ],
        [
            0.0,
            -1.1102230246251565e-16,
            -0.06720968262923926,
            -0.3259477026557675,
            -0.005420839564667927,
            -0.001431078268602809,
            0.033681892394105614,
            0.03910970265553424,
            0.24281452224345473,
            0.47520615292606044,
            0.3171422813868231,
            -0.7079452484877005,
            0.0,
            0.0,
            0.0,
            0.0
        ]
    ],
    "explained_variance_": [
        0.0012213310585084108,
        0.00018783847143511123
    ],
    "explained_variance_ratio_": [
        0.7730502623983465,
        0.11889370913792827
    ],
    "mean_": [
        0.0,
        0.0,
        0.13853724554248592,
        0.13549700672826231,
        0.028546556573669758,
        0.028035417231344586,
        0.06212369404823874,
        0.08504496912837384,
        0.06946659477140255,
        0.10325452552593369,
        0.17094669567753806,
        0.1785472947727506,
        0.0,
        0.0,
        0.0,
        0.0
    ],
    "n_components_": 2,
    "n_features_": 16,
    "n_samples_": 327,
    "name": "pca_DTRunsummary02-SegmentsWheel-1Sector9Station1h4DSegmNHits_W-1_St1_Sec9_default_pca",
    "noise_variance_": 1.2194012476200454e-05,
    "singular_values_": [
        0.6309943938528629,
        0.24745775738062095
    ]
}