{
    "components_": [
        [
            -0.0,
            2.220446049250313e-16,
            -0.1863180303054615,
            -0.8262929254544373,
            0.04493023293544983,
            0.03357204995388104,
            0.05247930323157764,
            0.04725822419203066,
            0.14129773919135508,
            0.2918427448692932,
            0.4112834427606497,
            -0.010052781374338252,
            -0.0,
            -0.0,
            -0.0,
            -0.0
        ],
        [
            0.0,
            -1.1102230246251565e-16,
            0.34269615663949576,
            -0.1873331347657983,
            0.3301247211660106,
            0.22069970547215723,
            0.13680221612587742,
            0.09376181915032587,
            0.12850125018092304,
            0.022974152427181052,
            -0.3811570638507071,
            -0.7070698225454651,
            0.0,
            0.0,
            0.0,
            0.0
        ]
    ],
    "explained_variance_": [
        0.00518714235460126,
        7.085106802916552e-05
    ],
    "explained_variance_ratio_": [
        0.9739735478913301,
        0.013303484150390345
    ],
    "mean_": [
        0.0,
        0.0,
        0.06064829091882907,
        0.13342583552539647,
        0.015854082396969345,
        0.01832605529397799,
        0.04443307692693861,
        0.07405817239158971,
        0.09173181541203207,
        0.16102139468199364,
        0.2417493532697115,
        0.15875192318256184,
        0.0,
        0.0,
        0.0,
        0.0
    ],
    "n_components_": 2,
    "n_features_": 16,
    "n_samples_": 263,
    "name": "pca_DTRunsummary02-SegmentsWheel-1Sector7Station3h4DSegmNHits_W-1_St3_Sec7_default_pca",
    "noise_variance_": 4.839955877909226e-06,
    "singular_values_": [
        1.1657749769597605,
        0.1362460268178172
    ]
}