{
    "components_": [
        [
            0.0,
            5.551115123125783e-17,
            -0.8294211847546167,
            -0.05390237514775943,
            0.030577221760741048,
            0.10195795676766144,
            0.28599887763378307,
            0.4647895037401906,
            0.0,
            0.0,
            0.0,
            0.0,
            0.0,
            0.0,
            0.0,
            0.0
        ],
        [
            -0.0,
            -2.220446049250313e-16,
            -0.1755388382076198,
            -0.1335936506231269,
            0.13331973033921882,
            0.4210805101283548,
            0.47993469757789964,
            -0.7252024492147268,
            -0.0,
            -0.0,
            -0.0,
            -0.0,
            -0.0,
            -0.0,
            -0.0,
            -0.0
        ]
    ],
    "explained_variance_": [
        0.005653511347765056,
        0.0004646220241480087
    ],
    "explained_variance_ratio_": [
        0.9182001506795684,
        0.07546036194840174
    ],
    "mean_": [
        0.0,
        0.0,
        0.3006872048767669,
        0.13414757526737,
        0.04429293571978307,
        0.08755885069928676,
        0.18592724170348174,
        0.24738619173331172,
        0.0,
        0.0,
        0.0,
        0.0,
        0.0,
        0.0,
        0.0,
        0.0
    ],
    "n_components_": 2,
    "n_features_": 16,
    "n_samples_": 297,
    "name": "pca_DTRunsummary02-SegmentsWheel1Sector6Station4h4DSegmNHits_W1_St4_Sec6_default_pca",
    "noise_variance_": 2.7880914456285677e-06,
    "singular_values_": [
        1.2936148418051088,
        0.370847838267679
    ]
}