{
    "components_": [
        [
            -0.0,
            3.3306690738754696e-16,
            -0.13985726849730118,
            -0.12853795801853923,
            -0.022894398113510597,
            -0.0710089464365799,
            -0.21495049692340312,
            -0.18892815816566758,
            -0.21240314952754202,
            -0.12416231842299386,
            0.22895713766100217,
            0.8737855564445342,
            -0.0,
            -0.0,
            -0.0,
            -0.0
        ],
        [
            0.0,
            1.3877787807814457e-16,
            0.12288218396704713,
            0.11810951585799448,
            0.01966713777376367,
            0.0077219062223143325,
            0.11518465653874796,
            0.45149866196876587,
            -0.039148921690400726,
            -0.35945870738273267,
            -0.7317429830532075,
            0.29528654979770663,
            0.0,
            0.0,
            0.0,
            0.0
        ]
    ],
    "explained_variance_": [
        0.00015113187036906825,
        4.953306590563423e-05
    ],
    "explained_variance_ratio_": [
        0.6054192754429937,
        0.19842454670763307
    ],
    "mean_": [
        0.0,
        0.0,
        0.03398145583635368,
        0.034809279572489964,
        0.0070877107453518875,
        0.013789496032856705,
        0.07188060074011528,
        0.13118333844601368,
        0.07765875181423,
        0.1465955099924799,
        0.24127810213830927,
        0.24173575468179967,
        0.0,
        0.0,
        0.0,
        0.0
    ],
    "n_components_": 2,
    "n_features_": 16,
    "n_samples_": 103,
    "name": "pca_DTRunsummary02-SegmentsWheel-2Sector3Station1h4DSegmNHits_W-2_St1_Sec3_default_pca",
    "noise_variance_": 3.497629216325374e-06,
    "singular_values_": [
        0.1241589738103733,
        0.07108004447364036
    ]
}