{
    "components_": [
        [
            -0.0,
            1.1102230246251565e-16,
            -0.5065239053828903,
            -0.38769769320459896,
            -0.12385056928809526,
            -0.08505495333818239,
            -0.07289208747021389,
            -0.010916302988405013,
            0.018959936978633407,
            0.14096110727023362,
            0.4199405992987402,
            0.6070738681247785,
            -0.0,
            -0.0,
            -0.0,
            -0.0
        ],
        [
            -0.0,
            -4.163336342344337e-17,
            -0.24702821744904255,
            -0.15943498908528084,
            -0.031511206216204485,
            -0.03107268432050226,
            0.018160470827881102,
            0.047999357721369595,
            0.2455996592299376,
            0.47491016427921146,
            0.376288916255564,
            -0.6939114712429333,
            -0.0,
            -0.0,
            -0.0,
            -0.0
        ]
    ],
    "explained_variance_": [
        0.0011121635339195412,
        0.000163203093460128
    ],
    "explained_variance_ratio_": [
        0.815572605365278,
        0.1196802161529771
    ],
    "mean_": [
        0.0,
        0.0,
        0.13869685075158636,
        0.1368844092008517,
        0.028191641037109416,
        0.028064720001592786,
        0.058614377349039015,
        0.0838895203387786,
        0.06997790481586813,
        0.10461665878689386,
        0.172229170236475,
        0.17883474748180522,
        0.0,
        0.0,
        0.0,
        0.0
    ],
    "n_components_": 2,
    "n_features_": 16,
    "n_samples_": 354,
    "name": "pca_DTRunsummary02-SegmentsWheel1Sector10Station1h4DSegmNHits_W1_St1_Sec10_default_pca",
    "noise_variance_": 6.306651508913558e-06,
    "singular_values_": [
        0.6265730025093629,
        0.24002227394853418
    ]
}