{
    "components_": [
        [
            -0.0,
            -1.1102230246251565e-16,
            0.26633075296906505,
            0.20038950581627124,
            0.16837726092211272,
            0.17137049262159565,
            0.09975600406910991,
            -0.9062240163981546,
            -0.0,
            -0.0,
            -0.0,
            -0.0,
            -0.0,
            -0.0,
            -0.0,
            -0.0
        ],
        [
            0.0,
            1.1449174941446927e-16,
            -0.4733596081244452,
            -0.4509400116325241,
            0.008134996692505926,
            0.350995540189869,
            0.6631181758128348,
            -0.09794909293824101,
            0.0,
            0.0,
            0.0,
            0.0,
            0.0,
            0.0,
            0.0,
            0.0
        ]
    ],
    "explained_variance_": [
        0.00022790547329595444,
        0.00011395106338799214
    ],
    "explained_variance_ratio_": [
        0.596167531682608,
        0.2980793888368349
    ],
    "mean_": [
        0.0,
        0.0,
        0.08193506901987849,
        0.14808308050687266,
        0.0655977747102902,
        0.12435925834917629,
        0.24417804777568317,
        0.335846769638099,
        0.0,
        0.0,
        0.0,
        0.0,
        0.0,
        0.0,
        0.0,
        0.0
    ],
    "n_components_": 2,
    "n_features_": 16,
    "n_samples_": 132,
    "name": "pca_DTRunsummary02-SegmentsWheel-2Sector11Station4h4DSegmNHits_W-2_St4_Sec11_default_pca",
    "noise_variance_": 2.8876956740543093e-06,
    "singular_values_": [
        0.1727877802443507,
        0.12217851408421601
    ]
}