{
    "components_": [
        [
            0.0,
            -2.220446049250313e-16,
            0.08673976085311724,
            0.1875024645501733,
            0.1252302429269861,
            0.20717398289625502,
            0.34904052769935645,
            0.39849304775672706,
            -0.08740459317930561,
            -0.207044630107724,
            -0.474785287060093,
            -0.5849455163354925,
            0.0,
            0.0,
            0.0,
            0.0
        ],
        [
            -0.0,
            -0.0,
            -0.10967833694179153,
            -0.2636449855389895,
            -0.1331360981548042,
            -0.09648000422832122,
            -8.567276829540144e-05,
            0.04935330195108361,
            0.3166540204452175,
            0.5507382129775452,
            0.310151564694926,
            -0.6238720024365711,
            -0.0,
            -0.0,
            -0.0,
            -0.0
        ]
    ],
    "explained_variance_": [
        0.001220089458381613,
        0.000488737474149773
    ],
    "explained_variance_ratio_": [
        0.6287071126056144,
        0.25184442344288965
    ],
    "mean_": [
        0.0,
        0.0,
        0.04720350392130632,
        0.08522937382125612,
        0.026677565255684633,
        0.023028180556199665,
        0.0459515859745153,
        0.07350561857147066,
        0.08426760387025994,
        0.14776734040443756,
        0.23871846392845195,
        0.22765076369641774,
        0.0,
        0.0,
        0.0,
        0.0
    ],
    "n_components_": 2,
    "n_features_": 16,
    "n_samples_": 320,
    "name": "pca_DTRunsummary02-SegmentsWheel0Sector4Station2h4DSegmNHits_W0_St2_Sec4_default_pca",
    "noise_variance_": 1.655754083772473e-05,
    "singular_values_": [
        0.6238658006524597,
        0.3948509266213992
    ]
}