{
    "components_": [
        [
            0.0,
            1.3877787807814457e-17,
            0.3031942041131087,
            0.5513977513577786,
            0.2003783089135507,
            0.11738399021273538,
            0.0400221187978272,
            -0.014993645066109562,
            -0.04672947195108314,
            -0.13780300272246954,
            -0.42225084961054593,
            -0.5905994040447928,
            0.0,
            0.0,
            0.0,
            0.0
        ],
        [
            0.0,
            1.1102230246251565e-16,
            -0.1184755376401872,
            -0.28791500964712663,
            -0.0966295078727443,
            -0.0669742260430169,
            0.0873340715583141,
            0.16279508239999596,
            0.3045793784102501,
            0.43331548458783975,
            0.2845491450046625,
            -0.7025788807579871,
            0.0,
            0.0,
            0.0,
            0.0
        ]
    ],
    "explained_variance_": [
        0.0002612107711354387,
        5.986714191724756e-05
    ],
    "explained_variance_ratio_": [
        0.6733105771134595,
        0.1543166834170666
    ],
    "mean_": [
        0.0,
        0.0,
        0.052235194992387546,
        0.08563961781288529,
        0.016957743043525594,
        0.01763739316863384,
        0.05444327534191467,
        0.09407687653489388,
        0.08004249162622237,
        0.1290642759911474,
        0.2232374157972634,
        0.2466657156911262,
        0.0,
        0.0,
        0.0,
        0.0
    ],
    "n_components_": 2,
    "n_features_": 16,
    "n_samples_": 243,
    "name": "pca_DTRunsummary02-SegmentsWheel2Sector10Station3h4DSegmNHits_W2_St3_Sec10_default_pca",
    "noise_variance_": 4.776570504228104e-06,
    "singular_values_": [
        0.25142196923653304,
        0.12036547820689249
    ]
}