{
    "components_": [
        [
            0.0,
            0.0,
            -0.8007817463159911,
            -0.091987747725576,
            0.015083648186946012,
            0.085917854376265,
            0.27499317986095856,
            0.5167748116173977,
            0.0,
            0.0,
            0.0,
            0.0,
            0.0,
            0.0,
            0.0,
            0.0
        ],
        [
            -0.0,
            1.1102230246251565e-16,
            -0.27108530577748463,
            -0.010239334335112168,
            0.16029796042937014,
            0.4057478871382155,
            0.44736307987426027,
            -0.7320842873292496,
            -0.0,
            -0.0,
            -0.0,
            -0.0,
            -0.0,
            -0.0,
            -0.0,
            -0.0
        ]
    ],
    "explained_variance_": [
        0.003118233227108368,
        0.0006177181179467306
    ],
    "explained_variance_ratio_": [
        0.8254454787873042,
        0.16351972110083965
    ],
    "mean_": [
        0.0,
        0.0,
        0.22073862253264642,
        0.11850422319556919,
        0.049360720061238934,
        0.10263363798080688,
        0.21844002034609905,
        0.2903227758836395,
        0.0,
        0.0,
        0.0,
        0.0,
        0.0,
        0.0,
        0.0,
        0.0
    ],
    "n_components_": 2,
    "n_features_": 16,
    "n_samples_": 254,
    "name": "pca_DTRunsummary02-SegmentsWheel-1Sector7Station4h4DSegmNHits_W-1_St4_Sec7_default_pca",
    "noise_variance_": 2.9775333655367094e-06,
    "singular_values_": [
        0.8882077496050218,
        0.39532604751081457
    ]
}