{
    "components_": [
        [
            0.0,
            0.0,
            0.07209329816942324,
            -0.03588233779922739,
            0.12436526076859958,
            0.3649108376247196,
            0.3317394612189557,
            -0.8572265199824708,
            0.0,
            0.0,
            0.0,
            0.0,
            0.0,
            0.0,
            0.0,
            0.0
        ],
        [
            -0.0,
            -1.1102230246251565e-16,
            0.3646759541767215,
            0.6024342881816316,
            0.12674268562589702,
            -0.1981594544142946,
            -0.6021517915256529,
            -0.29354168204430253,
            -0.0,
            -0.0,
            -0.0,
            -0.0,
            -0.0,
            -0.0,
            -0.0,
            -0.0
        ]
    ],
    "explained_variance_": [
        0.0009537478064702068,
        0.00010470152914683144
    ],
    "explained_variance_ratio_": [
        0.8746976591091238,
        0.09602347898321484
    ],
    "mean_": [
        0.0,
        0.0,
        0.07097735029943364,
        0.14516535041816772,
        0.06853889881221899,
        0.12013891172244011,
        0.25853129713437584,
        0.3366481916133636,
        0.0,
        0.0,
        0.0,
        0.0,
        0.0,
        0.0,
        0.0,
        0.0
    ],
    "n_components_": 2,
    "n_features_": 16,
    "n_samples_": 152,
    "name": "pca_DTRunsummary02-SegmentsWheel-2Sector14Station4h4DSegmNHits_W-2_St4_Sec14_default_pca",
    "noise_variance_": 2.280351226798042e-06,
    "singular_values_": [
        0.37949429347093117,
        0.12573754769825737
    ]
}