{
    "components_": [
        [
            0.0,
            0.0,
            0.40673582734808955,
            0.3583975397566927,
            0.18529233576324017,
            0.06999395769349598,
            -0.2397873602349283,
            -0.7806323003265907,
            0.0,
            0.0,
            0.0,
            0.0,
            0.0,
            0.0,
            0.0,
            0.0
        ],
        [
            0.0,
            1.942890293094024e-16,
            -0.2744718632083599,
            -0.31459219141460754,
            0.05108027969881365,
            0.28861745626304713,
            0.719954499952933,
            -0.47058818129182584,
            0.0,
            0.0,
            0.0,
            0.0,
            0.0,
            0.0,
            0.0,
            0.0
        ]
    ],
    "explained_variance_": [
        0.0001803615666862741,
        5.6157177739986714e-05
    ],
    "explained_variance_ratio_": [
        0.6591682354442987,
        0.20523789207701515
    ],
    "mean_": [
        0.0,
        0.0,
        0.08073483721629784,
        0.14946087474490327,
        0.06529667222310007,
        0.123705674164375,
        0.24287306752151655,
        0.33792887412980727,
        0.0,
        0.0,
        0.0,
        0.0,
        0.0,
        0.0,
        0.0,
        0.0
    ],
    "n_components_": 2,
    "n_features_": 16,
    "n_samples_": 132,
    "name": "pca_DTRunsummary02-SegmentsWheel2Sector9Station4h4DSegmNHits_W2_St4_Sec9_default_pca",
    "noise_variance_": 2.6500847104718122e-06,
    "singular_values_": [
        0.15371195540979207,
        0.08577056770208683
    ]
}