{
    "components_": [
        [
            0.0,
            2.220446049250313e-16,
            0.1391329083906138,
            0.12393792750795397,
            0.003149997268267205,
            0.04768995139210768,
            0.3286819886315217,
            0.5270613641026111,
            0.02527494494387447,
            -0.15720234636888433,
            -0.43706529617418033,
            -0.6006614396938852,
            0.0,
            0.0,
            0.0,
            0.0
        ],
        [
            -0.0,
            5.551115123125783e-17,
            0.021332911456851747,
            0.011090964803345614,
            0.02199106752966526,
            0.006930431047895454,
            -0.12985576983892405,
            -0.32001490671482724,
            0.27028182033450243,
            0.4993646410760427,
            0.3016661065681119,
            -0.6827872662626628,
            -0.0,
            -0.0,
            -0.0,
            -0.0
        ]
    ],
    "explained_variance_": [
        0.008091943811121093,
        6.242282354262214e-05
    ],
    "explained_variance_ratio_": [
        0.9839092983862545,
        0.007590067102381566
    ],
    "mean_": [
        0.0,
        0.0,
        0.03411217944987217,
        0.041295718499526866,
        0.004984692754924451,
        0.01574524840980384,
        0.07737493882463385,
        0.14742291711270367,
        0.06736670749918656,
        0.1273112744097652,
        0.23244923056025305,
        0.2519370924793304,
        0.0,
        0.0,
        0.0,
        0.0
    ],
    "n_components_": 2,
    "n_features_": 16,
    "n_samples_": 82,
    "name": "pca_DTRunsummary02-SegmentsWheel2Sector7Station1h4DSegmNHits_W2_St1_Sec7_default_pca",
    "noise_variance_": 4.993684517875463e-06,
    "singular_values_": [
        0.8095970903485317,
        0.0711073041744123
    ]
}