{
    "components_": [
        [
            0.0,
            -2.220446049250313e-16,
            -0.5143629313740891,
            -0.40428674689085037,
            -0.12186115634799455,
            -0.08471124141367573,
            -0.0703398705842447,
            -0.012428661919151263,
            0.03053415226749987,
            0.16984251576872833,
            0.4428440508556817,
            0.5647698896380958,
            0.0,
            0.0,
            0.0,
            0.0
        ],
        [
            -0.0,
            -1.6653345369377348e-16,
            -0.7028411785720958,
            0.17800822687012494,
            0.17708039468947273,
            0.1061183874841225,
            0.1386680494495675,
            0.19117278293615594,
            0.1943030466071205,
            0.22918241414554566,
            0.022308789037088772,
            -0.5340009126471028,
            -0.0,
            -0.0,
            -0.0,
            -0.0
        ]
    ],
    "explained_variance_": [
        0.0014361602418119367,
        5.016818783934077e-05
    ],
    "explained_variance_ratio_": [
        0.9249099807649962,
        0.03230910889926693
    ],
    "mean_": [
        0.0,
        0.0,
        0.13343095971326274,
        0.1293340523147606,
        0.02727701601124725,
        0.028146993250367906,
        0.06014988545896945,
        0.08440712284171945,
        0.07068835325975781,
        0.10717670796331737,
        0.177194839072627,
        0.18219407011397035,
        0.0,
        0.0,
        0.0,
        0.0
    ],
    "n_components_": 2,
    "n_features_": 16,
    "n_samples_": 361,
    "name": "pca_DTRunsummary02-SegmentsWheel1Sector6Station1h4DSegmNHits_W1_St1_Sec6_default_pca",
    "noise_variance_": 4.744882035661858e-06,
    "singular_values_": [
        0.719039419678989,
        0.13438953687755115
    ]
}