{
    "components_": [
        [
            0.0,
            -1.1102230246251565e-16,
            -0.31324784670537054,
            -0.4086288669119635,
            -0.187458320204378,
            -0.12001553641569766,
            -0.08658299829006806,
            -0.08407867551863951,
            -0.03936164219385736,
            0.10899278639886241,
            0.46906936652780407,
            0.661311733313308,
            0.0,
            0.0,
            0.0,
            0.0
        ],
        [
            0.0,
            -1.8127860323957634e-16,
            -0.2339606608670084,
            -0.2802017234088403,
            -0.045720127317635154,
            -0.046138385490787,
            -0.010214283472981662,
            0.05071233758554485,
            0.2821758753279112,
            0.5700952488210874,
            0.31165890448224687,
            -0.5984071856595383,
            0.0,
            0.0,
            0.0,
            0.0
        ]
    ],
    "explained_variance_": [
        0.0007613480048694317,
        9.242190209653757e-05
    ],
    "explained_variance_ratio_": [
        0.843834259188858,
        0.10243511086869102
    ],
    "mean_": [
        0.0,
        0.0,
        0.06901068224333201,
        0.0888909740714065,
        0.02794692400074812,
        0.026325118370520373,
        0.0508750261351872,
        0.07572237350215379,
        0.08379308927413641,
        0.1424218081473714,
        0.22701652092896268,
        0.20799748332618143,
        0.0,
        0.0,
        0.0,
        0.0
    ],
    "n_components_": 2,
    "n_features_": 16,
    "n_samples_": 323,
    "name": "pca_DTRunsummary02-SegmentsWheel0Sector6Station1h4DSegmNHits_W0_St1_Sec6_default_pca",
    "noise_variance_": 3.4627405848958374e-06,
    "singular_values_": [
        0.49513034401857964,
        0.1725104416407456
    ]
}