{
    "components_": [
        [
            0.0,
            5.551115123125783e-17,
            -0.7721525008242685,
            -0.13122942684718544,
            -0.004921543014317735,
            0.06861507902383064,
            0.2988301371452307,
            0.5408582545167102,
            0.0,
            0.0,
            0.0,
            0.0,
            0.0,
            0.0,
            0.0,
            0.0
        ],
        [
            -0.0,
            1.1102230246251565e-16,
            -0.45445701748108924,
            0.4576544424336643,
            0.2006177593288993,
            0.305887351829747,
            0.14534139526810427,
            -0.655043931379325,
            -0.0,
            -0.0,
            -0.0,
            -0.0,
            -0.0,
            -0.0,
            -0.0,
            -0.0
        ]
    ],
    "explained_variance_": [
        0.0015376229576720185,
        9.198322048956124e-05
    ],
    "explained_variance_ratio_": [
        0.9153326695750964,
        0.05475675707541302
    ],
    "mean_": [
        0.0,
        0.0,
        0.15940586401152285,
        0.11908437057074246,
        0.05191727592436904,
        0.1073778189360507,
        0.23401276766268217,
        0.3282019028946328,
        0.0,
        0.0,
        0.0,
        0.0,
        0.0,
        0.0,
        0.0,
        0.0
    ],
    "n_components_": 2,
    "n_features_": 16,
    "n_samples_": 242,
    "name": "pca_DTRunsummary02-SegmentsWheel1Sector8Station4h4DSegmNHits_W1_St4_Sec8_default_pca",
    "noise_variance_": 3.588951535484508e-06,
    "singular_values_": [
        0.6087422548164013,
        0.14888907326591921
    ]
}