{
    "components_": [
        [
            0.0,
            1.1102230246251565e-16,
            0.20535139115556872,
            0.8051373608011938,
            -0.02595646308713412,
            -0.016676118023205896,
            -0.013726114469611755,
            -0.035250233227756375,
            -0.05127740870991672,
            -0.1124532825642877,
            -0.31925818207301604,
            -0.43589094980183396,
            0.0,
            0.0,
            0.0,
            0.0
        ],
        [
            0.0,
            0.0,
            -0.041751763176708145,
            -0.20168369283885307,
            -0.025278160651898876,
            -0.00809343894927355,
            0.005274004008464114,
            0.04281134309179739,
            0.21184427870328312,
            0.4764011511611637,
            0.30763849402035254,
            -0.7671622153683267,
            0.0,
            0.0,
            0.0,
            0.0
        ]
    ],
    "explained_variance_": [
        0.0027496864025040014,
        0.0004722661766967551
    ],
    "explained_variance_ratio_": [
        0.8286867941855249,
        0.1423292283849882
    ],
    "mean_": [
        0.0,
        0.0,
        0.04458145526047864,
        0.09121338044716439,
        0.01790493286842735,
        0.01858673577335134,
        0.04528406989697115,
        0.07287500398854477,
        0.07651793432349925,
        0.132690224412193,
        0.23547664296869877,
        0.2648696200606712,
        0.0,
        0.0,
        0.0,
        0.0
    ],
    "n_components_": 2,
    "n_features_": 16,
    "n_samples_": 294,
    "name": "pca_DTRunsummary02-SegmentsWheel-1Sector8Station3h4DSegmNHits_W-1_St3_Sec8_default_pca",
    "noise_variance_": 6.869461520111028e-06,
    "singular_values_": [
        0.8975846009896072,
        0.37198654514934976
    ]
}