{
    "components_": [
        [
            -0.0,
            2.220446049250313e-16,
            -0.5226071918943719,
            -0.3970372583647083,
            -0.1224587758607867,
            -0.07964930556483117,
            -0.06625375510014768,
            -0.010164140618545009,
            0.02726129860588851,
            0.1607798541527202,
            0.44746173236698683,
            0.5626675422777951,
            -0.0,
            -0.0,
            -0.0,
            -0.0
        ],
        [
            -0.0,
            -1.6653345369377348e-16,
            -0.21521156460051827,
            -0.15180423868494403,
            -0.03671828948859675,
            -0.015282316559975681,
            0.012345538887504157,
            0.06044168015211323,
            0.26046570241237377,
            0.4867237698538188,
            0.3191952771520665,
            -0.7201555591238404,
            -0.0,
            -0.0,
            -0.0,
            -0.0
        ]
    ],
    "explained_variance_": [
        0.0011313006794106204,
        0.00016981152986480168
    ],
    "explained_variance_ratio_": [
        0.8059070299507209,
        0.12096899451702542
    ],
    "mean_": [
        0.0,
        0.0,
        0.14179930236326255,
        0.13316830651437145,
        0.02807646389915909,
        0.027965929112701866,
        0.06231180134188124,
        0.08573457759820578,
        0.07217799420178653,
        0.10806617938419892,
        0.17253965775470567,
        0.16815978782972701,
        0.0,
        0.0,
        0.0,
        0.0
    ],
    "n_components_": 2,
    "n_features_": 16,
    "n_samples_": 355,
    "name": "pca_DTRunsummary02-SegmentsWheel-1Sector8Station1h4DSegmNHits_W-1_St1_Sec8_default_pca",
    "noise_variance_": 7.332040627733326e-06,
    "singular_values_": [
        0.6328352396251015,
        0.24518010027761183
    ]
}