{
    "components_": [
        [
            0.0,
            -2.220446049250313e-16,
            0.03409458661246276,
            0.22800850424098465,
            0.14633569399906027,
            0.21619735270740306,
            0.34654733356687834,
            0.44304343387626793,
            -0.17897546163905106,
            -0.29440913140749814,
            -0.49290038293989735,
            -0.4479419290166106,
            0.0,
            0.0,
            0.0,
            0.0
        ],
        [
            0.0,
            -2.220446049250313e-16,
            -0.7195908009823833,
            -0.3519868991342575,
            -0.04086735349410198,
            0.07938406267067996,
            0.2591277882993307,
            0.4246658615306095,
            -0.07915696418539872,
            0.003118770900687448,
            0.15735323343440322,
            0.2679523009604306,
            0.0,
            0.0,
            0.0,
            0.0
        ]
    ],
    "explained_variance_": [
        0.005010843644107859,
        0.0005822911043089739
    ],
    "explained_variance_ratio_": [
        0.8799398693277967,
        0.10225446943228306
    ],
    "mean_": [
        0.0,
        0.0,
        0.13854829258135037,
        0.13773358878906125,
        0.03468742823647793,
        0.03720912885044444,
        0.07651785853193255,
        0.09934649916887459,
        0.06542373498613599,
        0.10105029700503054,
        0.16186990733916667,
        0.14761326451152554,
        0.0,
        0.0,
        0.0,
        0.0
    ],
    "n_components_": 2,
    "n_features_": 16,
    "n_samples_": 332,
    "name": "pca_DTRunsummary02-SegmentsWheel-1Sector1Station1h4DSegmNHits_W-1_St1_Sec1_default_pca",
    "noise_variance_": 7.242490372937959e-06,
    "singular_values_": [
        1.2878622776522735,
        0.43901976666919035
    ]
}