{
    "components_": [
        [
            -0.0,
            -1.1102230246251565e-16,
            0.01551698403925307,
            -0.034768995868423844,
            -0.018569889168850898,
            -0.005876312380639836,
            0.020570416204092112,
            0.025303265142223863,
            0.17341918049813365,
            0.4166318847527293,
            0.2598026884463386,
            -0.852029221664856,
            -0.0,
            -0.0,
            -0.0,
            -0.0
        ],
        [
            0.0,
            0.0,
            -0.24579422161335823,
            -0.581152592915701,
            -0.22875041238154162,
            -0.15868116599689014,
            -0.08167054028083906,
            -0.005396358298866519,
            0.10538743772048369,
            0.30355351811144377,
            0.5359961313028417,
            0.356508204352427,
            0.0,
            0.0,
            0.0,
            0.0
        ]
    ],
    "explained_variance_": [
        0.0005485966963149527,
        0.0002456303917590517
    ],
    "explained_variance_ratio_": [
        0.6509553932218693,
        0.29146079319981716
    ],
    "mean_": [
        0.0,
        0.0,
        0.03978654814973111,
        0.07400738867507733,
        0.019628389299217765,
        0.018836553469989022,
        0.04453002888017673,
        0.07245885689206143,
        0.0759473866531374,
        0.13383475818333182,
        0.24363227543718477,
        0.27733781436009264,
        0.0,
        0.0,
        0.0,
        0.0
    ],
    "n_components_": 2,
    "n_features_": 16,
    "n_samples_": 267,
    "name": "pca_DTRunsummary02-SegmentsWheel1Sector11Station3h4DSegmNHits_W1_St3_Sec11_default_pca",
    "noise_variance_": 3.466365439740636e-06,
    "singular_values_": [
        0.3820035617893862,
        0.25561237099934686
    ]
}