{
    "components_": [
        [
            0.0,
            -1.1102230246251565e-16,
            0.10274792664267209,
            0.8676681275295834,
            -0.012322626702457656,
            -0.013963558899059772,
            -0.03290244012402483,
            -0.08370792240083179,
            -0.05011120401069255,
            -0.13643308869761073,
            -0.29212621936459593,
            -0.34884899397298197,
            0.0,
            0.0,
            0.0,
            0.0
        ],
        [
            -0.0,
            -1.1102230246251565e-16,
            0.08982960831767334,
            -0.26248185783975214,
            0.03957488665928122,
            0.08078849554811057,
            0.18510245593729172,
            0.08035214351786626,
            0.27303427862563934,
            0.3770815914805188,
            -0.05424460968871986,
            -0.8090369925579084,
            -0.0,
            -0.0,
            -0.0,
            -0.0
        ]
    ],
    "explained_variance_": [
        0.0008405650443115087,
        0.00019039535027509695
    ],
    "explained_variance_ratio_": [
        0.7538763929887311,
        0.1707596109052841
    ],
    "mean_": [
        0.0,
        0.0,
        0.03438267146957406,
        0.036986547740664615,
        0.006591369458771665,
        0.014356266170053074,
        0.07348095244887423,
        0.13185013296851064,
        0.07321493209612936,
        0.14344294589984366,
        0.24747841997604597,
        0.23821576177153267,
        0.0,
        0.0,
        0.0,
        0.0
    ],
    "n_components_": 2,
    "n_features_": 16,
    "n_samples_": 135,
    "name": "pca_DTRunsummary02-SegmentsWheel-2Sector5Station1h4DSegmNHits_W-2_St1_Sec5_default_pca",
    "noise_variance_": 6.002153035343864e-06,
    "singular_values_": [
        0.3356124490208046,
        0.15972782142401803
    ]
}