{
    "components_": [
        [
            0.0,
            -2.0816681711721685e-17,
            0.021654514105277932,
            0.13411084542348098,
            0.09027463910873938,
            0.1801122976762558,
            0.362561787216674,
            0.49635748288243187,
            -0.09555449940046506,
            -0.1871022551368257,
            -0.4101635462097049,
            -0.5922512656658643,
            0.0,
            0.0,
            0.0,
            0.0
        ],
        [
            0.0,
            -1.1102230246251565e-16,
            -0.2413090649485552,
            -0.535689384485562,
            -0.2079797784786877,
            -0.07411129180265748,
            0.10684448929353738,
            0.29643439043015046,
            0.14525862026261324,
            0.3777758174836776,
            0.47513023193073284,
            -0.34235402968524936,
            0.0,
            0.0,
            0.0,
            0.0
        ]
    ],
    "explained_variance_": [
        0.0015436097470525394,
        0.00018179773154578451
    ],
    "explained_variance_ratio_": [
        0.8245427192734589,
        0.09711003458791022
    ],
    "mean_": [
        0.0,
        0.0,
        0.041221004825587805,
        0.07388501448367013,
        0.019058116058261892,
        0.02046065629839763,
        0.04865701893193002,
        0.07780752708466461,
        0.072791667583016,
        0.12803432395635908,
        0.23633706582211708,
        0.28174760495599555,
        0.0,
        0.0,
        0.0,
        0.0
    ],
    "n_components_": 2,
    "n_features_": 16,
    "n_samples_": 255,
    "name": "pca_DTRunsummary02-SegmentsWheel-1Sector1Station3h4DSegmNHits_W-1_St3_Sec1_default_pca",
    "noise_variance_": 1.0476592485527573e-05,
    "singular_values_": [
        0.6261604233352225,
        0.214887467788676
    ]
}