{
    "components_": [
        [
            0.0,
            2.220446049250313e-16,
            -0.8564557786937284,
            -0.07217966691680935,
            0.07295344209408668,
            0.20343777283606135,
            0.35656217503215343,
            0.29568205564823574,
            0.0,
            0.0,
            0.0,
            0.0,
            0.0,
            0.0,
            0.0,
            0.0
        ],
        [
            -0.0,
            5.551115123125783e-17,
            -0.0314794814838773,
            -0.07912559668831073,
            0.1782690537730891,
            0.4649248582914317,
            0.28279017116861904,
            -0.8153790050609522,
            -0.0,
            -0.0,
            -0.0,
            -0.0,
            -0.0,
            -0.0,
            -0.0,
            -0.0
        ]
    ],
    "explained_variance_": [
        0.006744648569375387,
        0.0007399699565963175
    ],
    "explained_variance_ratio_": [
        0.8951108991382828,
        0.0982045493358575
    ],
    "mean_": [
        0.0,
        0.0,
        0.4049647387825806,
        0.13230118421637546,
        0.043302288589503926,
        0.08279192767502853,
        0.15915500766399782,
        0.17748485307251377,
        0.0,
        0.0,
        0.0,
        0.0,
        0.0,
        0.0,
        0.0,
        0.0
    ],
    "n_components_": 2,
    "n_features_": 16,
    "n_samples_": 261,
    "name": "pca_DTRunsummary02-SegmentsWheel-1Sector13Station4h4DSegmNHits_W-1_St4_Sec13_default_pca",
    "noise_variance_": 3.597714694124052e-06,
    "singular_values_": [
        1.324238886318326,
        0.43862533980042984
    ]
}