{
    "components_": [
        [
            0.0,
            1.1102230246251565e-16,
            -0.32451334961602196,
            -0.43586765552466905,
            -0.1891089942691818,
            -0.12033902309489468,
            -0.10082225090146374,
            -0.07463131082884863,
            -0.012079976148711008,
            0.15641049631197393,
            0.48693892126470617,
            0.6140131428071105,
            0.0,
            0.0,
            0.0,
            0.0
        ],
        [
            -0.0,
            -1.6653345369377348e-16,
            -0.30888800782187675,
            -0.32987535605300894,
            -0.09908013658711665,
            -0.08401703369969332,
            0.0888622336646544,
            0.35000171719530687,
            0.4621623297057995,
            0.38083912447499385,
            0.07336394018339343,
            -0.5333688110624535,
            -0.0,
            -0.0,
            -0.0,
            -0.0
        ]
    ],
    "explained_variance_": [
        0.0005912552901217836,
        2.472915305151957e-05
    ],
    "explained_variance_ratio_": [
        0.8902474694166901,
        0.037234450655652944
    ],
    "mean_": [
        0.0,
        0.0,
        0.07031493959701782,
        0.09334575421451086,
        0.029022710853318024,
        0.026996280821773445,
        0.05196891011195196,
        0.07610492549267643,
        0.0823743223142115,
        0.13879182204364765,
        0.22369387917275582,
        0.20738645537813677,
        0.0,
        0.0,
        0.0,
        0.0
    ],
    "n_components_": 2,
    "n_features_": 16,
    "n_samples_": 355,
    "name": "pca_DTRunsummary02-SegmentsWheel0Sector10Station1h4DSegmNHits_W0_St1_Sec10_default_pca",
    "noise_variance_": 3.4401909789673614e-06,
    "singular_values_": [
        0.4574979483048109,
        0.09356345536713534
    ]
}