{
    "components_": [
        [
            -0.0,
            2.220446049250313e-16,
            0.05354358308257853,
            0.09208831099377007,
            0.02157016668860826,
            0.057787094155723,
            0.20378850389018718,
            0.1810397830705056,
            0.2599620402316235,
            0.22168859021787968,
            -0.2309597677427923,
            -0.8605083045880836,
            -0.0,
            -0.0,
            -0.0,
            -0.0
        ],
        [
            0.0,
            -5.551115123125783e-17,
            0.07172457340636194,
            0.04660587031617662,
            0.01465095745700181,
            -0.028945812918192967,
            -0.11713218113816135,
            0.22639282510671438,
            0.31881564106195526,
            -0.032501818254092665,
            -0.8410547310878885,
            0.34144467605012496,
            0.0,
            0.0,
            0.0,
            0.0
        ]
    ],
    "explained_variance_": [
        0.00023122619597795762,
        3.526474179022306e-05
    ],
    "explained_variance_ratio_": [
        0.7366048677174553,
        0.11234099299005781
    ],
    "mean_": [
        0.0,
        0.0,
        0.032230041932283876,
        0.03496112167679486,
        0.006029994874754922,
        0.015048032352996852,
        0.07713976815224531,
        0.13325080195581668,
        0.07293791970168871,
        0.142342182434586,
        0.24692875679669113,
        0.23913138012214166,
        0.0,
        0.0,
        0.0,
        0.0
    ],
    "n_components_": 2,
    "n_features_": 16,
    "n_samples_": 94,
    "name": "pca_DTRunsummary02-SegmentsWheel-2Sector4Station1h4DSegmNHits_W-2_St1_Sec4_default_pca",
    "noise_variance_": 3.386936426266672e-06,
    "singular_values_": [
        0.14664254575650976,
        0.057267975226043606
    ]
}