{
    "components_": [
        [
            0.8854094480426179,
            -0.2778230091903252,
            -0.35778623290791217,
            -0.08095935269450398,
            -0.04538929533074036,
            -0.03173827996104487,
            -0.022148153005423464,
            -0.018377237413180328,
            -0.012338420592289361,
            -0.009613271264776844,
            -0.007621678146527729,
            -0.00603018512710237,
            -0.00491676303489701,
            -0.004692167940596335,
            -0.003271535814286626,
            -0.0027038656190110882
        ],
        [
            -0.03296443487061647,
            -0.8369574905876018,
            0.5203447736889414,
            0.13011614364005256,
            0.07140129362373956,
            0.05958624134760554,
            0.03358819534807028,
            0.028310320891762535,
            0.008763302788821953,
            0.006243338529696936,
            0.004533826048843487,
            0.0026230367237283373,
            0.0013553888089743054,
            0.0013153200974149932,
            0.0007938067676067054,
            0.0009469371529609809
        ]
    ],
    "explained_variance_": [
        0.003457279960563215,
        4.3605593363685416e-05
    ],
    "explained_variance_ratio_": [
        0.9837249028163502,
        0.01240741524645076
    ],
    "mean_": [
        0.5761028912347177,
        0.2108349818613813,
        0.12144546778241595,
        0.02913436366908227,
        0.016217852352671844,
        0.011085062459046358,
        0.008038749051488872,
        0.006818928268551035,
        0.004784437443111018,
        0.0036900175444547463,
        0.002992032803520317,
        0.0024705375677328534,
        0.0020084034781173467,
        0.0019042746388816718,
        0.0013390503235998883,
        0.0011329495212268079
    ],
    "n_components_": 2,
    "n_features_": 16,
    "n_samples_": 474,
    "name": "pca_RPCRunsummaryAllHitsSummaryHistogramsClusterSize_Layer4_default_pca",
    "noise_variance_": 9.709203411461916e-07,
    "singular_values_": [
        1.2787859169330889,
        0.14361561774759457
    ]
}