{
    "components_": [
        [
            0.8735432302093891,
            -0.35811599814245004,
            -0.32012491104922985,
            -0.06103678340421641,
            -0.033248953030437955,
            -0.023594586667802588,
            -0.017847654307754517,
            -0.013150576453275564,
            -0.010476154723982715,
            -0.008209584284378166,
            -0.006737790392651894,
            -0.005645945042522824,
            -0.0046337889688088454,
            -0.004635867254685256,
            -0.0033060714069963835,
            -0.002778565080196053
        ],
        [
            -0.040214737791378186,
            -0.7230218146040769,
            0.6876056349013826,
            0.0491037327865882,
            0.01034416293096769,
            0.015333423018522327,
            -0.004492294247810413,
            -0.00039603990962424246,
            0.0064168806904480805,
            -0.0003185574638447694,
            -0.001591965542369873,
            0.0007876073011335908,
            -0.0006233719347243966,
            1.8604555541028802e-05,
            0.0014517963819958536,
            -0.00040306107275000694
        ]
    ],
    "explained_variance_": [
        0.00837687353008054,
        8.772368843290289e-05
    ],
    "explained_variance_ratio_": [
        0.9890340426056221,
        0.010357290687452437
    ],
    "mean_": [
        0.6166369460547351,
        0.18798586536791462,
        0.11507914315504014,
        0.024383334829094567,
        0.013721322675818281,
        0.009530985913528174,
        0.007635425898764541,
        0.005512830767916508,
        0.004270983345593813,
        0.0034694687535569055,
        0.0028841617364683755,
        0.002364883017977129,
        0.0019976553911839065,
        0.0019798555926789163,
        0.0013549559842407513,
        0.0011921815154885655
    ],
    "n_components_": 2,
    "n_features_": 16,
    "n_samples_": 474,
    "name": "pca_RPCRunsummaryAllHitsSummaryHistogramsClusterSize_Layer5_default_pca",
    "noise_variance_": 3.6823259623911036e-07,
    "singular_values_": [
        1.9905429359167552,
        0.20369905406938704
    ]
}