{
    "components_": [
        [
            -0.0,
            1.1102230246251565e-16,
            0.01814969130627512,
            0.13278388392402318,
            0.11211319056639814,
            0.23774512654668517,
            0.4131407624435948,
            0.4512047880154444,
            -0.1565044284861159,
            -0.268888899735603,
            -0.4571935542635304,
            -0.48255056031717114,
            -0.0,
            -0.0,
            -0.0,
            -0.0
        ],
        [
            0.0,
            -1.1102230246251565e-16,
            0.3833667438150765,
            0.4954208210015828,
            0.18599654567430982,
            0.05163374820987558,
            -0.20068518923932036,
            -0.5541151169981833,
            0.11118415783572205,
            0.09265408764198549,
            -0.13748249248747327,
            -0.42797330545357526,
            0.0,
            0.0,
            0.0,
            0.0
        ]
    ],
    "explained_variance_": [
        0.0029290214602549886,
        0.000305169553828816
    ],
    "explained_variance_ratio_": [
        0.8609773135248007,
        0.08970370008904703
    ],
    "mean_": [
        0.0,
        0.0,
        0.0670116917912493,
        0.10356384033400473,
        0.02960131568976309,
        0.028000260883178,
        0.05689192068574831,
        0.08562635460984884,
        0.0797469078154155,
        0.13188796022374957,
        0.21079382649926476,
        0.20687592146777808,
        0.0,
        0.0,
        0.0,
        0.0
    ],
    "n_components_": 2,
    "n_features_": 16,
    "n_samples_": 310,
    "name": "pca_DTRunsummary02-SegmentsWheel-1Sector11Station2h4DSegmNHits_W-1_St2_Sec11_default_pca",
    "noise_variance_": 1.1984418110330403e-05,
    "singular_values_": [
        0.9513504250373737,
        0.30707880443479674
    ]
}