{
    "components_": [
        [
            -0.0,
            1.6653345369377348e-16,
            -0.5267898696666166,
            -0.42668947517326644,
            -0.09464651128262375,
            -0.06649307766584397,
            -0.06064805698685142,
            0.00208441141044809,
            0.020152553743446128,
            0.16436354721944846,
            0.4342728608486986,
            0.554393617553161,
            -0.0,
            -0.0,
            -0.0,
            -0.0
        ],
        [
            0.0,
            -2.220446049250313e-16,
            -0.7766515015311222,
            0.3359489301225087,
            0.19055629066355664,
            0.11738744085236444,
            0.153985233859981,
            0.21723078100848497,
            0.16089760759002233,
            0.10082603015290295,
            -0.21997201760224863,
            -0.2802087951164506,
            0.0,
            0.0,
            0.0,
            0.0
        ]
    ],
    "explained_variance_": [
        0.0008295463733007817,
        4.544418867128953e-05
    ],
    "explained_variance_ratio_": [
        0.8872918887973151,
        0.04860760205673247
    ],
    "mean_": [
        0.0,
        0.0,
        0.12620019441325742,
        0.1353144415087767,
        0.02260853005710955,
        0.02175442322441956,
        0.05676960656827658,
        0.09148743701859724,
        0.07150163749851883,
        0.10574617175920421,
        0.1763716474565611,
        0.19224591049527884,
        0.0,
        0.0,
        0.0,
        0.0
    ],
    "n_components_": 2,
    "n_features_": 16,
    "n_samples_": 338,
    "name": "pca_DTRunsummary02-SegmentsWheel2Sector3Station2h4DSegmNHits_W2_St2_Sec3_default_pca",
    "noise_variance_": 4.280629114284392e-06,
    "singular_values_": [
        0.5287316217159358,
        0.12375254172025951
    ]
}