{
    "components_": [
        [
            0.0,
            1.1102230246251565e-16,
            0.3000416533382411,
            0.7582501391948431,
            0.05709606394135229,
            0.026212356678783306,
            -0.021903204595729964,
            -0.08565168441850923,
            -0.09211393401706328,
            -0.2015883960186251,
            -0.3633895213387856,
            -0.37695347276450697,
            0.0,
            0.0,
            0.0,
            0.0
        ],
        [
            0.0,
            0.0,
            0.26201997249679027,
            -0.3181318637780773,
            0.0011520485059293706,
            0.013228919655334584,
            0.04801245253577449,
            0.07364667940192166,
            0.2385077468640004,
            0.4036018073958404,
            0.0523711648116054,
            -0.7744089278891197,
            0.0,
            0.0,
            0.0,
            0.0
        ]
    ],
    "explained_variance_": [
        0.0006782618445886223,
        0.00022998514849305844
    ],
    "explained_variance_ratio_": [
        0.6580224924460433,
        0.2231223853212077
    ],
    "mean_": [
        0.0,
        0.0,
        0.06990658958375377,
        0.08636897458288094,
        0.01624641527535554,
        0.01819607807288614,
        0.05371665142302269,
        0.09289257481189012,
        0.08192924081356882,
        0.1325989199835129,
        0.21877913444659922,
        0.22936542100652976,
        0.0,
        0.0,
        0.0,
        0.0
    ],
    "n_components_": 2,
    "n_features_": 16,
    "n_samples_": 253,
    "name": "pca_DTRunsummary02-SegmentsWheel-2Sector4Station3h4DSegmNHits_W-2_St3_Sec4_default_pca",
    "noise_variance_": 8.750774953942866e-06,
    "singular_values_": [
        0.41342712155388744,
        0.24074105885837324
    ]
}