{
    "components_": [
        [
            0.0,
            2.220446049250313e-16,
            -0.046276672257266116,
            -0.26954635824751255,
            -0.15541652620504584,
            -0.23029195158965932,
            -0.34453699683983435,
            -0.38093245970192763,
            0.17396991569431544,
            0.2757081822787998,
            0.47564714636431443,
            0.5016757205038169,
            0.0,
            0.0,
            0.0,
            0.0
        ],
        [
            -0.0,
            -2.7755575615628914e-17,
            -0.7339582111034605,
            -0.29459417693963835,
            -0.00632394037716226,
            0.101466009564529,
            0.2652195804497382,
            0.4317812929516208,
            -0.117712552770705,
            -0.04921922219795363,
            0.13171736085319616,
            0.2716238595698356,
            -0.0,
            -0.0,
            -0.0,
            -0.0
        ]
    ],
    "explained_variance_": [
        0.003057531452548929,
        0.0004962729256674363
    ],
    "explained_variance_ratio_": [
        0.8190501375672423,
        0.13294136604872975
    ],
    "mean_": [
        0.0,
        0.0,
        0.14219459028675344,
        0.1387293735655554,
        0.0331024780615837,
        0.035317384019397734,
        0.07311381418343525,
        0.09804155261238681,
        0.06401272056037191,
        0.09697600539973986,
        0.15900976387190105,
        0.15950231743887522,
        0.0,
        0.0,
        0.0,
        0.0
    ],
    "n_components_": 2,
    "n_features_": 16,
    "n_samples_": 334,
    "name": "pca_DTRunsummary02-SegmentsWheel-1Sector2Station1h4DSegmNHits_W-1_St1_Sec2_default_pca",
    "noise_variance_": 1.2801195028159404e-05,
    "singular_values_": [
        1.0090381428364308,
        0.4065204598138405
    ]
}