{
    "components_": [
        [
            -0.0,
            -0.0,
            0.03288615393297151,
            0.08812751184057493,
            0.15751723699154355,
            0.35339215831592485,
            0.25051484472356633,
            -0.8824379058045814,
            -0.0,
            -0.0,
            -0.0,
            -0.0,
            -0.0,
            -0.0,
            -0.0,
            -0.0
        ],
        [
            -0.0,
            -0.0,
            -0.3407161338711696,
            -0.5605416411871488,
            -0.17954218929895527,
            0.22632854658274099,
            0.6733910195975714,
            0.18108039817696003,
            -0.0,
            -0.0,
            -0.0,
            -0.0,
            -0.0,
            -0.0,
            -0.0,
            -0.0
        ]
    ],
    "explained_variance_": [
        0.0003242123152568329,
        5.420041360932022e-05
    ],
    "explained_variance_ratio_": [
        0.8123585396668639,
        0.13580658962361683
    ],
    "mean_": [
        0.0,
        0.0,
        0.04190099713789563,
        0.07849293075941167,
        0.06828097333551962,
        0.1439916338496704,
        0.30152977169088274,
        0.3658036932266197,
        0.0,
        0.0,
        0.0,
        0.0,
        0.0,
        0.0,
        0.0,
        0.0
    ],
    "n_components_": 2,
    "n_features_": 16,
    "n_samples_": 170,
    "name": "pca_DTRunsummary02-SegmentsWheel0Sector14Station4h4DSegmNHits_W0_St4_Sec14_default_pca",
    "noise_variance_": 1.4776641649127283e-06,
    "singular_values_": [
        0.2340766568421652,
        0.09570720923721011
    ]
}