{
    "components_": [
        [
            -0.0,
            2.220446049250313e-16,
            0.4617144475391479,
            0.43527152789314333,
            0.11582252349238492,
            0.020114215192062884,
            -0.35822994319072454,
            -0.6746927709260139,
            -0.0,
            -0.0,
            -0.0,
            -0.0,
            -0.0,
            -0.0,
            -0.0,
            -0.0
        ],
        [
            -0.0,
            -5.551115123125783e-17,
            0.5325069689360509,
            -0.15743137491279835,
            -0.17098982666620666,
            -0.15729281618072666,
            -0.5875677036928502,
            0.5407747525165296,
            -0.0,
            -0.0,
            -0.0,
            -0.0,
            -0.0,
            -0.0,
            -0.0,
            -0.0
        ]
    ],
    "explained_variance_": [
        0.0001722747744302986,
        2.565594095414586e-05
    ],
    "explained_variance_ratio_": [
        0.7566111623034844,
        0.11267796675107346
    ],
    "mean_": [
        0.0,
        0.0,
        0.08272266637692541,
        0.15053663142358636,
        0.06650095542376334,
        0.12443768046721956,
        0.2423585489138058,
        0.33344351739469935,
        0.0,
        0.0,
        0.0,
        0.0,
        0.0,
        0.0,
        0.0,
        0.0
    ],
    "n_components_": 2,
    "n_features_": 16,
    "n_samples_": 123,
    "name": "pca_DTRunsummary02-SegmentsWheel-2Sector9Station4h4DSegmNHits_W-2_St4_Sec9_default_pca",
    "noise_variance_": 2.1258500053201357e-06,
    "singular_values_": [
        0.14497421315701778,
        0.05594662453093837
    ]
}