{
    "components_": [
        [
            -0.0,
            1.1102230246251565e-16,
            -0.7332753254470494,
            -0.17697765799442453,
            -0.025828019399927488,
            0.057270913969920706,
            0.29642676752433517,
            0.5823833213471459,
            -0.0,
            -0.0,
            -0.0,
            -0.0,
            -0.0,
            -0.0,
            -0.0,
            -0.0
        ],
        [
            -0.0,
            -1.1102230246251565e-16,
            -0.3809959660239561,
            0.1371000718061613,
            0.13205120277477014,
            0.3570626760057465,
            0.45230336602078436,
            -0.6975213505835058,
            -0.0,
            -0.0,
            -0.0,
            -0.0,
            -0.0,
            -0.0,
            -0.0,
            -0.0
        ]
    ],
    "explained_variance_": [
        0.0013005630883322333,
        7.105389051434408e-05
    ],
    "explained_variance_ratio_": [
        0.9290778371353273,
        0.05075847185834748
    ],
    "mean_": [
        0.0,
        0.0,
        0.12430415411769943,
        0.093899440513777,
        0.04984936946456126,
        0.11049774061800899,
        0.2509672340995935,
        0.3704820611863599,
        0.0,
        0.0,
        0.0,
        0.0,
        0.0,
        0.0,
        0.0,
        0.0
    ],
    "n_components_": 2,
    "n_features_": 16,
    "n_samples_": 220,
    "name": "pca_DTRunsummary02-SegmentsWheel0Sector12Station4h4DSegmNHits_W0_St4_Sec12_default_pca",
    "noise_variance_": 2.0161429506596614e-06,
    "singular_values_": [
        0.5336884075420405,
        0.12474294377896232
    ]
}