{
    "components_": [
        [
            -0.0,
            -0.0,
            -0.8682660746687989,
            -0.02465376507687983,
            0.06807894498984182,
            0.17865219306726882,
            0.3324470914350411,
            0.3137416102535269,
            -0.0,
            -0.0,
            -0.0,
            -0.0,
            -0.0,
            -0.0,
            -0.0,
            -0.0
        ],
        [
            -0.0,
            -0.0,
            0.0645845259463535,
            0.06381023359820237,
            -0.17447279209341693,
            -0.4512016133837556,
            -0.3144276325246013,
            0.8117072784572181,
            -0.0,
            -0.0,
            -0.0,
            -0.0,
            -0.0,
            -0.0,
            -0.0,
            -0.0
        ]
    ],
    "explained_variance_": [
        0.004765095164330561,
        0.000262209528793998
    ],
    "explained_variance_ratio_": [
        0.9395168998729546,
        0.05169892208108597
    ],
    "mean_": [
        0.0,
        0.0,
        0.39040683345689375,
        0.15193528768241304,
        0.04579606710285086,
        0.07975136972344475,
        0.15158509583055474,
        0.180525346203843,
        0.0,
        0.0,
        0.0,
        0.0,
        0.0,
        0.0,
        0.0,
        0.0
    ],
    "n_components_": 2,
    "n_features_": 16,
    "n_samples_": 245,
    "name": "pca_DTRunsummary02-SegmentsWheel-2Sector3Station4h4DSegmNHits_W-2_St4_Sec3_default_pca",
    "noise_variance_": 3.182292359515495e-06,
    "singular_values_": [
        1.0782778955801036,
        0.2529409516581598
    ]
}