{
    "components_": [
        [
            -0.0,
            2.220446049250313e-16,
            0.30867566015390513,
            0.5507239349278491,
            0.19453445059620667,
            0.12165504563199228,
            0.03429711169983277,
            -0.04226157767386973,
            -0.031816365856676534,
            -0.1466258563006413,
            -0.36408408940782455,
            -0.6250983137707736,
            -0.0,
            -0.0,
            -0.0,
            -0.0
        ],
        [
            0.0,
            2.220446049250313e-16,
            -0.13719781958383087,
            -0.2864229683543808,
            -0.0767469283730594,
            -0.040659325474566584,
            0.07408238270892196,
            0.09395668739899962,
            0.24096068697907733,
            0.44451939146980707,
            0.37891472186983144,
            -0.6914068286408009,
            0.0,
            0.0,
            0.0,
            0.0
        ]
    ],
    "explained_variance_": [
        0.00023332409353113437,
        6.230236000539512e-05
    ],
    "explained_variance_ratio_": [
        0.6656870634921681,
        0.17775221775409653
    ],
    "mean_": [
        0.0,
        0.0,
        0.054229143920923525,
        0.08592545774691078,
        0.016850799123415233,
        0.01756111523891794,
        0.053816584105454035,
        0.09241693817832376,
        0.07925568310704768,
        0.12765554487591801,
        0.22175033591787,
        0.2505383977852192,
        0.0,
        0.0,
        0.0,
        0.0
    ],
    "n_components_": 2,
    "n_features_": 16,
    "n_samples_": 250,
    "name": "pca_DTRunsummary02-SegmentsWheel2Sector9Station3h4DSegmNHits_W2_St3_Sec9_default_pca",
    "noise_variance_": 3.919622488999395e-06,
    "singular_values_": [
        0.24103464333836425,
        0.12455234899970127
    ]
}