{
    "components_": [
        [
            -0.0,
            -0.0,
            0.21723520865095536,
            0.23586910178110224,
            0.14129253228131225,
            0.09817143973177017,
            0.043768761217337804,
            0.040328461249268255,
            0.18310949428923962,
            0.1764373586698748,
            -0.2907230135106422,
            -0.8454893443602183,
            -0.0,
            -0.0,
            -0.0,
            -0.0
        ],
        [
            -0.0,
            -1.1102230246251565e-16,
            -0.3106192851484493,
            -0.46164910471290344,
            -0.16746550750195444,
            -0.12026179315294848,
            -0.06282104562896257,
            0.06356083684555786,
            0.2882023777001378,
            0.5492120019345839,
            0.4504796217823069,
            -0.22863810211736824,
            -0.0,
            -0.0,
            -0.0,
            -0.0
        ]
    ],
    "explained_variance_": [
        0.001064062349706686,
        0.00030462831182087043
    ],
    "explained_variance_ratio_": [
        0.7416594380165832,
        0.21232821799520118
    ],
    "mean_": [
        0.0,
        0.0,
        0.06803943379228705,
        0.10103483734906964,
        0.027940507542229407,
        0.025241381095029897,
        0.05216899411697026,
        0.08222621252658366,
        0.08819786426971486,
        0.14112408907561463,
        0.2140985745653134,
        0.19992810566718722,
        0.0,
        0.0,
        0.0,
        0.0
    ],
    "n_components_": 2,
    "n_features_": 16,
    "n_samples_": 326,
    "name": "pca_DTRunsummary02-SegmentsWheel-1Sector9Station2h4DSegmNHits_W-1_St2_Sec9_default_pca",
    "noise_variance_": 4.715295029148853e-06,
    "singular_values_": [
        0.5880648464707553,
        0.31464933075057205
    ]
}