{
    "components_": [
        [
            -0.0,
            -1.1102230246251565e-16,
            0.11482232758079122,
            0.10439405626050706,
            0.017135930625892283,
            0.05690787524607609,
            0.14315349287598306,
            0.08560236666681861,
            0.3044606962101081,
            0.23474870379925206,
            -0.18880730961933556,
            -0.8724181396460933,
            -0.0,
            -0.0,
            -0.0,
            -0.0
        ],
        [
            0.0,
            0.0,
            0.0414969762492176,
            0.1269014843499475,
            -0.0020020478305479896,
            -0.01208583655357785,
            0.09383329514581559,
            0.36135763864294973,
            0.20904246704828072,
            -0.25229316589940626,
            -0.8193013669700759,
            0.25305055581739694,
            0.0,
            0.0,
            0.0,
            0.0
        ]
    ],
    "explained_variance_": [
        0.00018009014874486865,
        5.53598573853615e-05
    ],
    "explained_variance_ratio_": [
        0.6168739418633894,
        0.18962754867109888
    ],
    "mean_": [
        0.0,
        0.0,
        0.03313027524069041,
        0.034759208605413934,
        0.006852359369361309,
        0.013763599240976103,
        0.0722303418137818,
        0.13327768073225865,
        0.07534838305832872,
        0.14592534017021674,
        0.24892490782204743,
        0.2357879039469249,
        0.0,
        0.0,
        0.0,
        0.0
    ],
    "n_components_": 2,
    "n_features_": 16,
    "n_samples_": 143,
    "name": "pca_DTRunsummary02-SegmentsWheel-2Sector9Station1h4DSegmNHits_W-2_St1_Sec9_default_pca",
    "noise_variance_": 4.034996106601108e-06,
    "singular_values_": [
        0.15991498091727163,
        0.08866284311210268
    ]
}