{
    "components_": [
        [
            -0.0,
            -2.220446049250313e-16,
            0.10308407610320965,
            0.264449216106953,
            0.17007019681196422,
            0.21855218661538783,
            0.31377470900281595,
            0.3522638815594051,
            -0.12398888350682033,
            -0.26437109107359136,
            -0.5005623807163468,
            -0.5332719109029771,
            -0.0,
            -0.0,
            -0.0,
            -0.0
        ],
        [
            -0.0,
            -0.0,
            -0.4403054244541527,
            -0.4678821078502581,
            -0.145910757683529,
            0.0665120963925349,
            0.32845668396804517,
            0.5774044781403692,
            -0.13216710528429854,
            -0.11265616959190008,
            0.02772438539312644,
            0.2988239209700638,
            -0.0,
            -0.0,
            -0.0,
            -0.0
        ]
    ],
    "explained_variance_": [
        0.0011224410985146095,
        0.0002089735665965409
    ],
    "explained_variance_ratio_": [
        0.7762974681873753,
        0.14452932174495664
    ],
    "mean_": [
        0.0,
        0.0,
        0.06643738032714397,
        0.10218082729843933,
        0.02632685381617661,
        0.026040170637943987,
        0.051800708761118135,
        0.08145521320465691,
        0.08085032033194373,
        0.1339097197021769,
        0.21736541143054958,
        0.21363339448985103,
        0.0,
        0.0,
        0.0,
        0.0
    ],
    "n_components_": 2,
    "n_features_": 16,
    "n_samples_": 313,
    "name": "pca_DTRunsummary02-SegmentsWheel-1Sector2Station2h4DSegmNHits_W-1_St2_Sec2_default_pca",
    "noise_variance_": 8.176842044913437e-06,
    "singular_values_": [
        0.5917783560899792,
        0.25534242259781426
    ]
}