{
    "components_": [
        [
            0.0,
            0.0,
            0.28720284989731665,
            0.4252665182438842,
            0.19014880105990536,
            0.12957670674769417,
            0.07750233402647047,
            0.003015848128077453,
            0.017609071080714214,
            -0.03709139838699832,
            -0.3485775555264869,
            -0.7446531752705774,
            0.0,
            0.0,
            0.0,
            0.0
        ],
        [
            -0.0,
            1.3877787807814457e-16,
            -0.17631522341478914,
            -0.3278502338616404,
            -0.13949901044073998,
            -0.09585748038284667,
            -0.024338466994078725,
            0.07314644422714257,
            0.2613373137387246,
            0.5234720069268597,
            0.44289552150002176,
            -0.5369908712986533,
            -0.0,
            -0.0,
            -0.0,
            -0.0
        ]
    ],
    "explained_variance_": [
        0.0005665043121695542,
        0.0002593246394449325
    ],
    "explained_variance_ratio_": [
        0.6320392956646059,
        0.28932412153324777
    ],
    "mean_": [
        0.0,
        0.0,
        0.06648124317728242,
        0.10017983128879956,
        0.02883115670256237,
        0.02530732840966992,
        0.05149494356148899,
        0.07882530162494751,
        0.07974171774686258,
        0.1307983792694712,
        0.2161142709566927,
        0.22222582726222273,
        0.0,
        0.0,
        0.0,
        0.0
    ],
    "n_components_": 2,
    "n_features_": 16,
    "n_samples_": 322,
    "name": "pca_DTRunsummary02-SegmentsWheel1Sector9Station2h4DSegmNHits_W1_St2_Sec9_default_pca",
    "noise_variance_": 5.034492945213247e-06,
    "singular_values_": [
        0.42643626042637006,
        0.28851899289617544
    ]
}