{
    "components_": [
        [
            -0.0,
            -1.1102230246251565e-16,
            -0.5384620484005043,
            -0.40991994367263385,
            -0.08844728885679087,
            -0.07018578357421479,
            -0.059185177531099704,
            0.015591592350104658,
            -0.003325443732619407,
            0.1580688962974905,
            0.4496690920158783,
            0.5461961051043894,
            -0.0,
            -0.0,
            -0.0,
            -0.0
        ],
        [
            -0.0,
            1.8041124150158794e-16,
            -0.10944154148064034,
            -0.29522993356462446,
            -0.06325814465550172,
            -0.02180964562921066,
            0.053706740288694405,
            0.07342514751299745,
            0.28538700548403917,
            0.5223973330586017,
            0.2436051143562779,
            -0.6887820753706336,
            -0.0,
            -0.0,
            -0.0,
            -0.0
        ]
    ],
    "explained_variance_": [
        0.0008626499895034263,
        0.00021310154320888664
    ],
    "explained_variance_ratio_": [
        0.7464159835717643,
        0.1843881063123692
    ],
    "mean_": [
        0.0,
        0.0,
        0.12439684772855802,
        0.12490112299460451,
        0.021007670036072727,
        0.021619217749974336,
        0.058637104726443054,
        0.09469243016531786,
        0.08071335496024014,
        0.12524122334024543,
        0.18934288520073,
        0.1594481430978139,
        0.0,
        0.0,
        0.0,
        0.0
    ],
    "n_components_": 2,
    "n_features_": 16,
    "n_samples_": 332,
    "name": "pca_DTRunsummary02-SegmentsWheel2Sector2Station2h4DSegmNHits_W2_St2_Sec2_default_pca",
    "noise_variance_": 5.712235196393695e-06,
    "singular_values_": [
        0.5343567595957163,
        0.2655872941278281
    ]
}