{
    "components_": [
        [
            0.0,
            2.7755575615628914e-16,
            0.09205755638173857,
            0.083821893548588,
            0.03572974803306199,
            0.030093354941148783,
            0.03317348562304381,
            0.03813464761150587,
            0.15340835814886117,
            0.33132048445896073,
            0.11506640600049287,
            -0.9128059347474016,
            0.0,
            0.0,
            0.0,
            0.0
        ],
        [
            -0.0,
            -1.1102230246251565e-16,
            -0.38587943339024694,
            -0.4854662827323481,
            -0.1966166645127284,
            -0.12739997322361238,
            -0.07468382414606223,
            0.011510918836350567,
            0.13412802366444554,
            0.3699901019758129,
            0.6173802787336045,
            0.1370368547947846,
            -0.0,
            -0.0,
            -0.0,
            -0.0
        ]
    ],
    "explained_variance_": [
        0.00047304574680701576,
        0.0003652914598592366
    ],
    "explained_variance_ratio_": [
        0.5172029964807999,
        0.39939020465417907
    ],
    "mean_": [
        0.0,
        0.0,
        0.05942281277937311,
        0.07924060117042832,
        0.02078841214048219,
        0.019856599879035635,
        0.04523865740368072,
        0.07101176965834316,
        0.07452956058141323,
        0.13350862805155916,
        0.23626735182277842,
        0.26013560651290596,
        0.0,
        0.0,
        0.0,
        0.0
    ],
    "n_components_": 2,
    "n_features_": 16,
    "n_samples_": 236,
    "name": "pca_DTRunsummary02-SegmentsWheel1Sector4Station3h4DSegmNHits_W1_St3_Sec4_default_pca",
    "noise_variance_": 5.448983933961189e-06,
    "singular_values_": [
        0.33341528234267953,
        0.29299060235256796
    ]
}