{
    "components_": [
        [
            0.0,
            0.0,
            0.17908399163212085,
            0.2164040402928405,
            0.1836055058838064,
            0.28983322435415304,
            0.026983840469498144,
            -0.8959106026324188,
            0.0,
            0.0,
            0.0,
            0.0,
            0.0,
            0.0,
            0.0,
            0.0
        ],
        [
            0.0,
            1.1102230246251565e-16,
            -0.2823069657582026,
            -0.5760132488661394,
            -0.05036521843848059,
            0.29752321874587284,
            0.6997226852680498,
            -0.08856047095110003,
            0.0,
            0.0,
            0.0,
            0.0,
            0.0,
            0.0,
            0.0,
            0.0
        ]
    ],
    "explained_variance_": [
        0.00019006396037102898,
        8.086438664996467e-05
    ],
    "explained_variance_ratio_": [
        0.6237127668024152,
        0.26536409235486824
    ],
    "mean_": [
        0.0,
        0.0,
        0.07350308673763713,
        0.14437644214742087,
        0.0706436370247645,
        0.12699303640611667,
        0.2623651821593007,
        0.3221186155247599,
        0.0,
        0.0,
        0.0,
        0.0,
        0.0,
        0.0,
        0.0,
        0.0
    ],
    "n_components_": 2,
    "n_features_": 16,
    "n_samples_": 138,
    "name": "pca_DTRunsummary02-SegmentsWheel2Sector14Station4h4DSegmNHits_W2_St4_Sec14_default_pca",
    "noise_variance_": 2.41440022755571e-06,
    "singular_values_": [
        0.16136530782925732,
        0.10525407816823612
    ]
}