{
    "components_": [
        [
            -0.0,
            -1.6653345369377348e-16,
            -0.5211789524919654,
            -0.3990640844438569,
            -0.12141496359380263,
            -0.0781483602035696,
            -0.06226987864389722,
            -0.00657700705439325,
            0.02531082291122949,
            0.1554934513056566,
            0.4275956742507853,
            0.5802532979638135,
            -0.0,
            -0.0,
            -0.0,
            -0.0
        ],
        [
            -0.0,
            2.7755575615628914e-16,
            -0.1778243118492537,
            -0.20261634419082306,
            -0.04167518778397877,
            -0.03126387028293805,
            0.025181845889959635,
            0.04266741336751854,
            0.2489395033669515,
            0.5019286430650858,
            0.33767584443009696,
            -0.7030135360126192,
            -0.0,
            -0.0,
            -0.0,
            -0.0
        ]
    ],
    "explained_variance_": [
        0.001106810929635141,
        0.0001709400156424441
    ],
    "explained_variance_ratio_": [
        0.8073352014928411,
        0.12468786517799885
    ],
    "mean_": [
        0.0,
        0.0,
        0.14138800996262121,
        0.13539615572428662,
        0.028520165220976633,
        0.028572102383462975,
        0.06128124526990893,
        0.0850996622787081,
        0.07052209659312036,
        0.10563905743854844,
        0.17191244753266122,
        0.17166905759570564,
        0.0,
        0.0,
        0.0,
        0.0
    ],
    "n_components_": 2,
    "n_features_": 16,
    "n_samples_": 339,
    "name": "pca_DTRunsummary02-SegmentsWheel1Sector9Station1h4DSegmNHits_W1_St1_Sec9_default_pca",
    "noise_variance_": 6.656609532258742e-06,
    "singular_values_": [
        0.611638859308888,
        0.240369975843794
    ]
}