{
    "components_": [
        [
            0.0,
            -1.1102230246251565e-16,
            0.10074427413371723,
            0.17118821298036052,
            0.15783710688779073,
            0.2834158314277309,
            0.19158215702508632,
            -0.9047675824546855,
            0.0,
            0.0,
            0.0,
            0.0,
            0.0,
            0.0,
            0.0,
            0.0
        ],
        [
            -0.0,
            8.326672684688674e-17,
            -0.2771068145107047,
            -0.5957762753192826,
            -0.12244547430748252,
            0.23426903032122476,
            0.7036255447868199,
            0.05743398902942495,
            -0.0,
            -0.0,
            -0.0,
            -0.0,
            -0.0,
            -0.0,
            -0.0,
            -0.0
        ]
    ],
    "explained_variance_": [
        0.0003489480926837676,
        0.00011550248155951166
    ],
    "explained_variance_ratio_": [
        0.7083032336085903,
        0.2344497158566196
    ],
    "mean_": [
        0.0,
        0.0,
        0.048645148452321575,
        0.11130231019117372,
        0.061657715736513366,
        0.1293234524860874,
        0.26609137231567376,
        0.3829800008182303,
        0.0,
        0.0,
        0.0,
        0.0,
        0.0,
        0.0,
        0.0,
        0.0
    ],
    "n_components_": 2,
    "n_features_": 16,
    "n_samples_": 155,
    "name": "pca_DTRunsummary02-SegmentsWheel1Sector11Station4h4DSegmNHits_W1_St4_Sec11_default_pca",
    "noise_variance_": 2.0144972770362116e-06,
    "singular_values_": [
        0.23181459460806217,
        0.13336934490416003
    ]
}