{
    "components_": [
        [
            -0.0,
            -1.1102230246251565e-16,
            -0.8575720681676654,
            -0.020756649804580862,
            0.05377822644548308,
            0.13299840641051736,
            0.29867778130650796,
            0.39287430380973765,
            -0.0,
            -0.0,
            -0.0,
            -0.0,
            -0.0,
            -0.0,
            -0.0,
            -0.0
        ],
        [
            0.0,
            -5.551115123125783e-17,
            -0.24820433036913658,
            0.2898985309143027,
            0.26316640650506595,
            0.3264698324309254,
            0.17383722215922243,
            -0.8051676616403799,
            0.0,
            0.0,
            0.0,
            0.0,
            0.0,
            0.0,
            0.0,
            0.0
        ]
    ],
    "explained_variance_": [
        0.00563558272782729,
        4.913540046604385e-05
    ],
    "explained_variance_ratio_": [
        0.9859387727444411,
        0.008596182289116164
    ],
    "mean_": [
        0.0,
        0.0,
        0.3720298923652231,
        0.14410894762816226,
        0.04343560444376838,
        0.0818667444161032,
        0.16050798036073552,
        0.19805083078600752,
        0.0,
        0.0,
        0.0,
        0.0,
        0.0,
        0.0,
        0.0,
        0.0
    ],
    "n_components_": 2,
    "n_features_": 16,
    "n_samples_": 310,
    "name": "pca_DTRunsummary02-SegmentsWheel2Sector2Station4h4DSegmNHits_W2_St4_Sec2_default_pca",
    "noise_variance_": 2.231282645179846e-06,
    "singular_values_": [
        1.3196192871046681,
        0.12321866232031392
    ]
}