{
    "components_": [
        [
            0.0,
            -1.3877787807814457e-16,
            0.3671420281142126,
            0.28455503221731004,
            0.09773138498455888,
            0.06640317995336753,
            0.05777865194712073,
            -0.03605849939829727,
            0.0911057021953148,
            0.10035482510119298,
            -0.1844824647856059,
            -0.8445298403291747,
            0.0,
            0.0,
            0.0,
            0.0
        ],
        [
            -0.0,
            -8.500145032286355e-17,
            -0.40090809302652014,
            -0.38551049496709283,
            -0.12553106866948568,
            -0.06538321633858403,
            0.04933529743607012,
            0.07263586592434293,
            0.22821105474488254,
            0.468034706519263,
            0.5149403865090303,
            -0.3558244381319059,
            -0.0,
            -0.0,
            -0.0,
            -0.0
        ]
    ],
    "explained_variance_": [
        0.0004560157765392852,
        0.000258276754601942
    ],
    "explained_variance_ratio_": [
        0.5713916710489133,
        0.32362298411046353
    ],
    "mean_": [
        0.0,
        0.0,
        0.07158715294996405,
        0.0850775630333375,
        0.01649517359375454,
        0.017156011587993042,
        0.052388940659431234,
        0.09104723434427528,
        0.07753043253426972,
        0.12536051767290698,
        0.21884687002616554,
        0.24451010359790223,
        0.0,
        0.0,
        0.0,
        0.0
    ],
    "n_components_": 2,
    "n_features_": 16,
    "n_samples_": 255,
    "name": "pca_DTRunsummary02-SegmentsWheel2Sector3Station3h4DSegmNHits_W2_St3_Sec3_default_pca",
    "noise_variance_": 5.984758163827387e-06,
    "singular_values_": [
        0.3403351395918124,
        0.2561294509986957
    ]
}