{
    "components_": [
        [
            0.0,
            -1.1102230246251565e-16,
            -0.5469149460140552,
            -0.38731354995084644,
            -0.11974752657100585,
            -0.08062953911863538,
            -0.0683808339755293,
            -0.0003318378839583108,
            0.041987638196964466,
            0.17318245803658722,
            0.44219864843665857,
            0.5459494888438197,
            0.0,
            0.0,
            0.0,
            0.0
        ],
        [
            -0.0,
            -1.1102230246251565e-16,
            -0.7668396684828387,
            0.3552815442400157,
            0.23137596143911687,
            0.1506115130527714,
            0.17421347420941624,
            0.14973173046370242,
            0.11579933686478466,
            0.0620467324682777,
            -0.1178142520716206,
            -0.35440637218362675,
            -0.0,
            -0.0,
            -0.0,
            -0.0
        ]
    ],
    "explained_variance_": [
        0.0009346969111909086,
        6.0975243611638544e-05
    ],
    "explained_variance_ratio_": [
        0.8717175555666501,
        0.056866765766343905
    ],
    "mean_": [
        0.0,
        0.0,
        0.14060523673920647,
        0.12967944879005525,
        0.02737783921836564,
        0.02807664976248421,
        0.05997214114172403,
        0.0847017628636515,
        0.07141282914651953,
        0.10788733454496484,
        0.17539342047203843,
        0.17489333732099013,
        0.0,
        0.0,
        0.0,
        0.0
    ],
    "n_components_": 2,
    "n_features_": 16,
    "n_samples_": 331,
    "name": "pca_DTRunsummary02-SegmentsWheel-1Sector10Station1h4DSegmNHits_W-1_St1_Sec10_default_pca",
    "noise_variance_": 5.469662722943203e-06,
    "singular_values_": [
        0.5553827335207675,
        0.14185143775034753
    ]
}