{
    "components_": [
        [
            -0.0,
            -1.1102230246251565e-16,
            0.1588475235571381,
            0.24238902953978764,
            0.10073962007859166,
            0.07310017659111856,
            0.0568926572692093,
            0.07751318237606833,
            0.17783830759722033,
            0.2063929873594125,
            -0.2159876396459006,
            -0.8777258447226461,
            -0.0,
            -0.0,
            -0.0,
            -0.0
        ],
        [
            -0.0,
            -0.0,
            -0.20330598237009498,
            -0.4840124465950487,
            -0.22520898217061872,
            -0.14753760842806504,
            -0.07072124062352252,
            0.010242841039951682,
            0.22923563347288448,
            0.5316111142758879,
            0.5312424076980569,
            -0.17154573629943076,
            -0.0,
            -0.0,
            -0.0,
            -0.0
        ]
    ],
    "explained_variance_": [
        0.0005949861224999681,
        0.000299546445195363
    ],
    "explained_variance_ratio_": [
        0.630165238597382,
        0.31725741150801995
    ],
    "mean_": [
        0.0,
        0.0,
        0.047009775368880596,
        0.07737389645910225,
        0.023429767102644748,
        0.020214326552072073,
        0.04340523179981014,
        0.07111854606336274,
        0.0853260424475143,
        0.1517985677163588,
        0.24654832835242577,
        0.23377551813782854,
        0.0,
        0.0,
        0.0,
        0.0
    ],
    "n_components_": 2,
    "n_features_": 16,
    "n_samples_": 328,
    "name": "pca_DTRunsummary02-SegmentsWheel0Sector2Station2h4DSegmNHits_W0_St2_Sec2_default_pca",
    "noise_variance_": 3.5458719655747945e-06,
    "singular_values_": [
        0.4410900838349119,
        0.3129723431533267
    ]
}