{
    "components_": [
        [
            -0.0,
            -1.1102230246251565e-16,
            -0.3294132140487325,
            -0.4725798640682467,
            -0.22828884491480683,
            -0.15527975593793103,
            -0.08076749373048933,
            0.012975810950853622,
            0.03615163916923106,
            0.17388555039005438,
            0.4529616370180851,
            0.5903545351719821,
            -0.0,
            -0.0,
            -0.0,
            -0.0
        ],
        [
            -0.0,
            -0.0,
            -0.19444530841945284,
            -0.23718725683698472,
            -0.13885976820976817,
            -0.07449407831057041,
            0.07181542231171886,
            0.23271386240023892,
            0.3683149058276734,
            0.44942496812518196,
            0.19162049193245653,
            -0.6689032388204931,
            -0.0,
            -0.0,
            -0.0,
            -0.0
        ]
    ],
    "explained_variance_": [
        0.0005957071037824654,
        6.388309288208965e-05
    ],
    "explained_variance_ratio_": [
        0.8297972604998713,
        0.08898671029643204
    ],
    "mean_": [
        0.0,
        0.0,
        0.06639694942641872,
        0.10173506153162175,
        0.0280578346895868,
        0.025744642094196874,
        0.05174692769307739,
        0.0789578211188117,
        0.0803892347280006,
        0.13431532326823828,
        0.2188212223833243,
        0.21383498306672352,
        0.0,
        0.0,
        0.0,
        0.0
    ],
    "n_components_": 2,
    "n_features_": 16,
    "n_samples_": 297,
    "name": "pca_DTRunsummary02-SegmentsWheel-1Sector6Station2h4DSegmNHits_W-1_St2_Sec6_default_pca",
    "noise_variance_": 4.164611546930441e-06,
    "singular_values_": [
        0.41991582813655615,
        0.13751143768101087
    ]
}