{
    "components_": [
        [
            0.0,
            2.220446049250313e-16,
            0.21462349415215212,
            0.8581816310588332,
            -0.08123447940968029,
            -0.07311422356947707,
            -0.10955222397942146,
            -0.08805705190089591,
            -0.11158674784317359,
            -0.24052816048895986,
            -0.3384333923189011,
            -0.030298845700476397,
            0.0,
            0.0,
            0.0,
            0.0
        ],
        [
            -0.0,
            5.551115123125783e-17,
            0.06069357943348008,
            -0.16919622327945746,
            -0.09802498529900958,
            -0.10756597870575468,
            -0.13167895919866082,
            0.03649312545659099,
            -0.04591528942989641,
            -0.25806800326626544,
            -0.19325922254064826,
            0.9065219568296213,
            -0.0,
            -0.0,
            -0.0,
            -0.0
        ]
    ],
    "explained_variance_": [
        0.012751654544098536,
        0.0010084251980333548
    ],
    "explained_variance_ratio_": [
        0.9048693213872908,
        0.07155879430850702
    ],
    "mean_": [
        0.0,
        0.0,
        0.16132609363692196,
        0.23143166726138575,
        0.025654461203153914,
        0.027883512626720078,
        0.060201872607016836,
        0.07334895519417102,
        0.061312392534186085,
        0.09696918969354076,
        0.14851883089142875,
        0.1133530243514749,
        0.0,
        0.0,
        0.0,
        0.0
    ],
    "n_components_": 2,
    "n_features_": 16,
    "n_samples_": 321,
    "name": "pca_DTRunsummary02-SegmentsWheel1Sector1Station1h4DSegmNHits_W1_St1_Sec1_default_pca",
    "noise_variance_": 2.3727224512360006e-05,
    "singular_values_": [
        2.0200320428427694,
        0.5680634325237575
    ]
}