{
    "components_": [
        [
            -0.0,
            -2.220446049250313e-16,
            0.10405414805631391,
            0.22721784783352061,
            0.16379260956571706,
            0.2556623322494125,
            0.15546516136667152,
            -0.9061920990716352,
            -0.0,
            -0.0,
            -0.0,
            -0.0,
            -0.0,
            -0.0,
            -0.0,
            -0.0
        ],
        [
            0.0,
            0.0,
            -0.2903927848529583,
            -0.5992075923905053,
            -0.06343134224197874,
            0.25863248997015204,
            0.6969229673553972,
            -0.0025237378401068433,
            0.0,
            0.0,
            0.0,
            0.0,
            0.0,
            0.0,
            0.0,
            0.0
        ]
    ],
    "explained_variance_": [
        0.00022269663821741342,
        9.971262505498623e-05
    ],
    "explained_variance_ratio_": [
        0.6407603466093006,
        0.2869010358799403
    ],
    "mean_": [
        0.0,
        0.0,
        0.049580654182295944,
        0.1109340213661856,
        0.061961923414870966,
        0.1300445342448301,
        0.2676636055604067,
        0.3798152612314107,
        0.0,
        0.0,
        0.0,
        0.0,
        0.0,
        0.0,
        0.0,
        0.0
    ],
    "n_components_": 2,
    "n_features_": 16,
    "n_samples_": 168,
    "name": "pca_DTRunsummary02-SegmentsWheel-1Sector11Station4h4DSegmNHits_W-1_St4_Sec11_default_pca",
    "noise_variance_": 1.795809242007568e-06,
    "singular_values_": [
        0.19284796753481234,
        0.1290426611016012
    ]
}