{
    "components_": [
        [
            0.0,
            2.220446049250313e-16,
            0.02393703195623388,
            0.16437900621955404,
            0.6200373635364617,
            0.20067054854050648,
            -0.36553914776295765,
            -0.6434848024897983,
            0.0,
            0.0,
            0.0,
            0.0,
            0.0,
            0.0,
            0.0,
            0.0
        ],
        [
            0.0,
            1.797173521111972e-15,
            0.3942991326921341,
            0.40899528233352406,
            -0.5239967431015233,
            -0.016873742172515013,
            0.29771727379771795,
            -0.5601412035493357,
            0.0,
            0.0,
            0.0,
            0.0,
            0.0,
            0.0,
            0.0,
            0.0
        ]
    ],
    "explained_variance_": [
        0.026725941030257425,
        5.107689922392847e-05
    ],
    "explained_variance_ratio_": [
        0.9962731089764346,
        0.0019040130758759335
    ],
    "mean_": [
        0.0,
        0.0,
        0.041685002898469777,
        0.09386613661808135,
        0.11546603254142739,
        0.13840713580110087,
        0.2540014053288145,
        0.35657428681210634,
        0.0,
        0.0,
        0.0,
        0.0,
        0.0,
        0.0,
        0.0,
        0.0
    ],
    "n_components_": 2,
    "n_features_": 16,
    "n_samples_": 179,
    "name": "pca_DTRunsummary02-SegmentsWheel0Sector10Station4h4DSegmNHits_W0_St4_Sec10_default_pca",
    "noise_variance_": 3.4928839216844116e-06,
    "singular_values_": [
        2.181104652093939,
        0.0953503437951813
    ]
}