{
    "components_": [
        [
            -0.0,
            -0.0,
            0.016942064609412142,
            0.15841190271401495,
            0.11052908479249504,
            0.20615249630355217,
            0.3742407213238223,
            0.49192252345563464,
            -0.15740264454530473,
            -0.25675577331268384,
            -0.44414561276855596,
            -0.49989476257238696,
            -0.0,
            -0.0,
            -0.0,
            -0.0
        ],
        [
            -0.0,
            6.938893903907228e-17,
            -0.5011809309037047,
            -0.5484002200847775,
            -0.12544677986694996,
            0.021311521745547943,
            0.27025249248495464,
            0.46309682058949764,
            -0.06430546282087707,
            0.0032198615657820506,
            0.13039771973222505,
            0.3510549775583017,
            -0.0,
            -0.0,
            -0.0,
            -0.0
        ]
    ],
    "explained_variance_": [
        0.006507185449867491,
        0.00024133815077396822
    ],
    "explained_variance_ratio_": [
        0.9545758724554679,
        0.03540325961303919
    ],
    "mean_": [
        0.0,
        0.0,
        0.05869653235612155,
        0.08674463762034748,
        0.019238345921413165,
        0.022544137190262974,
        0.06288176005310668,
        0.10574439243855219,
        0.07417539140376542,
        0.12004888182630177,
        0.21125150385815253,
        0.23867441733197617,
        0.0,
        0.0,
        0.0,
        0.0
    ],
    "n_components_": 2,
    "n_features_": 16,
    "n_samples_": 267,
    "name": "pca_DTRunsummary02-SegmentsWheel2Sector7Station3h4DSegmNHits_W2_St3_Sec7_default_pca",
    "noise_variance_": 4.8793282276631625e-06,
    "singular_values_": [
        1.3156410337416329,
        0.25336919328496815
    ]
}