{
    "components_": [
        [
            -0.0,
            1.1102230246251565e-16,
            0.11518810745741406,
            0.11191756857796245,
            0.01993519316504399,
            0.05891525997631542,
            0.15077735618504087,
            0.20004363642996312,
            0.3046128533310894,
            0.22133755958939613,
            -0.4091757409076453,
            -0.7735517938045793,
            -0.0,
            -0.0,
            -0.0,
            -0.0
        ],
        [
            0.0,
            -1.0408340855860843e-17,
            -0.06836258700211469,
            -0.11803384326701058,
            -0.006842520341253569,
            -0.0070234217347442075,
            -0.02038887154169739,
            -0.4470529665824853,
            -0.0017143371740913193,
            0.3840983854801327,
            0.6870808984842833,
            -0.4017607363210186,
            0.0,
            0.0,
            0.0,
            0.0
        ]
    ],
    "explained_variance_": [
        0.00017302302107145658,
        0.00010163623297160418
    ],
    "explained_variance_ratio_": [
        0.496120855857081,
        0.29142858895717383
    ],
    "mean_": [
        0.0,
        0.0,
        0.029426169904403526,
        0.03615572335639291,
        0.004920571576201223,
        0.014803395252376662,
        0.07061635209665777,
        0.13206101311554239,
        0.07694265052459068,
        0.15041537112163014,
        0.2523405564058038,
        0.23231819664640085,
        0.0,
        0.0,
        0.0,
        0.0
    ],
    "n_components_": 2,
    "n_features_": 16,
    "n_samples_": 142,
    "name": "pca_DTRunsummary02-SegmentsWheel2Sector2Station1h4DSegmNHits_W2_St1_Sec2_default_pca",
    "noise_variance_": 5.292321770359558e-06,
    "singular_values_": [
        0.1561929767021404,
        0.11971093871905018
    ]
}