{
    "components_": [
        [
            -0.0,
            1.1102230246251565e-16,
            -0.2627260548451775,
            -0.45360870222835575,
            -0.16922561699836242,
            -0.11604157965127979,
            -0.06807400127442577,
            0.027108099294264776,
            -0.043161658927980115,
            0.015481054811173608,
            0.30827205967390325,
            0.7619764001462399,
            -0.0,
            -0.0,
            -0.0,
            -0.0
        ],
        [
            0.0,
            1.3183898417423734e-16,
            -0.21971837784163462,
            -0.38814383534974944,
            -0.11300565313311964,
            -0.05035226360958044,
            0.03665472844284008,
            0.07021709379070647,
            0.24080904559932748,
            0.4818569347688679,
            0.46460881274332005,
            -0.5229264854109772,
            0.0,
            0.0,
            0.0,
            0.0
        ]
    ],
    "explained_variance_": [
        0.0003072295270712512,
        7.036070385457319e-05
    ],
    "explained_variance_ratio_": [
        0.679178348449646,
        0.1555432093238259
    ],
    "mean_": [
        0.0,
        0.0,
        0.0508519329101357,
        0.08276499848276399,
        0.015801972864460855,
        0.017629066034665356,
        0.054666637311138085,
        0.09427066645964097,
        0.0825280857650751,
        0.132992771037061,
        0.22635047363641114,
        0.24214339549864788,
        0.0,
        0.0,
        0.0,
        0.0
    ],
    "n_components_": 2,
    "n_features_": 16,
    "n_samples_": 257,
    "name": "pca_DTRunsummary02-SegmentsWheel-2Sector10Station3h4DSegmNHits_W-2_St3_Sec10_default_pca",
    "noise_variance_": 5.340320167348505e-06,
    "singular_values_": [
        0.28044742632129877,
        0.1342100599313283
    ]
}