{
    "components_": [
        [
            0.0,
            7.632783294297951e-17,
            0.24887749442185625,
            0.7965889980384178,
            0.01288429329898725,
            0.004450346196305525,
            -0.029037887424000933,
            -0.07494846959155063,
            -0.07917140385605673,
            -0.1476448649204212,
            -0.3450033660980045,
            -0.38699514006553243,
            0.0,
            0.0,
            0.0,
            0.0
        ],
        [
            -0.0,
            5.551115123125783e-17,
            -0.39935199843475594,
            0.4162615678549359,
            -0.17906827587835744,
            -0.14248224893436295,
            -0.2537365496301962,
            -0.3017994153793275,
            -0.07229366670576329,
            0.29443607470171523,
            0.6053296120331567,
            0.03270490037295523,
            -0.0,
            -0.0,
            -0.0,
            -0.0
        ]
    ],
    "explained_variance_": [
        0.0013295687863983502,
        0.00012122526823259056
    ],
    "explained_variance_ratio_": [
        0.845216598101054,
        0.07706378930344382
    ],
    "mean_": [
        0.0,
        0.0,
        0.0730651645923257,
        0.08271860169327493,
        0.014864544941268936,
        0.01758496241684139,
        0.05387511174851586,
        0.09605488824465969,
        0.09245461715399515,
        0.15037530335092214,
        0.23745381867563822,
        0.1815529871825582,
        0.0,
        0.0,
        0.0,
        0.0
    ],
    "n_components_": 2,
    "n_features_": 16,
    "n_samples_": 248,
    "name": "pca_DTRunsummary02-SegmentsWheel2Sector2Station3h4DSegmNHits_W2_St3_Sec2_default_pca",
    "noise_variance_": 8.732636549707334e-06,
    "singular_values_": [
        0.5730649965234245,
        0.17303942109660986
    ]
}