{
    "components_": [
        [
            -0.0,
            1.1102230246251565e-16,
            0.011888277441095912,
            -0.03236098449591157,
            -0.014280026148798919,
            0.0010639126128834803,
            0.017593912665744775,
            0.05808627711430547,
            0.22538787223418144,
            0.4315171795942854,
            0.15734955499634123,
            -0.856245976014127,
            -0.0,
            -0.0,
            -0.0,
            -0.0
        ],
        [
            -0.0,
            -1.1102230246251565e-16,
            -0.24439601962767776,
            -0.603976572002829,
            -0.20470170396409754,
            -0.1336458540671846,
            -0.07574124817583217,
            -0.00781026807766147,
            0.09144629059152917,
            0.319096777924623,
            0.5526839609004173,
            0.30704463649871444,
            -0.0,
            -0.0,
            -0.0,
            -0.0
        ]
    ],
    "explained_variance_": [
        0.000630083360969435,
        0.00018220367083006321
    ],
    "explained_variance_ratio_": [
        0.734993774254014,
        0.21254102552443133
    ],
    "mean_": [
        0.0,
        0.0,
        0.03229186677516994,
        0.06010147353808167,
        0.017650499347204668,
        0.01630164648830381,
        0.037577578655849674,
        0.0667093460088778,
        0.07933834636186005,
        0.1461631772544414,
        0.2634942021581165,
        0.2803718634120946,
        0.0,
        0.0,
        0.0,
        0.0
    ],
    "n_components_": 2,
    "n_features_": 16,
    "n_samples_": 291,
    "name": "pca_DTRunsummary02-SegmentsWheel0Sector12Station3h4DSegmNHits_W0_St3_Sec12_default_pca",
    "noise_variance_": 3.2126073568332923e-06,
    "singular_values_": [
        0.4274624833609801,
        0.22986749344071755
    ]
}