{
    "components_": [
        [
            0.0,
            0.0,
            -0.8564881875179695,
            -0.06836999607917858,
            0.0679074825199954,
            0.20035906667814213,
            0.3551478126057624,
            0.3014438217932481,
            0.0,
            0.0,
            0.0,
            0.0,
            0.0,
            0.0,
            0.0,
            0.0
        ],
        [
            0.0,
            1.6653345369377348e-16,
            0.04615049391967224,
            0.0663617232175797,
            -0.18750278896034667,
            -0.47720428744160887,
            -0.2615481062380852,
            0.8137429655027888,
            0.0,
            0.0,
            0.0,
            0.0,
            0.0,
            0.0,
            0.0,
            0.0
        ]
    ],
    "explained_variance_": [
        0.0067268607858205895,
        0.0006529465146711722
    ],
    "explained_variance_ratio_": [
        0.9059617737576529,
        0.08793768764284181
    ],
    "mean_": [
        0.0,
        0.0,
        0.36617507292853435,
        0.1259541685699699,
        0.04582818412988409,
        0.09269192535517752,
        0.17517385717766853,
        0.19417679183876516,
        0.0,
        0.0,
        0.0,
        0.0,
        0.0,
        0.0,
        0.0,
        0.0
    ],
    "n_components_": 2,
    "n_features_": 16,
    "n_samples_": 303,
    "name": "pca_DTRunsummary02-SegmentsWheel-1Sector5Station4h4DSegmNHits_W-1_St4_Sec5_default_pca",
    "noise_variance_": 3.2355097301091103e-06,
    "singular_values_": [
        1.4253111791176754,
        0.44406063485822966
    ]
}