{
    "components_": [
        [
            0.0,
            -2.220446049250313e-16,
            0.30423759737557277,
            0.4070723544660254,
            0.1965199074519584,
            0.13556135277298562,
            0.07506508134321349,
            0.02022977021866533,
            0.02669617739612177,
            -0.06602455318913966,
            -0.3635001290640665,
            -0.7358575587713364,
            0.0,
            0.0,
            0.0,
            0.0
        ],
        [
            -0.0,
            -4.163336342344337e-17,
            -0.18280966677462587,
            -0.2907686232842803,
            -0.1334091967244423,
            -0.06978442244715255,
            -0.017927882884396132,
            0.034496065490026206,
            0.23885671221510482,
            0.4960776021320523,
            0.4879522862098116,
            -0.5626828739320977,
            -0.0,
            -0.0,
            -0.0,
            -0.0
        ]
    ],
    "explained_variance_": [
        0.0005767803082007876,
        0.00024260096647015793
    ],
    "explained_variance_ratio_": [
        0.6470146768450471,
        0.2721424148695841
    ],
    "mean_": [
        0.0,
        0.0,
        0.07209483319138006,
        0.10634900737699951,
        0.027525358345508708,
        0.026468541814379715,
        0.05552035669965803,
        0.0803996960677655,
        0.0776589699000395,
        0.12520943727090464,
        0.20808682885410054,
        0.2206869704792641,
        0.0,
        0.0,
        0.0,
        0.0
    ],
    "n_components_": 2,
    "n_features_": 16,
    "n_samples_": 311,
    "name": "pca_DTRunsummary02-SegmentsWheel-1Sector3Station2h4DSegmNHits_W-1_St2_Sec3_default_pca",
    "noise_variance_": 5.147663925387716e-06,
    "singular_values_": [
        0.4228497316331703,
        0.2742376699247369
    ]
}