{
    "components_": [
        [
            0.0,
            -2.220446049250313e-16,
            0.006217786026463751,
            -0.022841093013317104,
            -0.005324363169010915,
            0.003623222441100027,
            0.023310679901931333,
            0.07511670523935426,
            0.22688907878746267,
            0.41549216792150423,
            0.1427956773401005,
            -0.8652798614755886,
            0.0,
            0.0,
            0.0,
            0.0
        ],
        [
            0.0,
            1.1102230246251565e-16,
            -0.38622995748711925,
            -0.5393989783085764,
            -0.1784512457271184,
            -0.11722804988786004,
            -0.051148497149579766,
            -0.00707809649988797,
            0.11654205903426323,
            0.31417535423880916,
            0.5642084325293398,
            0.2846089792577298,
            0.0,
            0.0,
            0.0,
            0.0
        ]
    ],
    "explained_variance_": [
        0.0005268763171162708,
        0.00026699222183415046
    ],
    "explained_variance_ratio_": [
        0.6209340121428915,
        0.3146555389352198
    ],
    "mean_": [
        0.0,
        0.0,
        0.0445707272259189,
        0.060413495270284154,
        0.015894795286295945,
        0.01518707985349996,
        0.03884304099350923,
        0.06585259431320808,
        0.0784590013643555,
        0.1453885053033493,
        0.2598429073991136,
        0.27554785299046547,
        0.0,
        0.0,
        0.0,
        0.0
    ],
    "n_components_": 2,
    "n_features_": 16,
    "n_samples_": 297,
    "name": "pca_DTRunsummary02-SegmentsWheel0Sector4Station3h4DSegmNHits_W0_St3_Sec4_default_pca",
    "noise_variance_": 3.9038355868643665e-06,
    "singular_values_": [
        0.39491187607669653,
        0.28112221125857084
    ]
}