{
    "components_": [
        [
            0.0,
            -1.1102230246251565e-16,
            -0.8568114106046676,
            -0.012395575083305826,
            0.05432361197308589,
            0.12523191351345123,
            0.27671955887900135,
            0.41293190132243507,
            0.0,
            0.0,
            0.0,
            0.0,
            0.0,
            0.0,
            0.0,
            0.0
        ],
        [
            -0.0,
            -2.7755575615628914e-17,
            -0.17058629119547575,
            -0.05101776039287888,
            0.17090365084882894,
            0.42714162860295535,
            0.3973498248730292,
            -0.7737910527364592,
            -0.0,
            -0.0,
            -0.0,
            -0.0,
            -0.0,
            -0.0,
            -0.0,
            -0.0
        ]
    ],
    "explained_variance_": [
        0.004181537438581688,
        0.00047965520715455523
    ],
    "explained_variance_ratio_": [
        0.8899739913498951,
        0.10208701116589583
    ],
    "mean_": [
        0.0,
        0.0,
        0.3124336012314186,
        0.14869490685756387,
        0.04945525013650336,
        0.0902359189047275,
        0.1769700517589563,
        0.22221027111083003,
        0.0,
        0.0,
        0.0,
        0.0,
        0.0,
        0.0,
        0.0,
        0.0
    ],
    "n_components_": 2,
    "n_features_": 16,
    "n_samples_": 213,
    "name": "pca_DTRunsummary02-SegmentsWheel-2Sector1Station4h4DSegmNHits_W-2_St4_Sec1_default_pca",
    "noise_variance_": 2.6643808476978543e-06,
    "singular_values_": [
        0.9415338214739383,
        0.31888384078966076
    ]
}