{
    "components_": [
        [
            0.0,
            -2.220446049250313e-16,
            -0.8179879441844469,
            -0.08635937816404864,
            0.025613537116872795,
            0.10676526596931292,
            0.3040842953306016,
            0.46788422393170825,
            0.0,
            0.0,
            0.0,
            0.0,
            0.0,
            0.0,
            0.0,
            0.0
        ],
        [
            -0.0,
            -5.551115123125783e-17,
            -0.2897923056395266,
            0.15634852576038366,
            0.2123599575916161,
            0.3958929886816023,
            0.2997293273705226,
            -0.774538493764598,
            -0.0,
            -0.0,
            -0.0,
            -0.0,
            -0.0,
            -0.0,
            -0.0,
            -0.0
        ]
    ],
    "explained_variance_": [
        0.004299150841611051,
        0.00010050377578602241
    ],
    "explained_variance_ratio_": [
        0.9699218187300758,
        0.022674432368390438
    ],
    "mean_": [
        0.0,
        0.0,
        0.26660548674769613,
        0.11974485536954435,
        0.04526407284774318,
        0.09598359685006591,
        0.205234972782593,
        0.26716701540235765,
        0.0,
        0.0,
        0.0,
        0.0,
        0.0,
        0.0,
        0.0,
        0.0
    ],
    "n_components_": 2,
    "n_features_": 16,
    "n_samples_": 269,
    "name": "pca_DTRunsummary02-SegmentsWheel-1Sector2Station4h4DSegmNHits_W-1_St4_Sec2_default_pca",
    "noise_variance_": 2.344064726694139e-06,
    "singular_values_": [
        1.0733929502059167,
        0.1641188956538948
    ]
}