{
    "components_": [
        [
            0.0,
            0.0,
            -0.2966907962861147,
            -0.4308649129537571,
            -0.19247998916302173,
            -0.13675465980362317,
            -0.08651500359231218,
            -0.018514950594064286,
            -0.019593169603008248,
            0.0800193869792222,
            0.3934862099688192,
            0.7079078850478601,
            0.0,
            0.0,
            0.0,
            0.0
        ],
        [
            0.0,
            6.938893903907228e-17,
            -0.169982830916615,
            -0.2831615292206689,
            -0.13665048803504753,
            -0.09105414798101631,
            -0.02036651903029635,
            0.07479762221363857,
            0.26892359795966275,
            0.5231637330722301,
            0.41626863596503383,
            -0.5819380740269214,
            0.0,
            0.0,
            0.0,
            0.0
        ]
    ],
    "explained_variance_": [
        0.0005952993913661958,
        0.00023322379562838673
    ],
    "explained_variance_ratio_": [
        0.6622433058190834,
        0.2594507900607063
    ],
    "mean_": [
        0.0,
        0.0,
        0.06862344212982927,
        0.1019246534094485,
        0.029110566475167753,
        0.02554453789145722,
        0.052170145777341616,
        0.0801784253894094,
        0.08216212610372141,
        0.133749516620681,
        0.21409258153043761,
        0.21244400467250635,
        0.0,
        0.0,
        0.0,
        0.0
    ],
    "n_components_": 2,
    "n_features_": 16,
    "n_samples_": 297,
    "name": "pca_DTRunsummary02-SegmentsWheel1Sector11Station2h4DSegmNHits_W1_St2_Sec11_default_pca",
    "noise_variance_": 5.027873404309944e-06,
    "singular_values_": [
        0.4197721046525054,
        0.2627436840458824
    ]
}