{
    "components_": [
        [
            -0.0,
            -0.0,
            -0.8081460461621812,
            -0.10502063989356117,
            0.02625794538517004,
            0.10338719358395895,
            0.29811453923230224,
            0.48540700785431123,
            -0.0,
            -0.0,
            -0.0,
            -0.0,
            -0.0,
            -0.0,
            -0.0,
            -0.0
        ],
        [
            0.0,
            1.1102230246251565e-16,
            -0.36515290526783833,
            0.3261485822206557,
            0.23622691815322977,
            0.36112699489607014,
            0.1780983522858272,
            -0.7364479422879443,
            0.0,
            0.0,
            0.0,
            0.0,
            0.0,
            0.0,
            0.0,
            0.0
        ]
    ],
    "explained_variance_": [
        0.004882978073428965,
        7.472150917143458e-05
    ],
    "explained_variance_ratio_": [
        0.9788946564473293,
        0.014979482797110595
    ],
    "mean_": [
        0.0,
        0.0,
        0.26186570624324074,
        0.10271637099289281,
        0.04280024188565298,
        0.09435333795144005,
        0.20818449090341754,
        0.29007985202335596,
        0.0,
        0.0,
        0.0,
        0.0,
        0.0,
        0.0,
        0.0,
        0.0
    ],
    "n_components_": 2,
    "n_features_": 16,
    "n_samples_": 274,
    "name": "pca_DTRunsummary02-SegmentsWheel0Sector6Station4h4DSegmNHits_W0_St4_Sec6_default_pca",
    "noise_variance_": 2.182669106371673e-06,
    "singular_values_": [
        1.1545791501868148,
        0.14282496981901183
    ]
}