{
    "components_": [
        [
            -0.0,
            -1.6653345369377348e-16,
            0.1077418141209529,
            0.2131228503124877,
            0.20027864644608254,
            0.32518344345975425,
            0.04533425168602656,
            -0.8916610060253044,
            -0.0,
            -0.0,
            -0.0,
            -0.0,
            -0.0,
            -0.0,
            -0.0,
            -0.0
        ],
        [
            0.0,
            0.0,
            -0.3142603819334733,
            -0.5579867138499887,
            -0.07273275886936119,
            0.28484331530819995,
            0.7079408313491664,
            -0.04780429200454289,
            0.0,
            0.0,
            0.0,
            0.0,
            0.0,
            0.0,
            0.0,
            0.0
        ]
    ],
    "explained_variance_": [
        0.00023223383898638976,
        7.499203514272403e-05
    ],
    "explained_variance_ratio_": [
        0.6954549072605671,
        0.22457355514206884
    ],
    "mean_": [
        0.0,
        0.0,
        0.053068733176348706,
        0.10488873354892854,
        0.06841996286009999,
        0.1356222573304264,
        0.29003643571517673,
        0.3479638773690197,
        0.0,
        0.0,
        0.0,
        0.0,
        0.0,
        0.0,
        0.0,
        0.0
    ],
    "n_components_": 2,
    "n_features_": 16,
    "n_samples_": 152,
    "name": "pca_DTRunsummary02-SegmentsWheel1Sector10Station4h4DSegmNHits_W1_St4_Sec10_default_pca",
    "noise_variance_": 1.907497318043923e-06,
    "singular_values_": [
        0.18726267563757829,
        0.10641333237217661
    ]
}