{
    "components_": [
        [
            -0.0,
            -0.0,
            -0.8527542146887473,
            -0.011084073687971652,
            0.0440645681039937,
            0.11471912297657001,
            0.2853177877209362,
            0.41973680957521875,
            -0.0,
            -0.0,
            -0.0,
            -0.0,
            -0.0,
            -0.0,
            -0.0,
            -0.0
        ],
        [
            0.0,
            -1.942890293094024e-16,
            -0.23009516239175318,
            0.0856877737886188,
            0.24599022587174302,
            0.4125272220879887,
            0.28000611437942274,
            -0.7941161737360198,
            0.0,
            0.0,
            0.0,
            0.0,
            0.0,
            0.0,
            0.0,
            0.0
        ]
    ],
    "explained_variance_": [
        0.0054427761594726285,
        5.9383754471507334e-05
    ],
    "explained_variance_ratio_": [
        0.9835610228392082,
        0.01073120491761827
    ],
    "mean_": [
        0.0,
        0.0,
        0.3647977940570602,
        0.14681941702583207,
        0.044068771036054,
        0.08153097117372553,
        0.16139162995640743,
        0.20139141675092057,
        0.0,
        0.0,
        0.0,
        0.0,
        0.0,
        0.0,
        0.0,
        0.0
    ],
    "n_components_": 2,
    "n_features_": 16,
    "n_samples_": 266,
    "name": "pca_DTRunsummary02-SegmentsWheel-2Sector6Station4h4DSegmNHits_W-2_St4_Sec6_default_pca",
    "noise_variance_": 2.2560969758618696e-06,
    "singular_values_": [
        1.2009728066281296,
        0.1254459841324123
    ]
}