{
    "components_": [
        [
            -0.0,
            5.551115123125783e-17,
            -0.8547026309900455,
            -0.08606836788140448,
            0.08326361953575605,
            0.22273278336035163,
            0.3624624111847105,
            0.27231218479063113,
            -0.0,
            -0.0,
            -0.0,
            -0.0,
            -0.0,
            -0.0,
            -0.0,
            -0.0
        ],
        [
            0.0,
            0.0,
            0.042612335304315324,
            0.012696958379233292,
            -0.23476934844588054,
            -0.4771424170215328,
            -0.17153775821548728,
            0.8281402299993523,
            0.0,
            0.0,
            0.0,
            0.0,
            0.0,
            0.0,
            0.0,
            0.0
        ]
    ],
    "explained_variance_": [
        0.007781154058863647,
        0.0010748689819309125
    ],
    "explained_variance_ratio_": [
        0.8744773423927099,
        0.12079809288296901
    ],
    "mean_": [
        0.0,
        0.0,
        0.3984287569027443,
        0.11709535378776383,
        0.042954023925824376,
        0.08844770401851625,
        0.16954276012426148,
        0.1835314012408895,
        0.0,
        0.0,
        0.0,
        0.0,
        0.0,
        0.0,
        0.0,
        0.0
    ],
    "n_components_": 2,
    "n_features_": 16,
    "n_samples_": 279,
    "name": "pca_DTRunsummary02-SegmentsWheel0Sector13Station4h4DSegmNHits_W0_St4_Sec13_default_pca",
    "noise_variance_": 3.002819447428577e-06,
    "singular_values_": [
        1.4707687882070701,
        0.5466384334976765
    ]
}