{
    "components_": [
        [
            0.0,
            2.220446049250313e-16,
            0.32051728736546686,
            0.41226142361786483,
            0.18694426849940798,
            0.13086707545309542,
            0.05457711396963147,
            -0.014933443802050334,
            0.013550822593401693,
            -0.0391877948427332,
            -0.3046684839813649,
            -0.7599282688727196,
            0.0,
            0.0,
            0.0,
            0.0
        ],
        [
            0.0,
            -2.0816681711721685e-16,
            -0.18184707651671822,
            -0.3260719632442842,
            -0.13501765086302,
            -0.09423454784546095,
            -0.035159912255446166,
            0.055944543474367545,
            0.24426672958571966,
            0.5098481238328224,
            0.4855215097823517,
            -0.5232497559503313,
            0.0,
            0.0,
            0.0,
            0.0
        ]
    ],
    "explained_variance_": [
        0.000557583918104462,
        0.00024369708419151774
    ],
    "explained_variance_ratio_": [
        0.6446891119430654,
        0.28176719537508266
    ],
    "mean_": [
        0.0,
        0.0,
        0.07476068872339633,
        0.10569560927238726,
        0.02905218379725804,
        0.02670337745533705,
        0.05459377731085172,
        0.07839412237811552,
        0.07512609729513445,
        0.12276350763032014,
        0.20810302703193606,
        0.22480760910526332,
        0.0,
        0.0,
        0.0,
        0.0
    ],
    "n_components_": 2,
    "n_features_": 16,
    "n_samples_": 292,
    "name": "pca_DTRunsummary02-SegmentsWheel1Sector4Station2h4DSegmNHits_W1_St2_Sec4_default_pca",
    "noise_variance_": 4.5433615717975095e-06,
    "singular_values_": [
        0.40281127115362403,
        0.266300303228764
    ]
}