{
    "components_": [
        [
            -0.0,
            -0.0,
            -0.495006170305369,
            -0.43279745462757674,
            -0.09909699774970138,
            -0.0728369773564645,
            -0.05856001837057588,
            0.0026278101556730417,
            0.005935494139549788,
            0.13366152522609143,
            0.42145971259465004,
            0.5946130762937232,
            -0.0,
            -0.0,
            -0.0,
            -0.0
        ],
        [
            -0.0,
            -1.1102230246251565e-16,
            -0.13611508759096005,
            -0.21442376325888327,
            -0.062351629497952796,
            -0.03000853893530936,
            0.024534995063505857,
            -0.017954836249231283,
            0.21203732101819078,
            0.5017842887110031,
            0.4064693910313571,
            -0.6839721402917199,
            -0.0,
            -0.0,
            -0.0,
            -0.0
        ]
    ],
    "explained_variance_": [
        0.0008432433868302776,
        0.00018932763549835398
    ],
    "explained_variance_ratio_": [
        0.7536733445809746,
        0.16921709022115586
    ],
    "mean_": [
        0.0,
        0.0,
        0.12598026658988826,
        0.13657305987905435,
        0.02227573049110324,
        0.02179431869134025,
        0.057621039043520304,
        0.09012271994833598,
        0.07131645884118243,
        0.10736103564151096,
        0.17749967049790172,
        0.18945570037616247,
        0.0,
        0.0,
        0.0,
        0.0
    ],
    "n_components_": 2,
    "n_features_": 16,
    "n_samples_": 329,
    "name": "pca_DTRunsummary02-SegmentsWheel2Sector1Station2h4DSegmNHits_W2_St2_Sec1_default_pca",
    "noise_variance_": 6.162401729948067e-06,
    "singular_values_": [
        0.5259123794705075,
        0.24919764132804328
    ]
}