{
    "components_": [
        [
            0.0,
            -2.220446049250313e-16,
            0.025787450712735152,
            -0.0023925593311052706,
            -0.008046181733894334,
            0.005947409284865576,
            0.03374989527523313,
            0.06796002628104972,
            0.21851784889096454,
            0.40773780890576766,
            0.12475619132307383,
            -0.8740178896086901,
            0.0,
            0.0,
            0.0,
            0.0
        ],
        [
            0.0,
            1.1102230246251565e-16,
            -0.20847496753129396,
            -0.6067304536728436,
            -0.2062757180917451,
            -0.13653668338378952,
            -0.060115513219928175,
            -0.03774212701600527,
            0.08265624044279404,
            0.34109517403687095,
            0.5785318303444992,
            0.25359221809144056,
            0.0,
            0.0,
            0.0,
            0.0
        ]
    ],
    "explained_variance_": [
        0.0006259027380249296,
        0.00022064418473144505
    ],
    "explained_variance_ratio_": [
        0.6979532138686172,
        0.2460435280099369
    ],
    "mean_": [
        0.0,
        0.0,
        0.03126365814626017,
        0.05974638592741027,
        0.017092846029102427,
        0.015292499569815316,
        0.038978532497352454,
        0.06659116219624013,
        0.07841085436013259,
        0.14694443462234738,
        0.26513928319224184,
        0.28054034345909745,
        0.0,
        0.0,
        0.0,
        0.0
    ],
    "n_components_": 2,
    "n_features_": 16,
    "n_samples_": 278,
    "name": "pca_DTRunsummary02-SegmentsWheel0Sector10Station3h4DSegmNHits_W0_St3_Sec10_default_pca",
    "noise_variance_": 3.5872843111646665e-06,
    "singular_values_": [
        0.4163833071016482,
        0.247221437522336
    ]
}