{
    "components_": [
        [
            0.0,
            -2.220446049250313e-16,
            0.2488359107067606,
            0.8033596965119214,
            -0.03214387446125433,
            -0.01786317296963663,
            -0.016280898247452033,
            -0.027051749776132977,
            -0.07235082862840606,
            -0.17175665458537814,
            -0.34796538118695136,
            -0.3667830473634704,
            0.0,
            0.0,
            0.0,
            0.0
        ],
        [
            -0.0,
            -1.6653345369377348e-16,
            0.059155224241916826,
            -0.269810220570775,
            0.1616256665056251,
            0.1214014952451841,
            0.09944395232753109,
            0.07058695992634884,
            0.19585869803373884,
            0.3331575332987466,
            0.07313228989963627,
            -0.8445515989079524,
            -0.0,
            -0.0,
            -0.0,
            -0.0
        ]
    ],
    "explained_variance_": [
        0.002758403738646277,
        0.0002761967851091213
    ],
    "explained_variance_ratio_": [
        0.865865497721642,
        0.08669842759312398
    ],
    "mean_": [
        0.0,
        0.0,
        0.07000923129397418,
        0.11815426792981415,
        0.02799085306261961,
        0.02509309272459875,
        0.05115395077633587,
        0.07861459216936881,
        0.08168978950765593,
        0.13204041398809704,
        0.20750422825631062,
        0.207749580291225,
        0.0,
        0.0,
        0.0,
        0.0
    ],
    "n_components_": 2,
    "n_features_": 16,
    "n_samples_": 315,
    "name": "pca_DTRunsummary02-SegmentsWheel-1Sector1Station2h4DSegmNHits_W-1_St2_Sec1_default_pca",
    "noise_variance_": 1.0794141493829369e-05,
    "singular_values_": [
        0.9306657691861945,
        0.294492428636568
    ]
}