{
    "components_": [
        [
            0.0,
            1.1102230246251565e-16,
            -0.8028336371277773,
            -0.09795620665785726,
            0.01253405395201073,
            0.0971938981325447,
            0.2874348819076938,
            0.5036270097933851,
            0.0,
            0.0,
            0.0,
            0.0,
            0.0,
            0.0,
            0.0,
            0.0
        ],
        [
            -0.0,
            -1.6653345369377348e-16,
            -0.2707215498806251,
            0.01903445137401806,
            0.18288951799939898,
            0.39880693053310834,
            0.41783273923890285,
            -0.7478420892648034,
            -0.0,
            -0.0,
            -0.0,
            -0.0,
            -0.0,
            -0.0,
            -0.0,
            -0.0
        ]
    ],
    "explained_variance_": [
        0.0033352051702698494,
        0.00018563240178195496
    ],
    "explained_variance_ratio_": [
        0.9371256992254453,
        0.05215897836496166
    ],
    "mean_": [
        0.0,
        0.0,
        0.22657488410820228,
        0.12086694101194065,
        0.050037728646101544,
        0.10326882794150126,
        0.21635216228554446,
        0.28289945600670996,
        0.0,
        0.0,
        0.0,
        0.0,
        0.0,
        0.0,
        0.0,
        0.0
    ],
    "n_components_": 2,
    "n_features_": 16,
    "n_samples_": 275,
    "name": "pca_DTRunsummary02-SegmentsWheel1Sector7Station4h4DSegmNHits_W1_St4_Sec7_default_pca",
    "noise_variance_": 2.723967456410384e-06,
    "singular_values_": [
        0.9559530410297039,
        0.22552888526363016
    ]
}