{
    "components_": [
        [
            0.0,
            0.0,
            0.3866799578538579,
            0.29306341637078903,
            0.09944621075196496,
            0.08670084179120358,
            0.019726267198808475,
            0.004694571644171919,
            0.09705442675341128,
            0.09461715435961872,
            -0.2735411599439945,
            -0.8084416867798317,
            0.0,
            0.0,
            0.0,
            0.0
        ],
        [
            -0.0,
            -0.0,
            -0.33495971134550984,
            -0.42491712778554086,
            -0.1401933426400197,
            -0.056584303141018165,
            0.03512534478996797,
            0.10209782659156205,
            0.2638713713287121,
            0.514175662408515,
            0.43171079630949183,
            -0.3903265165161601,
            -0.0,
            -0.0,
            -0.0,
            -0.0
        ]
    ],
    "explained_variance_": [
        0.0004069751317527444,
        0.0002680023117939221
    ],
    "explained_variance_ratio_": [
        0.5355575657726208,
        0.3526767473669354
    ],
    "mean_": [
        0.0,
        0.0,
        0.07221151071631927,
        0.0847270281891473,
        0.017140542671535426,
        0.02059527623493821,
        0.059460045832613856,
        0.08496736606551741,
        0.08299179241889126,
        0.13659379064067131,
        0.22403763423766748,
        0.21727501299269858,
        0.0,
        0.0,
        0.0,
        0.0
    ],
    "n_components_": 2,
    "n_features_": 16,
    "n_samples_": 247,
    "name": "pca_DTRunsummary02-SegmentsWheel2Sector5Station3h4DSegmNHits_W2_St3_Sec5_default_pca",
    "noise_variance_": 6.066555418456421e-06,
    "singular_values_": [
        0.3164109391458758,
        0.25676559096051954
    ]
}