{
    "components_": [
        [
            0.0,
            -3.3306690738754696e-16,
            0.7980655559814229,
            0.11639419257978657,
            -0.023599161884765157,
            -0.0944535887974864,
            -0.2911210394139206,
            -0.5052859584650375,
            0.0,
            0.0,
            0.0,
            0.0,
            0.0,
            0.0,
            0.0,
            0.0
        ],
        [
            0.0,
            -2.220446049250313e-16,
            -0.2525652032530041,
            0.012788976151016429,
            0.1417174959205421,
            0.3682530921463132,
            0.47475959586790784,
            -0.7449539568327753,
            0.0,
            0.0,
            0.0,
            0.0,
            0.0,
            0.0,
            0.0,
            0.0
        ]
    ],
    "explained_variance_": [
        0.0035155642339184897,
        0.000765497943907817
    ],
    "explained_variance_ratio_": [
        0.7978567645933357,
        0.1737296411587348
    ],
    "mean_": [
        0.0,
        0.0,
        0.24303497694480924,
        0.10688650366569134,
        0.04381572539372147,
        0.09468579377672466,
        0.2076019946510076,
        0.30397500556804585,
        0.0,
        0.0,
        0.0,
        0.0,
        0.0,
        0.0,
        0.0,
        0.0
    ],
    "n_components_": 2,
    "n_features_": 16,
    "n_samples_": 265,
    "name": "pca_DTRunsummary02-SegmentsWheel0Sector2Station4h4DSegmNHits_W0_St4_Sec2_default_pca",
    "noise_variance_": 8.942691410281496e-06,
    "singular_values_": [
        0.9633841174497747,
        0.44954583436137374
    ]
}