{
    "components_": [
        [
            0.0,
            -3.3306690738754696e-16,
            0.09395662489812849,
            0.13137916463889043,
            0.1482684407799633,
            0.2798609555060276,
            0.2477661487090147,
            -0.9012313345320242,
            0.0,
            0.0,
            0.0,
            0.0,
            0.0,
            0.0,
            0.0,
            0.0
        ],
        [
            0.0,
            1.3877787807814457e-16,
            -0.26609563782709555,
            -0.6084371247709508,
            -0.11758848131869079,
            0.17029378340997067,
            0.7096361479771209,
            0.11219131252964548,
            0.0,
            0.0,
            0.0,
            0.0,
            0.0,
            0.0,
            0.0,
            0.0
        ]
    ],
    "explained_variance_": [
        0.0003191306818962305,
        0.00010562021631682541
    ],
    "explained_variance_ratio_": [
        0.705255357538054,
        0.23341291717601273
    ],
    "mean_": [
        0.0,
        0.0,
        0.04967079562392797,
        0.11246520506489001,
        0.061604521396025035,
        0.1292025193413357,
        0.26718942586337197,
        0.37986753271044943,
        0.0,
        0.0,
        0.0,
        0.0,
        0.0,
        0.0,
        0.0,
        0.0
    ],
    "n_components_": 2,
    "n_features_": 16,
    "n_samples_": 148,
    "name": "pca_DTRunsummary02-SegmentsWheel-1Sector9Station4h4DSegmNHits_W-1_St4_Sec9_default_pca",
    "noise_variance_": 1.9823453309874367e-06,
    "singular_values_": [
        0.2165922672644291,
        0.12460406012074139
    ]
}