{
    "components_": [
        [
            -0.0,
            -1.1102230246251565e-16,
            -0.31208204456370603,
            -0.5250880713986974,
            -0.18441085914245176,
            -0.11908721484736298,
            -0.05791864022155506,
            7.847947884189604e-05,
            0.012996697735286734,
            0.1483818438466634,
            0.4309909250559848,
            0.6061388840569963,
            -0.0,
            -0.0,
            -0.0,
            -0.0
        ],
        [
            0.0,
            -9.71445146547012e-17,
            -0.18050482831822418,
            -0.35141515472863216,
            -0.1021166974538706,
            -0.049578900279354896,
            0.07432695776544261,
            0.35164977715807555,
            0.3515973615964932,
            0.4076196337230922,
            0.1275577607353244,
            -0.6291359101983461,
            0.0,
            0.0,
            0.0,
            0.0
        ]
    ],
    "explained_variance_": [
        0.0002702384714994099,
        5.729083735716148e-05
    ],
    "explained_variance_ratio_": [
        0.6836966486165427,
        0.14494440143994178
    ],
    "mean_": [
        0.0,
        0.0,
        0.053406826286891605,
        0.08564881766455161,
        0.016474190757209208,
        0.018046536945116712,
        0.05480808555720847,
        0.09332194247101555,
        0.07949620792084798,
        0.1287542159887395,
        0.2228788175735358,
        0.24716435883488364,
        0.0,
        0.0,
        0.0,
        0.0
    ],
    "n_components_": 2,
    "n_features_": 16,
    "n_samples_": 246,
    "name": "pca_DTRunsummary02-SegmentsWheel-2Sector11Station3h4DSegmNHits_W-2_St3_Sec11_default_pca",
    "noise_variance_": 4.8379623168699505e-06,
    "singular_values_": [
        0.2573099794360013,
        0.11847470258457948
    ]
}