{
    "components_": [
        [
            0.0,
            1.1102230246251565e-16,
            0.12948105021885412,
            0.19600524397433755,
            0.07429691297842658,
            0.06215451718580306,
            0.07803235881397268,
            0.09371525549649734,
            0.19139624842071665,
            0.23889922383460635,
            -0.17086103633988875,
            -0.8931197745833251,
            0.0,
            0.0,
            0.0,
            0.0
        ],
        [
            0.0,
            -1.1102230246251565e-16,
            -0.2448995778375172,
            -0.5011250306386245,
            -0.2508955485065019,
            -0.15940964640415733,
            -0.043147194217424495,
            0.04214860645398131,
            0.22541245062580012,
            0.4893114716317029,
            0.5443454639924273,
            -0.10174099509968654,
            0.0,
            0.0,
            0.0,
            0.0
        ]
    ],
    "explained_variance_": [
        0.00047781607283242026,
        0.00039564148003706594
    ],
    "explained_variance_ratio_": [
        0.5173559795282513,
        0.42838133140483825
    ],
    "mean_": [
        0.0,
        0.0,
        0.04550823491935648,
        0.08305755150928992,
        0.02624996625303795,
        0.022399286879481877,
        0.04578095140012075,
        0.0719518017245074,
        0.08341266820005064,
        0.14762923010923426,
        0.24266400878998987,
        0.23134630021493066,
        0.0,
        0.0,
        0.0,
        0.0
    ],
    "n_components_": 2,
    "n_features_": 16,
    "n_samples_": 336,
    "name": "pca_DTRunsummary02-SegmentsWheel0Sector5Station2h4DSegmNHits_W0_St2_Sec5_default_pca",
    "noise_variance_": 3.579682906552187e-06,
    "singular_values_": [
        0.40008547136688277,
        0.36406029145241464
    ]
}