{
    "components_": [
        [
            0.0,
            1.1102230246251565e-16,
            -0.5732781197330611,
            -0.381398145085568,
            -0.10727932919281119,
            -0.07283925629437012,
            -0.04677799286744499,
            0.001759697640950568,
            0.03575558398095893,
            0.17355015226115478,
            0.43760115697304547,
            0.5329062523171454,
            0.0,
            0.0,
            0.0,
            0.0
        ],
        [
            0.0,
            1.6653345369377348e-16,
            -0.2906471122766851,
            -0.09886956536869568,
            0.0016827009028612464,
            0.0029722814921063143,
            0.039654448047544824,
            0.09431055186272456,
            0.2782371450324453,
            0.49548273819688826,
            0.20532138547866485,
            -0.7281445733678549,
            0.0,
            0.0,
            0.0,
            0.0
        ]
    ],
    "explained_variance_": [
        0.001204508051816733,
        0.000152232916117589
    ],
    "explained_variance_ratio_": [
        0.8267702344110256,
        0.10449215640674107
    ],
    "mean_": [
        0.0,
        0.0,
        0.14605179884219663,
        0.13099502385044778,
        0.027630560831150577,
        0.026974736532620672,
        0.060994305975667455,
        0.0833988618153316,
        0.07363369934548557,
        0.11368006436708936,
        0.1771468313864304,
        0.15949411705357952,
        0.0,
        0.0,
        0.0,
        0.0
    ],
    "n_components_": 2,
    "n_features_": 16,
    "n_samples_": 353,
    "name": "pca_DTRunsummary02-SegmentsWheel-1Sector6Station1h4DSegmNHits_W-1_St1_Sec6_default_pca",
    "noise_variance_": 7.153050014607512e-06,
    "singular_values_": [
        0.6511427141875197,
        0.23148647146948204
    ]
}