{
    "components_": [
        [
            -0.0,
            -0.0,
            -0.5028665547001757,
            -0.4428525726842002,
            -0.1120280456204622,
            -0.07812660626719305,
            -0.057460160662825846,
            0.016168250815437935,
            0.02396921081711613,
            0.15608936593389117,
            0.440501919566075,
            0.5566051928023363,
            -0.0,
            -0.0,
            -0.0,
            -0.0
        ],
        [
            -0.0,
            3.3306690738754696e-16,
            -0.7893977822534752,
            0.32373033960894415,
            0.18689752235217294,
            0.11749236873014136,
            0.1723743022609076,
            0.1668544196171172,
            0.16314377455114848,
            0.1065544762257447,
            -0.1063585006981181,
            -0.34129092039458375,
            -0.0,
            -0.0,
            -0.0,
            -0.0
        ]
    ],
    "explained_variance_": [
        0.000984981620542115,
        5.093907655043443e-05
    ],
    "explained_variance_ratio_": [
        0.8866192222801951,
        0.04585219002356646
    ],
    "mean_": [
        0.0,
        0.0,
        0.12450134044265151,
        0.137457762471333,
        0.02220843792668453,
        0.021838836618917314,
        0.05833511817405277,
        0.09144321003492749,
        0.07178165101134952,
        0.10726337109309167,
        0.17703657966117853,
        0.18813369256581325,
        0.0,
        0.0,
        0.0,
        0.0
    ],
    "n_components_": 2,
    "n_features_": 16,
    "n_samples_": 335,
    "name": "pca_DTRunsummary02-SegmentsWheel-2Sector9Station2h4DSegmNHits_W-2_St2_Sec9_default_pca",
    "noise_variance_": 5.358591060650474e-06,
    "singular_values_": [
        0.5735711475144705,
        0.13043638897119583
    ]
}