{
    "components_": [
        [
            0.0,
            -1.1102230246251565e-16,
            0.06952934831740722,
            0.10357390861131394,
            0.025470278285397135,
            0.028196496598719423,
            0.04964685192086122,
            0.10360371171762595,
            0.23086475022067934,
            0.3293048672063703,
            -0.04226526173604489,
            -0.89792495114233,
            0.0,
            0.0,
            0.0,
            0.0
        ],
        [
            0.0,
            0.0,
            -0.24265780752009622,
            -0.5359198529489734,
            -0.25292406751629815,
            -0.17823534053415765,
            -0.06732041674678339,
            0.015702263249651315,
            0.17729449534977937,
            0.4270713013055387,
            0.5772408609320576,
            0.07974856442928124,
            0.0,
            0.0,
            0.0,
            0.0
        ]
    ],
    "explained_variance_": [
        0.0005637082104578774,
        0.00033711480323145066
    ],
    "explained_variance_ratio_": [
        0.5943366556118174,
        0.35543155304953283
    ],
    "mean_": [
        0.0,
        0.0,
        0.04648797499618079,
        0.08270047052045383,
        0.02719607539076074,
        0.022605417773981257,
        0.045261316960026776,
        0.0709498365233411,
        0.0812360281076662,
        0.14200948973512315,
        0.23948984056883,
        0.24206354942363625,
        0.0,
        0.0,
        0.0,
        0.0
    ],
    "n_components_": 2,
    "n_features_": 16,
    "n_samples_": 306,
    "name": "pca_DTRunsummary02-SegmentsWheel0Sector10Station2h4DSegmNHits_W0_St2_Sec10_default_pca",
    "noise_variance_": 3.4030824757362645e-06,
    "singular_values_": [
        0.4146456368872734,
        0.32065560183098696
    ]
}