{
    "components_": [
        [
            0.0,
            -2.220446049250313e-16,
            0.07201336266284161,
            0.10095243320986663,
            0.025837767140123147,
            0.08270640163151043,
            0.16519555841328099,
            -0.028409035390178444,
            0.20750674929580898,
            0.3163205339638091,
            -0.04556114172109971,
            -0.8965626292059627,
            0.0,
            0.0,
            0.0,
            0.0
        ],
        [
            0.0,
            2.220446049250313e-16,
            -0.13639851378713164,
            -0.13710630843404642,
            -0.009381557026247808,
            -0.04698433768157523,
            -0.12648081145123008,
            -0.40020349525865406,
            -0.22789095704752885,
            0.3128142591252705,
            0.7960881635662915,
            -0.024456442005146573,
            0.0,
            0.0,
            0.0,
            0.0
        ]
    ],
    "explained_variance_": [
        0.0003097794327988715,
        5.2253570267206926e-05
    ],
    "explained_variance_ratio_": [
        0.7542360932991667,
        0.12722448467022704
    ],
    "mean_": [
        0.0,
        0.0,
        0.034224469136787186,
        0.035616809644922816,
        0.0067009821206018075,
        0.01431412044567637,
        0.07291083852731134,
        0.1311954150093144,
        0.07185956172236538,
        0.1410947607530356,
        0.2486592128792013,
        0.2434238297607837,
        0.0,
        0.0,
        0.0,
        0.0
    ],
    "n_components_": 2,
    "n_features_": 16,
    "n_samples_": 137,
    "name": "pca_DTRunsummary02-SegmentsWheel-2Sector7Station1h4DSegmNHits_W-2_St1_Sec7_default_pca",
    "noise_variance_": 3.4776032945488094e-06,
    "singular_values_": [
        0.20525594476323097,
        0.08429997364376897
    ]
}