{
    "components_": [
        [
            0.0,
            3.3306690738754696e-16,
            -0.8482384479916718,
            -0.026205937688048464,
            0.03999060887056855,
            0.12085259901383902,
            0.2897675216214849,
            0.42383365617382773,
            0.0,
            0.0,
            0.0,
            0.0,
            0.0,
            0.0,
            0.0,
            0.0
        ],
        [
            -0.0,
            -1.6653345369377348e-16,
            -0.24619042284916104,
            0.19463179271585698,
            0.21860495198186702,
            0.331697699112912,
            0.30710101362346787,
            -0.8058450345849425,
            -0.0,
            -0.0,
            -0.0,
            -0.0,
            -0.0,
            -0.0,
            -0.0,
            -0.0
        ]
    ],
    "explained_variance_": [
        0.004130922346149516,
        8.028331337928647e-05
    ],
    "explained_variance_ratio_": [
        0.9708891763043357,
        0.018868957938764672
    ],
    "mean_": [
        0.0,
        0.0,
        0.31124440243737456,
        0.14774750449180685,
        0.047799950128019346,
        0.08790612170281424,
        0.1769654658097689,
        0.228336555430216,
        0.0,
        0.0,
        0.0,
        0.0,
        0.0,
        0.0,
        0.0,
        0.0
    ],
    "n_components_": 2,
    "n_features_": 16,
    "n_samples_": 267,
    "name": "pca_DTRunsummary02-SegmentsWheel-2Sector7Station4h4DSegmNHits_W-2_St4_Sec7_default_pca",
    "noise_variance_": 3.1126365658279582e-06,
    "singular_values_": [
        1.0482487033503887,
        0.14613473700284338
    ]
}