{
    "components_": [
        [
            -0.0,
            1.3877787807814457e-17,
            0.03862890724172272,
            0.11458415499973698,
            0.12378601110456727,
            0.25281575902419545,
            0.41394480214724094,
            0.4179360587416516,
            -0.1144310025536796,
            -0.29844076409251646,
            -0.536957467128789,
            -0.4118664594841296,
            -0.0,
            -0.0,
            -0.0,
            -0.0
        ],
        [
            0.0,
            2.220446049250313e-16,
            0.111787781638259,
            0.07293875496525594,
            -0.022032283172923044,
            -0.07649308875020797,
            -0.07123299412034756,
            -0.1791237747477085,
            0.44781499569613165,
            0.44004720307201206,
            0.014066854350696018,
            -0.7377734489311674,
            0.0,
            0.0,
            0.0,
            0.0
        ]
    ],
    "explained_variance_": [
        0.0010294487724522396,
        0.0001277500811948133
    ],
    "explained_variance_ratio_": [
        0.8304357778006812,
        0.10305344071507633
    ],
    "mean_": [
        0.0,
        0.0,
        0.0321555293932864,
        0.040492175399304074,
        0.007404088178566601,
        0.020016459156680034,
        0.08007386225527549,
        0.13852080978914683,
        0.07359643732838655,
        0.14282159079757561,
        0.24143266347171344,
        0.22348638423006495,
        0.0,
        0.0,
        0.0,
        0.0
    ],
    "n_components_": 2,
    "n_features_": 16,
    "n_samples_": 138,
    "name": "pca_DTRunsummary02-SegmentsWheel2Sector3Station1h4DSegmNHits_W2_St1_Sec3_default_pca",
    "noise_variance_": 5.8892867872272345e-06,
    "singular_values_": [
        0.375545578892838,
        0.13229422180764142
    ]
}