{
    "components_": [
        [
            0.0,
            -2.220446049250313e-16,
            0.04632747993316358,
            0.08727292578599938,
            0.00375755359744423,
            0.008204949517186533,
            0.018765469021380578,
            0.03418915449567962,
            0.15559080142568987,
            0.35425991459117123,
            0.18804891948244742,
            -0.8964171678501626,
            0.0,
            0.0,
            0.0,
            0.0
        ],
        [
            0.0,
            0.0,
            -0.22600917343122495,
            -0.6431218786111826,
            -0.1925746062083869,
            -0.14087279508210276,
            -0.047926635930848366,
            0.02225248469520503,
            0.1363772336910443,
            0.34925830025952637,
            0.5434591626143149,
            0.19915790800365538,
            0.0,
            0.0,
            0.0,
            0.0
        ]
    ],
    "explained_variance_": [
        0.0005733787522990355,
        0.00024950228401913565
    ],
    "explained_variance_ratio_": [
        0.6486111282304605,
        0.28223919579309564
    ],
    "mean_": [
        0.0,
        0.0,
        0.03925864877978155,
        0.07640953508615005,
        0.018563313559721944,
        0.01887209472617435,
        0.044938961011528826,
        0.07203742888764694,
        0.0743216291686375,
        0.13072898278909528,
        0.24086326487126855,
        0.2840061411199949,
        0.0,
        0.0,
        0.0,
        0.0
    ],
    "n_components_": 2,
    "n_features_": 16,
    "n_samples_": 277,
    "name": "pca_DTRunsummary02-SegmentsWheel-1Sector11Station3h4DSegmNHits_W-1_St3_Sec11_default_pca",
    "noise_variance_": 4.366357723840979e-06,
    "singular_values_": [
        0.39780967262565875,
        0.2624169018742532
    ]
}