{
    "components_": [
        [
            0.0,
            -1.1102230246251565e-16,
            -0.8057724997954,
            -0.09956198591253873,
            0.022933241507470156,
            0.09680571387305342,
            0.28710802797294227,
            0.4984875023544727,
            0.0,
            0.0,
            0.0,
            0.0,
            0.0,
            0.0,
            0.0,
            0.0
        ],
        [
            -0.0,
            2.220446049250313e-16,
            -0.2850668604723188,
            0.07626838865541799,
            0.1789404773440793,
            0.39371987594593205,
            0.3923892001303563,
            -0.7562510816034671,
            -0.0,
            -0.0,
            -0.0,
            -0.0,
            -0.0,
            -0.0,
            -0.0,
            -0.0
        ]
    ],
    "explained_variance_": [
        0.0026175961012245984,
        0.00011749719989728653
    ],
    "explained_variance_ratio_": [
        0.9460710506464842,
        0.042466711844062255
    ],
    "mean_": [
        0.0,
        0.0,
        0.2194493272122802,
        0.11926060375867364,
        0.04889059689608239,
        0.1007250929787032,
        0.21640832367614626,
        0.29526605547811446,
        0.0,
        0.0,
        0.0,
        0.0,
        0.0,
        0.0,
        0.0,
        0.0
    ],
    "n_components_": 2,
    "n_features_": 16,
    "n_samples_": 263,
    "name": "pca_DTRunsummary02-SegmentsWheel-1Sector1Station4h4DSegmNHits_W-1_St4_Sec1_default_pca",
    "noise_variance_": 2.2652714383912675e-06,
    "singular_values_": [
        0.8281365699694977,
        0.17545445669201187
    ]
}