{
    "components_": [
        [
            0.0,
            -3.924811864397526e-17,
            -0.34042562295925116,
            -0.5481095431923348,
            -0.21436057349332321,
            -0.14171128135076502,
            -0.056082914985487065,
            0.017072903531210253,
            0.10220044858098469,
            0.2876056846057552,
            0.5508431243386781,
            0.34296777492453207,
            0.0,
            0.0,
            0.0,
            0.0
        ],
        [
            -0.0,
            -3.3306690738754696e-16,
            0.008788204145780742,
            -0.009266871707981267,
            -0.019254951728121694,
            -0.008623684618543778,
            0.01444704726664633,
            0.016865099362402936,
            0.15997290668705144,
            0.41978375500622206,
            0.26869448758164755,
            -0.8514059919951039,
            -0.0,
            -0.0,
            -0.0,
            -0.0
        ]
    ],
    "explained_variance_": [
        0.00031909864498044825,
        0.0001866130516214795
    ],
    "explained_variance_ratio_": [
        0.5613886347754271,
        0.32830739938578446
    ],
    "mean_": [
        0.0,
        0.0,
        0.05002835902571712,
        0.07366404558092166,
        0.019043330361538473,
        0.018353853808770977,
        0.04358274854213232,
        0.07103396760553653,
        0.07481339105102425,
        0.13257862416299931,
        0.24167712844866296,
        0.2752245514126965,
        0.0,
        0.0,
        0.0,
        0.0
    ],
    "n_components_": 2,
    "n_features_": 16,
    "n_samples_": 278,
    "name": "pca_DTRunsummary02-SegmentsWheel1Sector5Station3h4DSegmNHits_W1_St3_Sec5_default_pca",
    "noise_variance_": 4.47841602753084e-06,
    "singular_values_": [
        0.2973051036554606,
        0.2273583411690669
    ]
}