{
    "components_": [
        [
            -0.0,
            2.220446049250313e-16,
            -0.3221599800939625,
            -0.4344423127920846,
            -0.19266675193387242,
            -0.1259787112792233,
            -0.08311242753831903,
            -0.0773751304086017,
            -0.015483816480220708,
            0.14561744463155163,
            0.48584790429682745,
            0.6197537815979053,
            -0.0,
            -0.0,
            -0.0,
            -0.0
        ],
        [
            -0.0,
            -0.0,
            -0.2060754388750221,
            -0.2097202705112619,
            -0.08150983943865374,
            -0.06524499196039059,
            -0.016603648160055343,
            0.08243642545935971,
            0.2782566770014341,
            0.565320265581153,
            0.29476304565585576,
            -0.6416222247524184,
            -0.0,
            -0.0,
            -0.0,
            -0.0
        ]
    ],
    "explained_variance_": [
        0.0006505485699414566,
        6.08368849975492e-05
    ],
    "explained_variance_ratio_": [
        0.8543224353231855,
        0.07989305971921515
    ],
    "mean_": [
        0.0,
        0.0,
        0.07141886355585958,
        0.09266220939013987,
        0.029695103688334064,
        0.02601958497024159,
        0.05219827991082303,
        0.07558829372978502,
        0.08281378365223971,
        0.13888412201881356,
        0.22380942279380955,
        0.20691033628995398,
        0.0,
        0.0,
        0.0,
        0.0
    ],
    "n_components_": 2,
    "n_features_": 16,
    "n_samples_": 341,
    "name": "pca_DTRunsummary02-SegmentsWheel0Sector5Station1h4DSegmNHits_W0_St1_Sec5_default_pca",
    "noise_variance_": 3.5781083727884674e-06,
    "singular_values_": [
        0.4703047031235125,
        0.14382121157592412
    ]
}