{
    "components_": [
        [
            0.0,
            -5.551115123125783e-17,
            -0.009399806552455484,
            -0.25914955239051013,
            -0.17696602149772217,
            -0.26982326454576144,
            -0.3946386196454652,
            -0.33018213368396365,
            0.21020596751992143,
            0.3202896891678707,
            0.49579288626346635,
            0.4138708553646197,
            0.0,
            0.0,
            0.0,
            0.0
        ],
        [
            0.0,
            -2.220446049250313e-16,
            -0.6880432737528758,
            -0.4100457431745115,
            -0.006272016641314346,
            0.12923668936867394,
            0.31989087483444506,
            0.355754302686323,
            -0.11855857903723117,
            -0.019223970037806598,
            0.18120369879148418,
            0.25605801696281333,
            0.0,
            0.0,
            0.0,
            0.0
        ]
    ],
    "explained_variance_": [
        0.007404971812402117,
        0.0005787161873091402
    ],
    "explained_variance_ratio_": [
        0.9165976771730262,
        0.07163429199576032
    ],
    "mean_": [
        0.0,
        0.0,
        0.12910242115065507,
        0.15266818361707107,
        0.03393951877757636,
        0.040151165666647705,
        0.08628437494364496,
        0.11173231355865254,
        0.06349325151525234,
        0.09795144930138142,
        0.1520951483673749,
        0.13258217310174392,
        0.0,
        0.0,
        0.0,
        0.0
    ],
    "n_components_": 2,
    "n_features_": 16,
    "n_samples_": 305,
    "name": "pca_DTRunsummary02-SegmentsWheel2Sector6Station2h4DSegmNHits_W2_St2_Sec6_default_pca",
    "noise_variance_": 6.790791857041444e-06,
    "singular_values_": [
        1.5003704312503108,
        0.4194397703389351
    ]
}