{
    "components_": [
        [
            -0.0,
            -2.220446049250313e-16,
            0.04287221675912131,
            0.023328020764001034,
            0.0027873193117913253,
            0.012231224661707188,
            0.028206759752853815,
            0.027225829694268205,
            0.17936046149059495,
            0.383730263878327,
            0.1847713305114807,
            -0.884513426824145,
            -0.0,
            -0.0,
            -0.0,
            -0.0
        ],
        [
            -0.0,
            5.551115123125783e-17,
            -0.25762540061238504,
            -0.5769002230391633,
            -0.21513351680249587,
            -0.15530693728979855,
            -0.06873011673533065,
            -0.012018842035471267,
            0.10029022046322926,
            0.36124174298995787,
            0.5626766206604283,
            0.2615064524010295,
            -0.0,
            -0.0,
            -0.0,
            -0.0
        ]
    ],
    "explained_variance_": [
        0.0005376861266338746,
        0.00024196301216919264
    ],
    "explained_variance_ratio_": [
        0.6457293568161562,
        0.29058332079247134
    ],
    "mean_": [
        0.0,
        0.0,
        0.04193466005825139,
        0.0719334024187524,
        0.018934644664997415,
        0.01831032318593298,
        0.04457810469375069,
        0.07276050809153707,
        0.07448206294936344,
        0.13356236927029674,
        0.2445321210388975,
        0.2789718036282204,
        0.0,
        0.0,
        0.0,
        0.0
    ],
    "n_components_": 2,
    "n_features_": 16,
    "n_samples_": 295,
    "name": "pca_DTRunsummary02-SegmentsWheel1Sector1Station3h4DSegmNHits_W1_St3_Sec1_default_pca",
    "noise_variance_": 3.787941421901029e-06,
    "singular_values_": [
        0.3975924059012686,
        0.26671543933140174
    ]
}