{
    "components_": [
        [
            -0.0,
            -5.551115123125783e-17,
            0.2116878879528917,
            0.7975041385262155,
            -0.009598271698855979,
            -0.004043552584769419,
            -0.01503396325007683,
            -0.0321705992838842,
            -0.05626802055344929,
            -0.12593962902385641,
            -0.3316134207066063,
            -0.43452456937760875,
            -0.0,
            -0.0,
            -0.0,
            -0.0
        ],
        [
            0.0,
            1.1102230246251565e-16,
            -0.09255967294878657,
            -0.17176797935305124,
            -0.04321247099150638,
            -0.008494762115801968,
            0.0349276741989869,
            0.08513729348672884,
            0.22732060364554907,
            0.39405665741561746,
            0.3591702997770299,
            -0.7845776431147672,
            0.0,
            0.0,
            0.0,
            0.0
        ]
    ],
    "explained_variance_": [
        0.00201079871427335,
        0.00011991892402248814
    ],
    "explained_variance_ratio_": [
        0.901288026154923,
        0.053750526874545144
    ],
    "mean_": [
        0.0,
        0.0,
        0.04342591578663478,
        0.08409576505712063,
        0.018725884441315243,
        0.01808242728644285,
        0.04369724495584385,
        0.07271906620110895,
        0.07318906970254163,
        0.1282231900946862,
        0.2369877069590832,
        0.2808537295152228,
        0.0,
        0.0,
        0.0,
        0.0
    ],
    "n_components_": 2,
    "n_features_": 16,
    "n_samples_": 248,
    "name": "pca_DTRunsummary02-SegmentsWheel1Sector12Station3h4DSegmNHits_W1_St3_Sec12_default_pca",
    "noise_variance_": 7.165017265498149e-06,
    "singular_values_": [
        0.7047462539279775,
        0.17210454448838522
    ]
}