{
    "components_": [
        [
            0.0,
            2.220446049250313e-16,
            -0.8476666928130592,
            0.006010126501687939,
            0.03659980373656209,
            0.08462187401447169,
            0.27832899957624263,
            0.44210588898409503,
            0.0,
            0.0,
            0.0,
            0.0,
            0.0,
            0.0,
            0.0,
            0.0
        ],
        [
            -0.0,
            -1.1102230246251565e-16,
            -0.1388502775750411,
            -0.3147751739875552,
            0.1516626571864369,
            0.5189535696620163,
            0.4233788093854005,
            -0.6403695846712576,
            -0.0,
            -0.0,
            -0.0,
            -0.0,
            -0.0,
            -0.0,
            -0.0,
            -0.0
        ]
    ],
    "explained_variance_": [
        0.0034294544394363187,
        0.000656006686747535
    ],
    "explained_variance_ratio_": [
        0.8248890708601914,
        0.15778974640590063
    ],
    "mean_": [
        0.0,
        0.0,
        0.2957836151059693,
        0.14686243555482406,
        0.05652018972283396,
        0.1059143564263277,
        0.19427579942983358,
        0.20064360376021165,
        0.0,
        0.0,
        0.0,
        0.0,
        0.0,
        0.0,
        0.0,
        0.0
    ],
    "n_components_": 2,
    "n_features_": 16,
    "n_samples_": 190,
    "name": "pca_DTRunsummary02-SegmentsWheel-2Sector4Station4h4DSegmNHits_W-2_St4_Sec4_default_pca",
    "noise_variance_": 5.14373985212206e-06,
    "singular_values_": [
        0.8050881250232574,
        0.3521154126068385
    ]
}