{
    "components_": [
        [
            0.0,
            0.0,
            -0.861671143944917,
            -0.061018730103419114,
            0.08450927587902485,
            0.23413771849655576,
            0.3705902559818276,
            0.23345262369092848,
            0.0,
            0.0,
            0.0,
            0.0,
            0.0,
            0.0,
            0.0,
            0.0
        ],
        [
            -0.0,
            5.551115123125783e-17,
            0.024981314408046296,
            -0.07929908013654856,
            0.184272869916921,
            0.4710994358918832,
            0.22699672972635446,
            -0.8280512698066562,
            -0.0,
            -0.0,
            -0.0,
            -0.0,
            -0.0,
            -0.0,
            -0.0,
            -0.0
        ]
    ],
    "explained_variance_": [
        0.00611507591993833,
        0.0006763097119367898
    ],
    "explained_variance_ratio_": [
        0.8928690847553377,
        0.09874873859525811
    ],
    "mean_": [
        0.0,
        0.0,
        0.45360558952157043,
        0.1402776655342212,
        0.0414454692908141,
        0.0759243266176893,
        0.14089043669002893,
        0.14785651234567632,
        0.0,
        0.0,
        0.0,
        0.0,
        0.0,
        0.0,
        0.0,
        0.0
    ],
    "n_components_": 2,
    "n_features_": 16,
    "n_samples_": 248,
    "name": "pca_DTRunsummary02-SegmentsWheel1Sector13Station4h4DSegmNHits_W1_St4_Sec13_default_pca",
    "noise_variance_": 4.100556882190515e-06,
    "singular_values_": [
        1.2289929829843487,
        0.4087156699325181
    ]
}