{
    "components_": [
        [
            -0.0,
            -2.220446049250313e-16,
            0.16706420762209143,
            0.8071032116951309,
            -0.06176560020793207,
            -0.0426157147351512,
            -0.04699918163027955,
            -0.0443342323035017,
            -0.01699762626605395,
            -0.035103223915033344,
            -0.212255797362999,
            -0.5140960428962713,
            -0.0,
            -0.0,
            -0.0,
            -0.0
        ],
        [
            0.0,
            -1.1102230246251565e-16,
            -0.0501413689888614,
            -0.34637710631698926,
            0.029620922756405967,
            0.02673701101170442,
            0.06191009535981496,
            0.07820852948848796,
            0.2144430011171753,
            0.4181666471821481,
            0.30886395898424834,
            -0.7414316905941342,
            0.0,
            0.0,
            0.0,
            0.0
        ]
    ],
    "explained_variance_": [
        0.0036731013575135945,
        0.0002685182840168796
    ],
    "explained_variance_ratio_": [
        0.9013677825186646,
        0.06589356150897231
    ],
    "mean_": [
        0.0,
        0.0,
        0.06022541022211176,
        0.12443758296871543,
        0.016503777395601438,
        0.017158016169257384,
        0.042376662277788676,
        0.06854709598318118,
        0.07017990524096492,
        0.1208135454456721,
        0.22057082308498385,
        0.2591871812117232,
        0.0,
        0.0,
        0.0,
        0.0
    ],
    "n_components_": 2,
    "n_features_": 16,
    "n_samples_": 280,
    "name": "pca_DTRunsummary02-SegmentsWheel-1Sector4Station3h4DSegmNHits_W-1_St3_Sec4_default_pca",
    "noise_variance_": 9.529359081312737e-06,
    "singular_values_": [
        1.012321726896293,
        0.2737089717943301
    ]
}