{
    "components_": [
        [
            -0.0,
            -1.1102230246251565e-16,
            -0.8265684213182329,
            -0.08111563510920092,
            0.03323505001743643,
            0.11986324784415746,
            0.3064645714826062,
            0.4481211870832339,
            -0.0,
            -0.0,
            -0.0,
            -0.0,
            -0.0,
            -0.0,
            -0.0,
            -0.0
        ],
        [
            0.0,
            1.249000902703301e-16,
            -0.24376006139845316,
            0.010843623826375319,
            0.26371201681120016,
            0.4975199216602763,
            0.22769319942463276,
            -0.7560087003240309,
            0.0,
            0.0,
            0.0,
            0.0,
            0.0,
            0.0,
            0.0,
            0.0
        ]
    ],
    "explained_variance_": [
        0.004447066224280844,
        0.00013111654558089884
    ],
    "explained_variance_ratio_": [
        0.9627076825429234,
        0.02838430987378279
    ],
    "mean_": [
        0.0,
        0.0,
        0.28278002204428065,
        0.11917317685252186,
        0.04852284995155762,
        0.10181574459594792,
        0.2019842172746268,
        0.24572398928106517,
        0.0,
        0.0,
        0.0,
        0.0,
        0.0,
        0.0,
        0.0,
        0.0
    ],
    "n_components_": 2,
    "n_features_": 16,
    "n_samples_": 300,
    "name": "pca_DTRunsummary02-SegmentsWheel1Sector2Station4h4DSegmNHits_W1_St4_Sec2_default_pca",
    "noise_variance_": 2.939217344078082e-06,
    "singular_values_": [
        1.1531143920097313,
        0.19799961396095891
    ]
}