{
    "components_": [
        [
            0.0,
            1.1102230246251565e-16,
            0.08271885678430627,
            0.17683495324828177,
            0.15094166411557708,
            0.31002387489773153,
            0.1798397306306913,
            -0.9003590796765879,
            0.0,
            0.0,
            0.0,
            0.0,
            0.0,
            0.0,
            0.0,
            0.0
        ],
        [
            -0.0,
            -1.1102230246251565e-16,
            -0.2868085201231978,
            -0.5406309402079363,
            -0.18258264270609997,
            0.21545578337394733,
            0.7364244468317444,
            0.058141872831542596,
            -0.0,
            -0.0,
            -0.0,
            -0.0,
            -0.0,
            -0.0,
            -0.0,
            -0.0
        ]
    ],
    "explained_variance_": [
        0.0002578114553637098,
        7.571356317963903e-05
    ],
    "explained_variance_ratio_": [
        0.7235498322862506,
        0.21249069737082596
    ],
    "mean_": [
        0.0,
        0.0,
        0.047569639186417254,
        0.10321180378170086,
        0.06286150501290952,
        0.12186940279106898,
        0.27992885124660266,
        0.3845587979813006,
        0.0,
        0.0,
        0.0,
        0.0,
        0.0,
        0.0,
        0.0,
        0.0
    ],
    "n_components_": 2,
    "n_features_": 16,
    "n_samples_": 167,
    "name": "pca_DTRunsummary02-SegmentsWheel-1Sector14Station4h4DSegmNHits_W-1_St4_Sec14_default_pca",
    "noise_variance_": 1.627835765673937e-06,
    "singular_values_": [
        0.20687363676983064,
        0.11210910528507521
    ]
}