{
    "components_": [
        [
            -0.0,
            1.249000902703301e-16,
            0.18738670655627873,
            0.14857553615537275,
            0.05942820236494112,
            0.04631897801544431,
            0.06308657166972759,
            0.0026409616063640187,
            0.14528832026990832,
            0.24316834608504612,
            0.027234864913771167,
            -0.9231284876368537,
            -0.0,
            -0.0,
            -0.0,
            -0.0
        ],
        [
            -0.0,
            -2.220446049250313e-16,
            -0.43711195436372186,
            -0.4955088617731317,
            -0.1650641682323555,
            -0.09748123182831214,
            0.007920680002412785,
            0.0547369781087203,
            0.18954520337728556,
            0.4047839243398612,
            0.5682556423520096,
            -0.030076211982768664,
            -0.0,
            -0.0,
            -0.0,
            -0.0
        ]
    ],
    "explained_variance_": [
        0.00048440132607649553,
        0.00025582990501172957
    ],
    "explained_variance_ratio_": [
        0.5871331217502602,
        0.3100862914295348
    ],
    "mean_": [
        0.0,
        0.0,
        0.06404520299316564,
        0.08452385028650616,
        0.015866949744308467,
        0.017394553346113877,
        0.05322816050019365,
        0.09254620400665398,
        0.07814642563641205,
        0.12459020190718548,
        0.21847710745679277,
        0.2511813441226678,
        0.0,
        0.0,
        0.0,
        0.0
    ],
    "n_components_": 2,
    "n_features_": 16,
    "n_samples_": 244,
    "name": "pca_DTRunsummary02-SegmentsWheel-2Sector6Station3h4DSegmNHits_W-2_St3_Sec6_default_pca",
    "noise_variance_": 6.056919474631859e-06,
    "singular_values_": [
        0.34308821349120755,
        0.24933244256985548
    ]
}