{
    "components_": [
        [
            0.0,
            2.220446049250313e-16,
            -0.05116682257548971,
            -0.3297737449180446,
            -0.17848302361447688,
            -0.23970404156418712,
            -0.32074071223859385,
            -0.32235891262652083,
            0.17970256509634797,
            0.2831398257119839,
            0.4743853804619783,
            0.5049994862670031,
            0.0,
            0.0,
            0.0,
            0.0
        ],
        [
            -0.0,
            -0.0,
            -0.4829596121155502,
            -0.5081403376448563,
            -0.13906315962944293,
            0.032091062857597455,
            0.36116288027961124,
            0.5768944096209442,
            -0.03307472365830834,
            -0.013210482986466168,
            0.06864683635836444,
            0.1376531269181062,
            -0.0,
            -0.0,
            -0.0,
            -0.0
        ]
    ],
    "explained_variance_": [
        0.03960733970467733,
        0.0006720296450416362
    ],
    "explained_variance_ratio_": [
        0.9767202934240526,
        0.016572306976154087
    ],
    "mean_": [
        0.0,
        0.0,
        0.1259840061241121,
        0.1944679003155024,
        0.05634328935459811,
        0.07002080528582555,
        0.1234250828638861,
        0.15686550499426544,
        0.034262489053074184,
        0.053811065045281645,
        0.08969920342357648,
        0.09512065353987789,
        0.0,
        0.0,
        0.0,
        0.0
    ],
    "n_components_": 2,
    "n_features_": 16,
    "n_samples_": 308,
    "name": "pca_DTRunsummary02-SegmentsWheel2Sector7Station2h4DSegmNHits_W2_St2_Sec7_default_pca",
    "noise_variance_": 1.9428157117289855e-05,
    "singular_values_": [
        3.4870407639337886,
        0.45421701974692924
    ]
}