{
    "components_": [
        [
            0.0,
            0.0,
            -0.5135881184330869,
            -0.43682556400338557,
            -0.10717595887442713,
            -0.07598937151543561,
            -0.0529260296104482,
            0.017580881894215573,
            0.02625528302509214,
            0.15021109976757518,
            0.42803646339099377,
            0.5644213143589071,
            0.0,
            0.0,
            0.0,
            0.0
        ],
        [
            0.0,
            0.0,
            -0.7701238684434544,
            0.3293478810550086,
            0.16382618738869137,
            0.11518769619822253,
            0.1363041570513249,
            0.14617255879940638,
            0.17893944033916934,
            0.15320782943821104,
            -0.05271733900307771,
            -0.4001445428235026,
            0.0,
            0.0,
            0.0,
            0.0
        ]
    ],
    "explained_variance_": [
        0.0008559594768642653,
        5.538866702219819e-05
    ],
    "explained_variance_ratio_": [
        0.8648924257350057,
        0.05596671323104485
    ],
    "mean_": [
        0.0,
        0.0,
        0.12747464044233323,
        0.1396126977299706,
        0.022607526389862524,
        0.022121117748599876,
        0.05815155299245477,
        0.0906484704076155,
        0.07144556158656826,
        0.1061596281920104,
        0.17514354003200744,
        0.1866352644785776,
        0.0,
        0.0,
        0.0,
        0.0
    ],
    "n_components_": 2,
    "n_features_": 16,
    "n_samples_": 296,
    "name": "pca_DTRunsummary02-SegmentsWheel-2Sector1Station2h4DSegmNHits_W-2_St2_Sec1_default_pca",
    "noise_variance_": 5.5945330799491095e-06,
    "singular_values_": [
        0.5025017867380754,
        0.1278266669030702
    ]
}