{
    "components_": [
        [
            0.0,
            1.1102230246251565e-16,
            -0.5276838194450718,
            -0.41123591510428503,
            -0.12910484434517092,
            -0.08702504849638171,
            -0.0564001064139269,
            0.013566699322010309,
            0.03976326531276288,
            0.17178110990785686,
            0.432727129042746,
            0.5536115302194602,
            0.0,
            0.0,
            0.0,
            0.0
        ],
        [
            0.0,
            -1.1102230246251565e-16,
            -0.7727995558005135,
            0.3235016657272212,
            0.2084187140166915,
            0.15238739063166767,
            0.15908892954053477,
            0.16114204245861752,
            0.15825900966918016,
            0.07637111523009582,
            -0.09077228342456972,
            -0.3755970280489257,
            0.0,
            0.0,
            0.0,
            0.0
        ]
    ],
    "explained_variance_": [
        0.0010397521930286043,
        5.944456431194058e-05
    ],
    "explained_variance_ratio_": [
        0.8837943481383663,
        0.050528164613349746
    ],
    "mean_": [
        0.0,
        0.0,
        0.14092284107358688,
        0.13313381658710438,
        0.028409328386523023,
        0.028151149136833333,
        0.06294736490057243,
        0.08555212527547057,
        0.07037582566904302,
        0.10460719801994194,
        0.17130820371878505,
        0.17459214723213953,
        0.0,
        0.0,
        0.0,
        0.0
    ],
    "n_components_": 2,
    "n_features_": 16,
    "n_samples_": 325,
    "name": "pca_DTRunsummary02-SegmentsWheel-1Sector12Station1h4DSegmNHits_W-1_St1_Sec12_default_pca",
    "noise_variance_": 5.519085451016203e-06,
    "singular_values_": [
        0.5804133962455276,
        0.13878054199731585
    ]
}