{
    "components_": [
        [
            0.0,
            0.0,
            -0.49973378347837905,
            -0.3734090922707848,
            -0.11290412001149516,
            -0.07166612943939425,
            -0.07079088502280527,
            -0.009777555600223475,
            -0.005837695146972032,
            0.09898875613461972,
            0.3963516785732617,
            0.6487788262621725,
            0.0,
            0.0,
            0.0,
            0.0
        ],
        [
            -0.0,
            -6.938893903907228e-18,
            -0.26511578754062093,
            -0.19321836332339387,
            -0.025528438418788883,
            -0.031725060389790324,
            -0.0034307444699604997,
            -0.003717138618910569,
            0.2415883977765864,
            0.5389273771870279,
            0.37542303412221084,
            -0.6332032763243604,
            -0.0,
            -0.0,
            -0.0,
            -0.0
        ]
    ],
    "explained_variance_": [
        0.0010948100256541516,
        0.00023202161453578582
    ],
    "explained_variance_ratio_": [
        0.7720280859457024,
        0.16361487269087197
    ],
    "mean_": [
        0.0,
        0.0,
        0.13952379567752554,
        0.13357962135541954,
        0.027644630614951007,
        0.028573348275791104,
        0.06254335444066053,
        0.08626013966238573,
        0.07578351122852958,
        0.11293295465266145,
        0.17274650715043996,
        0.1604121369416357,
        0.0,
        0.0,
        0.0,
        0.0
    ],
    "n_components_": 2,
    "n_features_": 16,
    "n_samples_": 341,
    "name": "pca_DTRunsummary02-SegmentsWheel1Sector11Station1h4DSegmNHits_W1_St1_Sec11_default_pca",
    "noise_variance_": 6.518890715874155e-06,
    "singular_values_": [
        0.6101109806604136,
        0.2808689177217144
    ]
}