{
    "components_": [
        [
            0.0,
            -1.1102230246251565e-16,
            0.17385484701881887,
            0.31239279763983874,
            0.13178798223948268,
            0.10090783664881961,
            0.08733415693794169,
            0.10231470094161806,
            0.14691734670128082,
            0.10577018471387743,
            -0.3362204833010881,
            -0.8250593695405899,
            0.0,
            0.0,
            0.0,
            0.0
        ],
        [
            0.0,
            -2.7755575615628914e-17,
            -0.18455895074255566,
            -0.44799516577364557,
            -0.2326093448062275,
            -0.1527687548617097,
            -0.034018963296893516,
            0.07500217165489133,
            0.295617665900803,
            0.5619717279468252,
            0.42756900474151205,
            -0.30820939076300014,
            0.0,
            0.0,
            0.0,
            0.0
        ]
    ],
    "explained_variance_": [
        0.00047186503485090837,
        0.00031769115104304856
    ],
    "explained_variance_ratio_": [
        0.5617261652116723,
        0.37819168367386885
    ],
    "mean_": [
        0.0,
        0.0,
        0.04551612560551299,
        0.08384217560342605,
        0.02602933110078377,
        0.02268986147124604,
        0.04642469407694704,
        0.07129343468591486,
        0.08034325156086877,
        0.14182162537935775,
        0.241615334322076,
        0.24042416619386667,
        0.0,
        0.0,
        0.0,
        0.0
    ],
    "n_components_": 2,
    "n_features_": 16,
    "n_samples_": 311,
    "name": "pca_DTRunsummary02-SegmentsWheel0Sector8Station2h4DSegmNHits_W0_St2_Sec8_default_pca",
    "noise_variance_": 3.605044095113801e-06,
    "singular_values_": [
        0.3824632803339186,
        0.3138220145613514
    ]
}