{
    "components_": [
        [
            -0.0,
            -1.1102230246251565e-16,
            0.4436677277033402,
            0.3910069946640379,
            0.11667629060116491,
            0.04684208587657737,
            -0.23806953125238697,
            -0.7601235675927331,
            -0.0,
            -0.0,
            -0.0,
            -0.0,
            -0.0,
            -0.0,
            -0.0,
            -0.0
        ],
        [
            0.0,
            1.1102230246251565e-16,
            -0.31089799577652266,
            -0.3302073657342439,
            0.12167960326638977,
            0.41274493469885964,
            0.6026357903306824,
            -0.49595496678516493,
            0.0,
            0.0,
            0.0,
            0.0,
            0.0,
            0.0,
            0.0,
            0.0
        ]
    ],
    "explained_variance_": [
        0.00022270783785772097,
        6.881248996907188e-05
    ],
    "explained_variance_ratio_": [
        0.6600525425068823,
        0.2039436932135821
    ],
    "mean_": [
        0.0,
        0.0,
        0.08320197278957785,
        0.1483302041100589,
        0.06734612620305774,
        0.12738602234709287,
        0.24547887122290035,
        0.32825680332731205,
        0.0,
        0.0,
        0.0,
        0.0,
        0.0,
        0.0,
        0.0,
        0.0
    ],
    "n_components_": 2,
    "n_features_": 16,
    "n_samples_": 118,
    "name": "pca_DTRunsummary02-SegmentsWheel2Sector11Station4h4DSegmNHits_W2_St4_Sec11_default_pca",
    "noise_variance_": 3.2777806454368862e-06,
    "singular_values_": [
        0.16142124094849894,
        0.08972770657038666
    ]
}