{
    "components_": [
        [
            0.0,
            -1.1102230246251565e-16,
            -0.23636537891924309,
            -0.49787854414475696,
            -0.1744700197136851,
            -0.1336423759064475,
            -0.09778355611270925,
            -0.010288196677719463,
            -0.0068944811305454295,
            0.08642439792513795,
            0.3661081779688381,
            0.7047899767111308,
            0.0,
            0.0,
            0.0,
            0.0
        ],
        [
            0.0,
            -0.0,
            -0.1025612098175247,
            -0.2823389297430546,
            -0.12321322430251817,
            -0.07799972063472507,
            -0.007205544361930138,
            0.0075892498245337114,
            0.18672933015274765,
            0.49980193974250275,
            0.4967007923837128,
            -0.5975026832437449,
            0.0,
            0.0,
            0.0,
            0.0
        ]
    ],
    "explained_variance_": [
        0.0002714072104968986,
        0.0001565347886859233
    ],
    "explained_variance_ratio_": [
        0.5632863787380841,
        0.3248768302949436
    ],
    "mean_": [
        0.0,
        0.0,
        0.041102227465320856,
        0.07221988119540497,
        0.01855948069028526,
        0.018153385554035957,
        0.044384170194647646,
        0.07322699638408223,
        0.07517957590692384,
        0.13272990824904923,
        0.24362955180049764,
        0.2808148225597523,
        0.0,
        0.0,
        0.0,
        0.0
    ],
    "n_components_": 2,
    "n_features_": 16,
    "n_samples_": 255,
    "name": "pca_DTRunsummary02-SegmentsWheel1Sector8Station3h4DSegmNHits_W1_St3_Sec8_default_pca",
    "noise_variance_": 3.849007819238853e-06,
    "singular_values_": [
        0.2625593865513329,
        0.19939868687186613
    ]
}