{
    "components_": [
        [
            -0.0,
            -1.1102230246251565e-16,
            -0.8511216981659128,
            -0.09647267584953594,
            0.08407263812122008,
            0.2201329935841933,
            0.3651891841501308,
            0.27819955815990394,
            -0.0,
            -0.0,
            -0.0,
            -0.0,
            -0.0,
            -0.0,
            -0.0,
            -0.0
        ],
        [
            -0.0,
            -2.220446049250313e-16,
            0.04975492217675287,
            -0.0012807232779959337,
            -0.23447018772500533,
            -0.4590372110171145,
            -0.1892438240008882,
            0.8342770238442512,
            -0.0,
            -0.0,
            -0.0,
            -0.0,
            -0.0,
            -0.0,
            -0.0,
            -0.0
        ]
    ],
    "explained_variance_": [
        0.0068290285630579935,
        0.00102741892271349
    ],
    "explained_variance_ratio_": [
        0.8652980972647621,
        0.13018303126260403
    ],
    "mean_": [
        0.0,
        0.0,
        0.3952227659887555,
        0.11498762327125576,
        0.04130466309626579,
        0.08620053480941353,
        0.17016164720808968,
        0.19212276562621952,
        0.0,
        0.0,
        0.0,
        0.0,
        0.0,
        0.0,
        0.0,
        0.0
    ],
    "n_components_": 2,
    "n_features_": 16,
    "n_samples_": 279,
    "name": "pca_DTRunsummary02-SegmentsWheel0Sector4Station4h4DSegmNHits_W0_St4_Sec4_default_pca",
    "noise_variance_": 2.547388207019717e-06,
    "singular_values_": [
        1.3778497525238818,
        0.5344365823129534
    ]
}