{
    "components_": [
        [
            0.0,
            -1.1102230246251565e-16,
            0.8541437501267455,
            0.06177551432779184,
            -0.056009328170432915,
            -0.1814920330336252,
            -0.35370742269611893,
            -0.32471048055436036,
            0.0,
            0.0,
            0.0,
            0.0,
            0.0,
            0.0,
            0.0,
            0.0
        ],
        [
            0.0,
            1.1102230246251565e-16,
            -0.06932622136683048,
            -0.05820563497462092,
            0.17793754159870354,
            0.4557504127976082,
            0.305643157753625,
            -0.8117992558084854,
            0.0,
            0.0,
            0.0,
            0.0,
            0.0,
            0.0,
            0.0,
            0.0
        ]
    ],
    "explained_variance_": [
        0.0040454240501002076,
        0.0004376101573750327
    ],
    "explained_variance_ratio_": [
        0.8932988452882942,
        0.09663181002245295
    ],
    "mean_": [
        0.0,
        0.0,
        0.3058926985572185,
        0.15729584723777165,
        0.05285523703635216,
        0.09353415021937651,
        0.18091306850488081,
        0.2095089984444001,
        0.0,
        0.0,
        0.0,
        0.0,
        0.0,
        0.0,
        0.0,
        0.0
    ],
    "n_components_": 2,
    "n_features_": 16,
    "n_samples_": 240,
    "name": "pca_DTRunsummary02-SegmentsWheel2Sector4Station4h4DSegmNHits_W2_St4_Sec4_default_pca",
    "noise_variance_": 3.2571701899815914e-06,
    "singular_values_": [
        0.9832885374974883,
        0.32340195981569564
    ]
}