{
    "components_": [
        [
            0.0,
            2.220446049250313e-16,
            -0.8544497740304786,
            -0.07468831462653767,
            0.06849320564216702,
            0.20197896248491568,
            0.36039758144497935,
            0.29826833908495437,
            0.0,
            0.0,
            0.0,
            0.0,
            0.0,
            0.0,
            0.0,
            0.0
        ],
        [
            -0.0,
            5.551115123125783e-17,
            -0.033569754132880936,
            -0.0848900426630028,
            0.18352905541877634,
            0.4709781687746953,
            0.27626021055814715,
            -0.8123076379557352,
            -0.0,
            -0.0,
            -0.0,
            -0.0,
            -0.0,
            -0.0,
            -0.0,
            -0.0
        ]
    ],
    "explained_variance_": [
        0.006145679355080277,
        0.0008504216561884001
    ],
    "explained_variance_ratio_": [
        0.8722830334808035,
        0.1207040489973784
    ],
    "mean_": [
        0.0,
        0.0,
        0.40425245529231585,
        0.12990960210238447,
        0.04304157126732045,
        0.08332536851014881,
        0.16009782214448273,
        0.17937318068334748,
        0.0,
        0.0,
        0.0,
        0.0,
        0.0,
        0.0,
        0.0,
        0.0
    ],
    "n_components_": 2,
    "n_features_": 16,
    "n_samples_": 271,
    "name": "pca_DTRunsummary02-SegmentsWheel-1Sector4Station4h4DSegmNHits_W-1_St4_Sec4_default_pca",
    "noise_variance_": 3.5292560506202927e-06,
    "singular_values_": [
        1.2881511657688607,
        0.4791803910542125
    ]
}