{
    "components_": [
        [
            -0.0,
            2.7755575615628914e-17,
            0.0444776260463558,
            0.16414767871976846,
            0.1127676422518847,
            0.18272244465004445,
            0.3361956309954009,
            0.5029098990480471,
            -0.1318688488709448,
            -0.22737122561702916,
            -0.4379943256933083,
            -0.5459865215302188,
            -0.0,
            -0.0,
            -0.0,
            -0.0
        ],
        [
            -0.0,
            -0.0,
            -0.033495249270922095,
            -0.1275205228393842,
            -0.05999424314880829,
            -0.053364549478097406,
            -0.04417863749897996,
            -0.05383536634731087,
            0.21143580110736043,
            0.4779129792516593,
            0.4107218353626812,
            -0.727682047138198,
            -0.0,
            -0.0,
            -0.0,
            -0.0
        ]
    ],
    "explained_variance_": [
        0.002365642996516946,
        0.0005430302105347587
    ],
    "explained_variance_ratio_": [
        0.753208932953911,
        0.17289811101710473
    ],
    "mean_": [
        0.0,
        0.0,
        0.04214237363621575,
        0.07142271324607105,
        0.019251133192245962,
        0.019535510559679874,
        0.04683958663486351,
        0.07648170007591994,
        0.07364654150495932,
        0.12959264861284614,
        0.23945271660712308,
        0.2816350759300758,
        0.0,
        0.0,
        0.0,
        0.0
    ],
    "n_components_": 2,
    "n_features_": 16,
    "n_samples_": 266,
    "name": "pca_DTRunsummary02-SegmentsWheel1Sector6Station3h4DSegmNHits_W1_St3_Sec6_default_pca",
    "noise_variance_": 1.6577107272438363e-05,
    "singular_values_": [
        0.7917672600436259,
        0.3793454966013318
    ]
}