{
    "components_": [
        [
            -0.0,
            1.1102230246251565e-16,
            -0.33737432760417674,
            -0.45494823449920146,
            -0.18692574215439778,
            -0.12875034734044447,
            -0.07797322630405723,
            -0.06227322098101697,
            0.00290808652467516,
            0.16280949571158973,
            0.48989887295555734,
            0.5926286436914725,
            -0.0,
            -0.0,
            -0.0,
            -0.0
        ],
        [
            0.0,
            -1.942890293094024e-16,
            -0.24014262295260136,
            -0.2249805554182498,
            -0.027153510796315443,
            -0.046786965432521525,
            0.0036395269815159906,
            0.12006301505057179,
            0.30525468970810654,
            0.5299382684977374,
            0.24407536563767648,
            -0.6639072112759209,
            0.0,
            0.0,
            0.0,
            0.0
        ]
    ],
    "explained_variance_": [
        0.0005296368759717231,
        3.8698152504771555e-05
    ],
    "explained_variance_ratio_": [
        0.8614658280088953,
        0.0629433815928583
    ],
    "mean_": [
        0.0,
        0.0,
        0.07229962876810399,
        0.09448350360688877,
        0.029753307571279815,
        0.02628280034959603,
        0.05285119637487141,
        0.07479398675645338,
        0.08265182216672905,
        0.14029379051066937,
        0.22469968156777348,
        0.20189028232763473,
        0.0,
        0.0,
        0.0,
        0.0
    ],
    "n_components_": 2,
    "n_features_": 16,
    "n_samples_": 329,
    "name": "pca_DTRunsummary02-SegmentsWheel0Sector12Station1h4DSegmNHits_W0_St1_Sec12_default_pca",
    "noise_variance_": 3.319563733039837e-06,
    "singular_values_": [
        0.4167983868955411,
        0.1126631884049314
    ]
}