{
    "components_": [
        [
            0.0,
            0.0,
            -0.2996211628603378,
            -0.47885547382661053,
            -0.2060920568466305,
            -0.1403625171331498,
            -0.07933505945277142,
            -0.01268101116286438,
            0.009486346965385126,
            0.14217649041714434,
            0.4217942546135218,
            0.6434901892863132,
            0.0,
            0.0,
            0.0,
            0.0
        ],
        [
            0.0,
            2.7755575615628914e-16,
            -0.18107109125651336,
            -0.27752781503790336,
            -0.13341910047071895,
            -0.08964652480172858,
            0.02965033208112408,
            0.2062036894076264,
            0.3365009972929407,
            0.46299133927626945,
            0.28727975731070154,
            -0.6409615838017987,
            0.0,
            0.0,
            0.0,
            0.0
        ]
    ],
    "explained_variance_": [
        0.0005295299079757396,
        5.753565697975066e-05
    ],
    "explained_variance_ratio_": [
        0.8088037140857647,
        0.08787993342147332
    ],
    "mean_": [
        0.0,
        0.0,
        0.072794142023923,
        0.09438684200727697,
        0.027803245394497047,
        0.025031234794851153,
        0.05106182604214694,
        0.07929588947499663,
        0.0788113727897364,
        0.12824782849674443,
        0.21417105826438781,
        0.2283965607114395,
        0.0,
        0.0,
        0.0,
        0.0
    ],
    "n_components_": 2,
    "n_features_": 16,
    "n_samples_": 307,
    "name": "pca_DTRunsummary02-SegmentsWheel1Sector3Station2h4DSegmNHits_W1_St2_Sec3_default_pca",
    "noise_variance_": 4.831571234253759e-06,
    "singular_values_": [
        0.4025371434297415,
        0.13268726779839768
    ]
}