{
    "components_": [
        [
            0.0,
            0.0,
            -0.8732252163617111,
            -0.035061883746460826,
            0.09552609789925616,
            0.2239468604603485,
            0.3369506213063761,
            0.2518635204421914,
            0.0,
            0.0,
            0.0,
            0.0,
            0.0,
            0.0,
            0.0,
            0.0
        ],
        [
            -0.0,
            -2.220446049250313e-16,
            -0.042020670614218714,
            -0.06144735955903732,
            0.33550715973365086,
            0.5226624413536262,
            0.025098076412441273,
            -0.779799647326462,
            -0.0,
            -0.0,
            -0.0,
            -0.0,
            -0.0,
            -0.0,
            -0.0,
            -0.0
        ]
    ],
    "explained_variance_": [
        0.006056904638373376,
        0.0010701029357459025
    ],
    "explained_variance_ratio_": [
        0.8420530715198123,
        0.14876963031222462
    ],
    "mean_": [
        0.0,
        0.0,
        0.40134547839081935,
        0.15010506436394716,
        0.05431887742289995,
        0.09355188280917434,
        0.15131008339239707,
        0.1493686136207624,
        0.0,
        0.0,
        0.0,
        0.0,
        0.0,
        0.0,
        0.0,
        0.0
    ],
    "n_components_": 2,
    "n_features_": 16,
    "n_samples_": 299,
    "name": "pca_DTRunsummary02-SegmentsWheel-2Sector5Station4h4DSegmNHits_W-2_St4_Sec5_default_pca",
    "noise_variance_": 4.715177846802467e-06,
    "singular_values_": [
        1.3434870979042806,
        0.5647040595323173
    ]
}