{
    "components_": [
        [
            -0.0,
            2.220446049250313e-16,
            0.27637421758471925,
            0.6234284366918519,
            0.12096882191745646,
            0.07396299025375411,
            0.02706055038880724,
            -0.01699402129071903,
            -0.027088049151521368,
            -0.09922754902920061,
            -0.3784895476970461,
            -0.5999958496681019,
            -0.0,
            -0.0,
            -0.0,
            -0.0
        ],
        [
            0.0,
            1.1102230246251565e-16,
            0.003247294181421133,
            0.5968054085263048,
            -0.15755135800219885,
            -0.09801272668940877,
            -0.16110862252879107,
            -0.42905515172759157,
            -0.3119632353281976,
            -0.1291235947555874,
            0.18602066285798813,
            0.5007413234660609,
            0.0,
            0.0,
            0.0,
            0.0
        ]
    ],
    "explained_variance_": [
        0.0004557214487290936,
        5.7688557870579295e-05
    ],
    "explained_variance_ratio_": [
        0.7708796119547983,
        0.09758358582753499
    ],
    "mean_": [
        0.0,
        0.0,
        0.05406218230935017,
        0.08584546137804244,
        0.01633042053019734,
        0.017835257701840544,
        0.05392711620312298,
        0.09314389013277781,
        0.07961233151305262,
        0.1275659767168997,
        0.2217389019540457,
        0.24993846156067084,
        0.0,
        0.0,
        0.0,
        0.0
    ],
    "n_components_": 2,
    "n_features_": 16,
    "n_samples_": 234,
    "name": "pca_DTRunsummary02-SegmentsWheel-2Sector9Station3h4DSegmNHits_W-2_St3_Sec9_default_pca",
    "noise_variance_": 5.554336068843006e-06,
    "singular_values_": [
        0.32585748043259466,
        0.11593719844745679
    ]
}