{
    "components_": [
        [
            -0.0,
            1.1102230246251565e-16,
            -0.0901686285854121,
            -0.04666842451369957,
            -0.016936172752838922,
            -0.32472985781618047,
            -0.5444755884596135,
            0.2747891949212885,
            -0.05267706432432806,
            -0.07532340722827738,
            0.19346291182623152,
            0.6827270369328301,
            -0.0,
            -0.0,
            -0.0,
            -0.0
        ],
        [
            0.0,
            2.220446049250313e-16,
            0.05193682537668416,
            0.0480491234025722,
            0.02936320639673809,
            -0.19663343797596491,
            -0.36271171841303,
            0.5900757782187286,
            0.362154448851012,
            0.212971980371167,
            -0.24731026398479392,
            -0.4878959422431134,
            0.0,
            0.0,
            0.0,
            0.0
        ]
    ],
    "explained_variance_": [
        0.001648679445706107,
        0.00015430576642822764
    ],
    "explained_variance_ratio_": [
        0.8654377464220917,
        0.08099939324492807
    ],
    "mean_": [
        0.0,
        0.0,
        0.036656271385556785,
        0.03929435940896882,
        0.006466346321546233,
        0.0387534335477552,
        0.09695071532798806,
        0.07572102538711453,
        0.08186954471980563,
        0.16392224110312748,
        0.2533316163619845,
        0.20703444643615254,
        0.0,
        0.0,
        0.0,
        0.0
    ],
    "n_components_": 2,
    "n_features_": 16,
    "n_samples_": 140,
    "name": "pca_DTRunsummary02-SegmentsWheel2Sector8Station1h4DSegmNHits_W2_St1_Sec8_default_pca",
    "noise_variance_": 7.2884657214799045e-06,
    "singular_values_": [
        0.47871332021696333,
        0.14645306938921984
    ]
}