{
    "components_": [
        [
            -0.0,
            1.1102230246251565e-16,
            0.23993987226736704,
            0.4613429403762689,
            0.17730419924930263,
            0.10309497826592737,
            -0.17015701469915742,
            -0.8115249754597084,
            -0.0,
            -0.0,
            -0.0,
            -0.0,
            -0.0,
            -0.0,
            -0.0,
            -0.0
        ],
        [
            0.0,
            0.0,
            -0.2232954421447233,
            -0.40754343372718765,
            0.004928440248418639,
            0.3131040520708015,
            0.720790089835271,
            -0.4079837062825809,
            0.0,
            0.0,
            0.0,
            0.0,
            0.0,
            0.0,
            0.0,
            0.0
        ]
    ],
    "explained_variance_": [
        0.00015231525450881795,
        5.9644004079767266e-05
    ],
    "explained_variance_ratio_": [
        0.6395224689812181,
        0.25042587409923783
    ],
    "mean_": [
        0.0,
        0.0,
        0.03949302217292466,
        0.08609421780397013,
        0.06330059254192522,
        0.14387470228234714,
        0.2898385003231243,
        0.37739896487570856,
        0.0,
        0.0,
        0.0,
        0.0,
        0.0,
        0.0,
        0.0,
        0.0
    ],
    "n_components_": 2,
    "n_features_": 16,
    "n_samples_": 145,
    "name": "pca_DTRunsummary02-SegmentsWheel0Sector9Station4h4DSegmNHits_W0_St4_Sec9_default_pca",
    "noise_variance_": 1.8722168209039738e-06,
    "singular_values_": [
        0.14809927970543876,
        0.0926754368076379
    ]
}