{
    "components_": [
        [
            -0.0,
            -1.1102230246251565e-16,
            0.13701964834206481,
            0.8521570627829034,
            -0.0014372745892729422,
            -0.0029026379870376196,
            -0.02787774157725164,
            -0.07889088280693657,
            -0.05581798164019114,
            -0.15989000444989432,
            -0.33206197159622103,
            -0.33029821647816304,
            -0.0,
            -0.0,
            -0.0,
            -0.0
        ],
        [
            0.0,
            1.3877787807814457e-17,
            0.08953320746086504,
            -0.22676106882985464,
            0.02350363577805314,
            0.06971876871424577,
            0.1705267757597545,
            0.016866422005786787,
            0.29417615552390874,
            0.3478046664824886,
            0.04883392377097312,
            -0.8342024866662213,
            0.0,
            0.0,
            0.0,
            0.0
        ]
    ],
    "explained_variance_": [
        0.0067185091636459094,
        0.0001915589516607854
    ],
    "explained_variance_ratio_": [
        0.9591923808330655,
        0.02734861000229466
    ],
    "mean_": [
        0.0,
        0.0,
        0.032696142785403975,
        0.055093869441129775,
        0.0048855374579820305,
        0.015178180049342741,
        0.07075628897920273,
        0.12904163876320024,
        0.07185700972726701,
        0.14025196990755157,
        0.24353985223762245,
        0.23669951065129755,
        0.0,
        0.0,
        0.0,
        0.0
    ],
    "n_components_": 2,
    "n_features_": 16,
    "n_samples_": 127,
    "name": "pca_DTRunsummary02-SegmentsWheel2Sector10Station1h4DSegmNHits_W2_St1_Sec10_default_pca",
    "noise_variance_": 6.7336764771461264e-06,
    "singular_values_": [
        0.920071820359359,
        0.15535902905611557
    ]
}