{
    "components_": [
        [
            -0.0,
            -1.1102230246251565e-16,
            0.07734903497484993,
            0.16401452149641432,
            0.10741192118726056,
            0.1907076038990467,
            0.3510246396681672,
            0.4866599941782964,
            -0.13365656385737246,
            -0.2863319571783693,
            -0.5031592238744269,
            -0.4540199704938663,
            -0.0,
            -0.0,
            -0.0,
            -0.0
        ],
        [
            0.0,
            1.1102230246251565e-16,
            0.2926472172956888,
            0.33202229115158466,
            0.11201902936022812,
            -0.04461564560559063,
            -0.2350328773148844,
            -0.3702004885220278,
            0.264107234851223,
            0.33389252527276314,
            -0.04112920496116629,
            -0.643710081527819,
            0.0,
            0.0,
            0.0,
            0.0
        ]
    ],
    "explained_variance_": [
        0.0015663141343985707,
        0.0003536151438131199
    ],
    "explained_variance_ratio_": [
        0.7291742864422109,
        0.1646202792290443
    ],
    "mean_": [
        0.0,
        0.0,
        0.06896209441798114,
        0.09106740982044681,
        0.030168320510671486,
        0.027153973825434052,
        0.05364135944547379,
        0.07835081601509315,
        0.08208743086700769,
        0.14112148120173268,
        0.225153989549165,
        0.202293124346994,
        0.0,
        0.0,
        0.0,
        0.0
    ],
    "n_components_": 2,
    "n_features_": 16,
    "n_samples_": 346,
    "name": "pca_DTRunsummary02-SegmentsWheel0Sector1Station1h4DSegmNHits_W0_St1_Sec1_default_pca",
    "noise_variance_": 1.6295445021275133e-05,
    "singular_values_": [
        0.7351043302603426,
        0.34928101095754743
    ]
}