{
    "components_": [
        [
            -0.0,
            2.220446049250313e-16,
            0.8335481026036271,
            0.037155691235941785,
            -0.029408236066919877,
            -0.0976963150537443,
            -0.2797733097823817,
            -0.46382593293652297,
            -0.0,
            -0.0,
            -0.0,
            -0.0,
            -0.0,
            -0.0,
            -0.0,
            -0.0
        ],
        [
            -0.0,
            2.220446049250313e-16,
            -0.21444869088279317,
            -0.05262142421790948,
            0.16334625357534724,
            0.4211456053010508,
            0.4315512917139049,
            -0.7489730354896001,
            -0.0,
            -0.0,
            -0.0,
            -0.0,
            -0.0,
            -0.0,
            -0.0,
            -0.0
        ]
    ],
    "explained_variance_": [
        0.002671439665920049,
        0.0005079513144083329
    ],
    "explained_variance_ratio_": [
        0.8278354297091879,
        0.1574057988278571
    ],
    "mean_": [
        0.0,
        0.0,
        0.24460567040273015,
        0.14942414841028784,
        0.0515455658436957,
        0.0954378880090742,
        0.19743610916441812,
        0.2615506181697939,
        0.0,
        0.0,
        0.0,
        0.0,
        0.0,
        0.0,
        0.0,
        0.0
    ],
    "n_components_": 2,
    "n_features_": 16,
    "n_samples_": 251,
    "name": "pca_DTRunsummary02-SegmentsWheel-2Sector8Station4h4DSegmNHits_W-2_St4_Sec8_default_pca",
    "noise_variance_": 3.4019155853785395e-06,
    "singular_values_": [
        0.8172269675432965,
        0.3563535163318628
    ]
}