{
    "components_": [
        [
            0.0,
            -2.220446049250313e-16,
            -0.31958760846485224,
            -0.4470144305844761,
            -0.19086748721030614,
            -0.127921915090782,
            -0.08298843233497252,
            -0.06660396577264982,
            -0.011807896320880711,
            0.14866091476320653,
            0.48296271333768626,
            0.6151681076780267,
            0.0,
            0.0,
            0.0,
            0.0
        ],
        [
            -0.0,
            -1.3877787807814457e-17,
            -0.234686289768941,
            -0.23263630446754371,
            -0.007995219209533,
            -0.014429823498382137,
            -0.005860231605801025,
            0.05135344061071481,
            0.2625755658002313,
            0.527653843857731,
            0.31723959072848773,
            -0.6632145724469647,
            -0.0,
            -0.0,
            -0.0,
            -0.0
        ]
    ],
    "explained_variance_": [
        0.0006738630346856498,
        6.402686220657686e-05
    ],
    "explained_variance_ratio_": [
        0.8553063985824333,
        0.08126664041155952
    ],
    "mean_": [
        0.0,
        0.0,
        0.07149181425278635,
        0.09201798050371321,
        0.029204976138875235,
        0.02441776780042944,
        0.05222060174345921,
        0.076708519819493,
        0.08458873406893222,
        0.14251509981200297,
        0.22422026809186466,
        0.20261423776844395,
        0.0,
        0.0,
        0.0,
        0.0
    ],
    "n_components_": 2,
    "n_features_": 16,
    "n_samples_": 316,
    "name": "pca_DTRunsummary02-SegmentsWheel0Sector8Station1h4DSegmNHits_W0_St1_Sec8_default_pca",
    "noise_variance_": 3.5694046096258224e-06,
    "singular_values_": [
        0.46072427321119047,
        0.1420157089728869
    ]
}