{
    "components_": [
        [
            0.0,
            -1.1102230246251565e-16,
            -0.5270112279193278,
            -0.36045216985095385,
            -0.11237177496106729,
            -0.06978850930085206,
            -0.0721501495046572,
            -0.026167654521851713,
            0.0033720773309082047,
            0.13315223689556988,
            0.4174905209519107,
            0.6139266508803212,
            0.0,
            0.0,
            0.0,
            0.0
        ],
        [
            0.0,
            -2.7755575615628914e-17,
            -0.2504228045564142,
            -0.19566915848171487,
            0.006017485080239946,
            -0.020616550813193267,
            0.012899978443642386,
            0.044215300942241534,
            0.24060409736677993,
            0.4749525152521852,
            0.3751795467684122,
            -0.6871604100021785,
            0.0,
            0.0,
            0.0,
            0.0
        ]
    ],
    "explained_variance_": [
        0.0010824304654667638,
        0.00017954279921009926
    ],
    "explained_variance_ratio_": [
        0.8005772160351906,
        0.13279178564953276
    ],
    "mean_": [
        0.0,
        0.0,
        0.14082510879206625,
        0.1317288621577579,
        0.027877563806614797,
        0.028174472614488976,
        0.06060619331805349,
        0.08552216210555641,
        0.07057789511732249,
        0.1053568567770186,
        0.17260826369336196,
        0.17672262161775917,
        0.0,
        0.0,
        0.0,
        0.0
    ],
    "n_components_": 2,
    "n_features_": 16,
    "n_samples_": 348,
    "name": "pca_DTRunsummary02-SegmentsWheel1Sector3Station1h4DSegmNHits_W1_St1_Sec3_default_pca",
    "noise_variance_": 6.434948352292502e-06,
    "singular_values_": [
        0.6128648884680595,
        0.24960238645875252
    ]
}