{
    "components_": [
        [
            -0.0,
            -0.0,
            0.05470283267644094,
            -0.07438226715382082,
            -0.03191791589513933,
            -0.00399392113493546,
            0.06225679291380414,
            0.2080887850160909,
            0.4594262068974889,
            0.3520610553881154,
            -0.3110588903978115,
            -0.7151826783102331,
            -0.0,
            -0.0,
            -0.0,
            -0.0
        ],
        [
            -0.0,
            6.938893903907228e-17,
            -0.3867346373425834,
            -0.5079907709307173,
            -0.16490928342099354,
            -0.09998191101200528,
            0.00922262173074956,
            0.008888596430883751,
            0.11523861454998266,
            0.37529874545318087,
            0.6329066916819432,
            0.018061332859559062,
            -0.0,
            -0.0,
            -0.0,
            -0.0
        ]
    ],
    "explained_variance_": [
        0.0023687144131545926,
        0.00023268489061778336
    ],
    "explained_variance_ratio_": [
        0.8321127152946898,
        0.08174056571140352
    ],
    "mean_": [
        0.0,
        0.0,
        0.058566356217157174,
        0.08279755240206414,
        0.016164533983700984,
        0.018040347724451317,
        0.05537711925927615,
        0.09867788129937625,
        0.09186655832363817,
        0.13649765437546832,
        0.21206334255252401,
        0.2299486538623435,
        0.0,
        0.0,
        0.0,
        0.0
    ],
    "n_components_": 2,
    "n_features_": 16,
    "n_samples_": 229,
    "name": "pca_DTRunsummary02-SegmentsWheel-2Sector12Station3h4DSegmNHits_W-2_St3_Sec12_default_pca",
    "noise_variance_": 1.7516254638529968e-05,
    "singular_values_": [
        0.7348924317199403,
        0.2303305343649743
    ]
}