{
    "components_": [
        [
            0.0,
            -1.1102230246251565e-16,
            -0.3433116400929841,
            -0.5109323854399009,
            -0.18094400505652516,
            -0.12124316862502552,
            -0.0641794554241085,
            -0.021800685779056445,
            0.032592693679957124,
            0.18202936701091882,
            0.45611087014403423,
            0.5716784095826904,
            0.0,
            0.0,
            0.0,
            0.0
        ],
        [
            0.0,
            1.1102230246251565e-16,
            -0.09539216248849508,
            -0.1517949661236722,
            -0.09391378568100511,
            -0.054641488715121,
            -0.002837942764687571,
            0.0455037592016202,
            0.19993319090286726,
            0.4582213608535035,
            0.42082743923431015,
            -0.725905404419321,
            0.0,
            0.0,
            0.0,
            0.0
        ]
    ],
    "explained_variance_": [
        0.00031638522261096257,
        0.0001433220261875804
    ],
    "explained_variance_ratio_": [
        0.6075413335578642,
        0.2752153030398856
    ],
    "mean_": [
        0.0,
        0.0,
        0.04918911814424617,
        0.07350981710183635,
        0.0191514031150423,
        0.017980058712526458,
        0.04346755312040507,
        0.07181543469184992,
        0.07338375422755572,
        0.13063494508147164,
        0.2406929313007808,
        0.2801749845042856,
        0.0,
        0.0,
        0.0,
        0.0
    ],
    "n_components_": 2,
    "n_features_": 16,
    "n_samples_": 252,
    "name": "pca_DTRunsummary02-SegmentsWheel1Sector3Station3h4DSegmNHits_W1_St3_Sec3_default_pca",
    "noise_variance_": 4.361145675054597e-06,
    "singular_values_": [
        0.2818025742880139,
        0.18966767930536474
    ]
}