{
    "components_": [
        [
            0.0,
            0.0,
            0.07872184337713334,
            0.374639050303372,
            0.08496679127310759,
            0.17624335723534879,
            0.293865144833366,
            0.3939610347675716,
            -0.16455148466068018,
            -0.2627864091938789,
            -0.4551173048026725,
            -0.5199420231326681,
            0.0,
            0.0,
            0.0,
            0.0
        ],
        [
            -0.0,
            -4.440892098500626e-16,
            0.16788328385492074,
            0.7909318679048657,
            -0.05956604954092616,
            -0.13460020060253447,
            -0.31413579565387373,
            -0.47433407958759627,
            0.0168110236943749,
            0.021784433246624227,
            -0.01164301285674392,
            -0.0031314704591127243,
            -0.0,
            -0.0,
            -0.0,
            -0.0
        ]
    ],
    "explained_variance_": [
        0.009177169472598161,
        0.0005103409473352581
    ],
    "explained_variance_ratio_": [
        0.9363203080180662,
        0.05206862469195503
    ],
    "mean_": [
        0.0,
        0.0,
        0.06880624760177248,
        0.1193862616083816,
        0.02115115867150437,
        0.030335328240083028,
        0.07620535007727282,
        0.11054016588644508,
        0.06896888528092192,
        0.11025298572044251,
        0.1877050023242202,
        0.20664861458895586,
        0.0,
        0.0,
        0.0,
        0.0
    ],
    "n_components_": 2,
    "n_features_": 16,
    "n_samples_": 238,
    "name": "pca_DTRunsummary02-SegmentsWheel2Sector1Station3h4DSegmNHits_W2_St3_Sec1_default_pca",
    "noise_variance_": 8.128836998971316e-06,
    "singular_values_": [
        1.474784446963611,
        0.3477798218966364
    ]
}