{
    "components_": [
        [
            -0.0,
            1.1102230246251565e-16,
            -0.26137506672480526,
            -0.5425666629706272,
            -0.2462394958451256,
            -0.16903835200920087,
            -0.06545697323083823,
            -0.015524761878138886,
            0.07144193923110226,
            0.28346484941645167,
            0.5478930701579467,
            0.3974014538532353,
            -0.0,
            -0.0,
            -0.0,
            -0.0
        ],
        [
            -0.0,
            -0.0,
            -0.028641119165180695,
            -0.10662001158018924,
            -0.06314626238207317,
            -0.031963618796222684,
            0.029716413269465617,
            0.09463001627362702,
            0.27468235241583094,
            0.4922055241288385,
            0.13694294109553565,
            -0.7978062352596318,
            -0.0,
            -0.0,
            -0.0,
            -0.0
        ]
    ],
    "explained_variance_": [
        0.0005026345754256836,
        0.0004982155854748785
    ],
    "explained_variance_ratio_": [
        0.4785723753757658,
        0.47436493199460283
    ],
    "mean_": [
        0.0,
        0.0,
        0.04552501316563547,
        0.07970168333427886,
        0.02628722634235997,
        0.022207432445550422,
        0.045419291189155525,
        0.07052741244738515,
        0.08275255572096803,
        0.14777787293143793,
        0.24525329722230735,
        0.23454821520092145,
        0.0,
        0.0,
        0.0,
        0.0
    ],
    "n_components_": 2,
    "n_features_": 16,
    "n_samples_": 330,
    "name": "pca_DTRunsummary02-SegmentsWheel0Sector7Station2h4DSegmNHits_W0_St2_Sec7_default_pca",
    "noise_variance_": 3.53064025801896e-06,
    "singular_values_": [
        0.4066531388235555,
        0.40486161539621784
    ]
}