{
    "components_": [
        [
            -0.0,
            -1.1102230246251565e-16,
            -0.5442850787350204,
            -0.4005970945735939,
            -0.12168712007897008,
            -0.08166654844297376,
            -0.04654599073184754,
            0.0015948909743298545,
            0.040946395110307926,
            0.1701773944636156,
            0.43285727972195903,
            0.549205872292193,
            -0.0,
            -0.0,
            -0.0,
            -0.0
        ],
        [
            0.0,
            -4.440892098500626e-16,
            -0.7708926893092645,
            0.3587137250090495,
            0.23021961321306805,
            0.183810106812692,
            0.14744465575280835,
            0.16180422593988794,
            0.11533559028480028,
            0.025858366591390347,
            -0.11194201591167012,
            -0.34035157838276253,
            0.0,
            0.0,
            0.0,
            0.0
        ]
    ],
    "explained_variance_": [
        0.0010887551551259638,
        5.8753149274265994e-05
    ],
    "explained_variance_ratio_": [
        0.890943961723092,
        0.04807854486995894
    ],
    "mean_": [
        0.0,
        0.0,
        0.1508750290172183,
        0.13915815560345401,
        0.027159523334281246,
        0.028497737230845116,
        0.06622709318964,
        0.08533276212515228,
        0.06618053716635616,
        0.09721822577087356,
        0.16415075278046123,
        0.1752001837817182,
        0.0,
        0.0,
        0.0,
        0.0
    ],
    "n_components_": 2,
    "n_features_": 16,
    "n_samples_": 300,
    "name": "pca_DTRunsummary02-SegmentsWheel-1Sector3Station1h4DSegmNHits_W-1_St1_Sec3_default_pca",
    "noise_variance_": 5.32256982848018e-06,
    "singular_values_": [
        0.5705591918308417,
        0.1325412827499626
    ]
}