{
    "components_": [
        [
            0.0,
            2.7755575615628914e-17,
            0.3085315806003754,
            0.33738962669872186,
            0.1777309895081177,
            0.15833342315134777,
            -0.1359077165528812,
            -0.8460779034056816,
            0.0,
            0.0,
            0.0,
            0.0,
            0.0,
            0.0,
            0.0,
            0.0
        ],
        [
            -0.0,
            5.551115123125783e-17,
            -0.34037792987680887,
            -0.4118244123987388,
            0.03916860710428155,
            0.34275132880170034,
            0.6984521882581464,
            -0.3281697818885795,
            -0.0,
            -0.0,
            -0.0,
            -0.0,
            -0.0,
            -0.0,
            -0.0,
            -0.0
        ]
    ],
    "explained_variance_": [
        0.00013449430551210485,
        4.8188707632350496e-05
    ],
    "explained_variance_ratio_": [
        0.6334358484583337,
        0.22695722907362223
    ],
    "mean_": [
        0.0,
        0.0,
        0.07665398062529508,
        0.14291652982568415,
        0.06662414812850852,
        0.11906248463934645,
        0.2575201167004054,
        0.33722274008076053,
        0.0,
        0.0,
        0.0,
        0.0,
        0.0,
        0.0,
        0.0,
        0.0
    ],
    "n_components_": 2,
    "n_features_": 16,
    "n_samples_": 167,
    "name": "pca_DTRunsummary02-SegmentsWheel-2Sector10Station4h4DSegmNHits_W-2_St4_Sec10_default_pca",
    "noise_variance_": 2.1172891718485994e-06,
    "singular_values_": [
        0.14941905740235883,
        0.08943894826623457
    ]
}