{
    "components_": [
        [
            -0.0,
            2.220446049250313e-16,
            0.29968701659931457,
            0.4271259887162804,
            0.2065457584031932,
            0.14287092081376818,
            0.07364409500269699,
            -0.0004596309246359398,
            -0.0014716290325765824,
            -0.0614288484500048,
            -0.36267095621696155,
            -0.7238427149110744,
            -0.0,
            -0.0,
            -0.0,
            -0.0
        ],
        [
            0.0,
            9.71445146547012e-17,
            -0.1884519058907549,
            -0.30483139350861915,
            -0.12855298600670395,
            -0.08856308136743168,
            -0.013820759295012194,
            0.09739044421613427,
            0.25703558665472004,
            0.5160101890511852,
            0.42413189416336866,
            -0.5703479880168865,
            0.0,
            0.0,
            0.0,
            0.0
        ]
    ],
    "explained_variance_": [
        0.0006733465452483698,
        0.0002520101588741969
    ],
    "explained_variance_ratio_": [
        0.6798667090498893,
        0.254450429084391
    ],
    "mean_": [
        0.0,
        0.0,
        0.06659086809019737,
        0.09869155711836416,
        0.02832417127543708,
        0.02513074002747791,
        0.051325686643951485,
        0.07926339881963496,
        0.07887967165165966,
        0.12955183989180033,
        0.21593548570350826,
        0.2263065807779688,
        0.0,
        0.0,
        0.0,
        0.0
    ],
    "n_components_": 2,
    "n_features_": 16,
    "n_samples_": 301,
    "name": "pca_DTRunsummary02-SegmentsWheel1Sector6Station2h4DSegmNHits_W1_St2_Sec6_default_pca",
    "noise_variance_": 4.646638559607789e-06,
    "singular_values_": [
        0.449448510482025,
        0.2749600837617327
    ]
}