{
    "components_": [
        [
            0.0,
            -2.220446049250313e-16,
            0.3036074511957249,
            0.41975244478358364,
            0.1766031196867904,
            0.11705951793950074,
            0.09160331440463904,
            0.07136541999444207,
            0.028540328915382357,
            -0.08279149775569672,
            -0.43649709012511123,
            -0.6892430090392554,
            0.0,
            0.0,
            0.0,
            0.0
        ],
        [
            -0.0,
            -1.6653345369377348e-16,
            -0.17484618290463583,
            -0.2949456047991275,
            -0.1011460517505565,
            -0.07325647077412843,
            -0.028409617985134764,
            0.06231801972085098,
            0.2799671975463055,
            0.5324556154179502,
            0.38874168858190916,
            -0.5908785930534328,
            -0.0,
            -0.0,
            -0.0,
            -0.0
        ]
    ],
    "explained_variance_": [
        0.0005905297716454145,
        0.00022207809661814443
    ],
    "explained_variance_ratio_": [
        0.6809916873853752,
        0.25609773631892535
    ],
    "mean_": [
        0.0,
        0.0,
        0.07092219657816885,
        0.09294987233866203,
        0.029521643513304052,
        0.025842400258333027,
        0.05225773874738597,
        0.07637263285056783,
        0.08233686732358354,
        0.13776746321617475,
        0.22234937274033875,
        0.20967981243348133,
        0.0,
        0.0,
        0.0,
        0.0
    ],
    "n_components_": 2,
    "n_features_": 16,
    "n_samples_": 334,
    "name": "pca_DTRunsummary02-SegmentsWheel0Sector9Station1h4DSegmNHits_W0_St1_Sec9_default_pca",
    "noise_variance_": 3.896687826440089e-06,
    "singular_values_": [
        0.44344832163164516,
        0.2719411814599659
    ]
}