{
    "components_": [
        [
            0.0,
            -1.1102230246251565e-16,
            0.036986274020811866,
            0.03048176586115306,
            0.1303514176370616,
            0.3433130095076111,
            0.3279466692179887,
            -0.8690791362446262,
            0.0,
            0.0,
            0.0,
            0.0,
            0.0,
            0.0,
            0.0,
            0.0
        ],
        [
            0.0,
            5.551115123125783e-17,
            -0.2738460031923924,
            -0.5945978465152646,
            -0.20066056336002996,
            0.1519407893656435,
            0.6677665937697959,
            0.2493970299322485,
            0.0,
            0.0,
            0.0,
            0.0,
            0.0,
            0.0,
            0.0,
            0.0
        ]
    ],
    "explained_variance_": [
        0.0012574205608792432,
        0.0001072928218559734
    ],
    "explained_variance_ratio_": [
        0.9050336579533512,
        0.07722445302512773
    ],
    "mean_": [
        0.0,
        0.0,
        0.055135063757578755,
        0.10412668452536154,
        0.06554909380920303,
        0.1286615376820899,
        0.2766256516164864,
        0.36990196860928043,
        0.0,
        0.0,
        0.0,
        0.0,
        0.0,
        0.0,
        0.0,
        0.0
    ],
    "n_components_": 2,
    "n_features_": 16,
    "n_samples_": 176,
    "name": "pca_DTRunsummary02-SegmentsWheel-1Sector10Station4h4DSegmNHits_W-1_St4_Sec10_default_pca",
    "noise_variance_": 1.7607092642710657e-06,
    "singular_values_": [
        0.4690933789277648,
        0.13702643476641777
    ]
}