{
    "components_": [
        [
            0.0,
            -1.1102230246251565e-16,
            0.2933877739209598,
            0.44900352695369905,
            0.1850204207777319,
            0.1285898369716062,
            -0.29998554000600974,
            -0.7560160186179876,
            0.0,
            0.0,
            0.0,
            0.0,
            0.0,
            0.0,
            0.0,
            0.0
        ],
        [
            -0.0,
            1.1102230246251565e-16,
            -0.3658895254389418,
            -0.1628944032972427,
            0.06581341783757125,
            0.20031579922426287,
            0.7480277265115465,
            -0.48537301483719886,
            -0.0,
            -0.0,
            -0.0,
            -0.0,
            -0.0,
            -0.0,
            -0.0,
            -0.0
        ]
    ],
    "explained_variance_": [
        0.00012569511443950228,
        2.495715188820742e-05
    ],
    "explained_variance_ratio_": [
        0.7121442136191409,
        0.14139842574514075
    ],
    "mean_": [
        0.0,
        0.0,
        0.0741638728100407,
        0.1470481911016427,
        0.06789317876969986,
        0.11645244725759035,
        0.252316368263536,
        0.34212594179749034,
        0.0,
        0.0,
        0.0,
        0.0,
        0.0,
        0.0,
        0.0,
        0.0
    ],
    "n_components_": 2,
    "n_features_": 16,
    "n_samples_": 126,
    "name": "pca_DTRunsummary02-SegmentsWheel2Sector10Station4h4DSegmNHits_W2_St4_Sec10_default_pca",
    "noise_variance_": 1.8464332638528606e-06,
    "singular_values_": [
        0.12534707537448883,
        0.055853773247882973
    ]
}