{
    "components_": [
        [
            -0.0,
            -0.0,
            -0.5176130191539057,
            -0.43036683319150165,
            -0.10764870081662326,
            -0.07598638212885939,
            -0.061077695190434586,
            0.024742582235911015,
            0.022744830502040916,
            0.15570262398868667,
            0.42113753439394286,
            0.5683650593607432,
            -0.0,
            -0.0,
            -0.0,
            -0.0
        ],
        [
            -0.0,
            -2.220446049250313e-16,
            -0.19258574454351468,
            -0.20266549416838792,
            -0.049509671177199635,
            -0.0011641970142744346,
            0.0653163077279664,
            0.03978534325181811,
            0.2539991314768943,
            0.47473019165433283,
            0.3296957928427536,
            -0.7176016600503878,
            -0.0,
            -0.0,
            -0.0,
            -0.0
        ]
    ],
    "explained_variance_": [
        0.001042542971505172,
        0.00016927009579179698
    ],
    "explained_variance_ratio_": [
        0.8040168694951423,
        0.1305423529172853
    ],
    "mean_": [
        0.0,
        0.0,
        0.12834269951164953,
        0.13700530077393674,
        0.021887071906156925,
        0.02156522860171801,
        0.05787820478885887,
        0.09189289992705775,
        0.07171830655438681,
        0.10665915298094508,
        0.17676776219245857,
        0.1862833727628317,
        0.0,
        0.0,
        0.0,
        0.0
    ],
    "n_components_": 2,
    "n_features_": 16,
    "n_samples_": 312,
    "name": "pca_DTRunsummary02-SegmentsWheel-2Sector8Station2h4DSegmNHits_W-2_St2_Sec8_default_pca",
    "noise_variance_": 6.061068875564085e-06,
    "singular_values_": [
        0.5694127361923936,
        0.22944062367255033
    ]
}