{
    "components_": [
        [
            -0.0,
            5.551115123125783e-17,
            -0.4991171414151824,
            -0.4263743889078869,
            -0.11316792999261727,
            -0.07934994145733867,
            -0.0559583135545116,
            0.01748340514034184,
            0.002207907342744772,
            0.13879867025610487,
            0.4313219005122894,
            0.584155832076056,
            -0.0,
            -0.0,
            -0.0,
            -0.0
        ],
        [
            -0.0,
            -2.220446049250313e-16,
            -0.18443781634204906,
            -0.1935993124402705,
            -0.06556383796656398,
            -0.010454979791559516,
            0.06558692551643262,
            -0.011093028279194471,
            0.22174708985851208,
            0.5139756021187794,
            0.3562405223853738,
            -0.6924011650594606,
            -0.0,
            -0.0,
            -0.0,
            -0.0
        ]
    ],
    "explained_variance_": [
        0.0008165420785458853,
        0.0001691135780755654
    ],
    "explained_variance_ratio_": [
        0.7681929062891634,
        0.15910000776221794
    ],
    "mean_": [
        0.0,
        0.0,
        0.12769241932189834,
        0.13726568029954925,
        0.02221823285869258,
        0.02182362128536702,
        0.0581543262580789,
        0.09144658629464188,
        0.07218281049833165,
        0.10878905061117064,
        0.17965317284702276,
        0.1807740997252471,
        0.0,
        0.0,
        0.0,
        0.0
    ],
    "n_components_": 2,
    "n_features_": 16,
    "n_samples_": 299,
    "name": "pca_DTRunsummary02-SegmentsWheel-2Sector12Station2h4DSegmNHits_W-2_St2_Sec12_default_pca",
    "noise_variance_": 5.52022755514486e-06,
    "singular_values_": [
        0.49328444066955307,
        0.22449019191608013
    ]
}