{
    "components_": [
        [
            -0.0,
            1.1102230246251565e-16,
            0.30745221932534605,
            0.4265253479662426,
            0.2035941765381365,
            0.14121199996115488,
            0.07836476068763652,
            -0.002518744163945777,
            0.008428464838183679,
            -0.07452757529340313,
            -0.37406606436888923,
            -0.7144645854904622,
            -0.0,
            -0.0,
            -0.0,
            -0.0
        ],
        [
            -0.0,
            -5.898059818321144e-17,
            -0.17925290874713304,
            -0.28613549112509384,
            -0.14330144656461766,
            -0.08565764277526326,
            -0.0010455548566736276,
            0.057149244225881,
            0.27169717697997114,
            0.5260297730831447,
            0.41604622930804497,
            -0.5755293795282614,
            -0.0,
            -0.0,
            -0.0,
            -0.0
        ]
    ],
    "explained_variance_": [
        0.000596996238026299,
        0.00022491920251143876
    ],
    "explained_variance_ratio_": [
        0.6737468521764909,
        0.25383510821964833
    ],
    "mean_": [
        0.0,
        0.0,
        0.06715454650594119,
        0.10213064324591659,
        0.028061660043069238,
        0.02502471782706163,
        0.05130776327349078,
        0.07987408718833272,
        0.0793470123622251,
        0.1304834831216153,
        0.2154175195273308,
        0.22119856690501646,
        0.0,
        0.0,
        0.0,
        0.0
    ],
    "n_components_": 2,
    "n_features_": 16,
    "n_samples_": 344,
    "name": "pca_DTRunsummary02-SegmentsWheel-1Sector8Station2h4DSegmNHits_W-1_St2_Sec8_default_pca",
    "noise_variance_": 4.583461351680679e-06,
    "singular_values_": [
        0.4525148722893211,
        0.27775400350206203
    ]
}