{
    "components_": [
        [
            -0.0,
            3.3306690738754696e-16,
            -0.8050574461779809,
            -0.08128699282763296,
            0.010807073013845488,
            0.08903803721967532,
            0.275055393856776,
            0.5114439349153174,
            -0.0,
            -0.0,
            -0.0,
            -0.0,
            -0.0,
            -0.0,
            -0.0,
            -0.0
        ],
        [
            -0.0,
            1.3877787807814457e-16,
            0.18755114931856945,
            -0.7656616358501986,
            0.008305594772826589,
            0.16017282117633272,
            0.5715334289362092,
            -0.16190135835373867,
            -0.0,
            -0.0,
            -0.0,
            -0.0,
            -0.0,
            -0.0,
            -0.0,
            -0.0
        ]
    ],
    "explained_variance_": [
        0.001462922726835835,
        8.448105023508644e-05
    ],
    "explained_variance_ratio_": [
        0.9039913156082786,
        0.052203807039874435
    ],
    "mean_": [
        0.0,
        0.0,
        0.16543209571138387,
        0.12696220670252398,
        0.05257524099541618,
        0.10663261257403073,
        0.22780942228388598,
        0.3205884217327593,
        0.0,
        0.0,
        0.0,
        0.0,
        0.0,
        0.0,
        0.0,
        0.0
    ],
    "n_components_": 2,
    "n_features_": 16,
    "n_samples_": 229,
    "name": "pca_DTRunsummary02-SegmentsWheel-1Sector12Station4h4DSegmNHits_W-1_St4_Sec12_default_pca",
    "noise_variance_": 5.063508711534219e-06,
    "singular_values_": [
        0.5775347450314746,
        0.1387864527019828
    ]
}