{
    "components_": [
        [
            -0.0,
            -0.0,
            -0.24946360661365893,
            -0.8498687870820166,
            0.058948079779726506,
            0.04235649596293742,
            0.07607116540446403,
            0.08853671376391922,
            0.10283968246171311,
            0.18455158369551355,
            0.3110109807049846,
            0.23501769192241684,
            -0.0,
            -0.0,
            -0.0,
            -0.0
        ],
        [
            -0.0,
            5.551115123125783e-17,
            0.3725003098137799,
            -0.28722570730017494,
            0.17930335709446857,
            0.14935712190187367,
            0.22261668185854658,
            0.0360311903539947,
            0.09976219545477114,
            0.14545434225964876,
            -0.1263761974987138,
            -0.7914232939381943,
            -0.0,
            -0.0,
            -0.0,
            -0.0
        ]
    ],
    "explained_variance_": [
        0.003729130472974031,
        0.0004681510632241905
    ],
    "explained_variance_ratio_": [
        0.8404648248497847,
        0.10551105792824851
    ],
    "mean_": [
        0.0,
        0.0,
        0.13760849486704116,
        0.18486383329499698,
        0.01921254653484156,
        0.02059051084320825,
        0.05663618090859049,
        0.08696435386602738,
        0.06953455782367363,
        0.10446385843207032,
        0.1632803953365921,
        0.15684526809295832,
        0.0,
        0.0,
        0.0,
        0.0
    ],
    "n_components_": 2,
    "n_features_": 16,
    "n_samples_": 291,
    "name": "pca_DTRunsummary02-SegmentsWheel2Sector9Station2h4DSegmNHits_W2_St2_Sec9_default_pca",
    "noise_variance_": 1.7121731404826662e-05,
    "singular_values_": [
        1.0399268422165422,
        0.3684614068461109
    ]
}