{
    "components_": [
        [
            0.0,
            -3.3306690738754696e-16,
            -0.8043509421671162,
            -0.10000946425697654,
            0.017609269362072806,
            0.09471524322747191,
            0.29582768624874906,
            0.496208207585799,
            0.0,
            0.0,
            0.0,
            0.0,
            0.0,
            0.0,
            0.0,
            0.0
        ],
        [
            -0.0,
            1.1102230246251565e-16,
            -0.2380703080393271,
            -0.019965295743100724,
            0.1513105523557945,
            0.39014975185818707,
            0.4614656595207237,
            -0.7448903599522769,
            -0.0,
            -0.0,
            -0.0,
            -0.0,
            -0.0,
            -0.0,
            -0.0,
            -0.0
        ]
    ],
    "explained_variance_": [
        0.002704425704590306,
        0.0006076293132500706
    ],
    "explained_variance_ratio_": [
        0.8070576590138151,
        0.1813294002743047
    ],
    "mean_": [
        0.0,
        0.0,
        0.22445316127891418,
        0.11742513114081166,
        0.048125019394951805,
        0.10208859393672563,
        0.21794157593330485,
        0.289966518315292,
        0.0,
        0.0,
        0.0,
        0.0,
        0.0,
        0.0,
        0.0,
        0.0
    ],
    "n_components_": 2,
    "n_features_": 16,
    "n_samples_": 265,
    "name": "pca_DTRunsummary02-SegmentsWheel1Sector1Station4h4DSegmNHits_W1_St4_Sec1_default_pca",
    "noise_variance_": 2.779615116742957e-06,
    "singular_values_": [
        0.8449664999346665,
        0.4005173388232008
    ]
}