{
    "components_": [
        [
            -0.0,
            -1.1102230246251565e-16,
            -0.8545995416167375,
            0.020592081321162914,
            0.042503577490052125,
            0.0922780049257833,
            0.26459708390551984,
            0.4346287939742195,
            -0.0,
            -0.0,
            -0.0,
            -0.0,
            -0.0,
            -0.0,
            -0.0,
            -0.0
        ],
        [
            0.0,
            1.1102230246251565e-16,
            -0.15474577480830104,
            -0.25735162599515604,
            0.1506247027982062,
            0.514375714459387,
            0.4169515379514454,
            -0.6698545544055812,
            0.0,
            0.0,
            0.0,
            0.0,
            0.0,
            0.0,
            0.0,
            0.0
        ]
    ],
    "explained_variance_": [
        0.005816286640605357,
        0.0005122132866240091
    ],
    "explained_variance_ratio_": [
        0.9102042438722892,
        0.08015745028763274
    ],
    "mean_": [
        0.0,
        0.0,
        0.34322107359454146,
        0.14873395152218294,
        0.05284663040342711,
        0.09710593561786388,
        0.17721004107371363,
        0.1808823677882712,
        0.0,
        0.0,
        0.0,
        0.0,
        0.0,
        0.0,
        0.0,
        0.0
    ],
    "n_components_": 2,
    "n_features_": 16,
    "n_samples_": 259,
    "name": "pca_DTRunsummary02-SegmentsWheel-2Sector13Station4h4DSegmNHits_W-2_St4_Sec13_default_pca",
    "noise_variance_": 4.399259826502676e-06,
    "singular_values_": [
        1.224990593137834,
        0.3635258284482608
    ]
}