{
    "components_": [
        [
            0.0,
            -1.1102230246251565e-16,
            0.15697160575608177,
            0.16439656732251007,
            0.03292766509492867,
            0.0638270029222727,
            0.16694477418324294,
            0.22948936644517198,
            0.29657858469797105,
            0.07194214173936028,
            -0.4048992564120119,
            -0.7781784517495273,
            0.0,
            0.0,
            0.0,
            0.0
        ],
        [
            0.0,
            2.7755575615628914e-17,
            0.054052245857182386,
            0.16876445790184758,
            0.010839554168457007,
            0.021441117253326078,
            0.0658364440837848,
            0.2210353445907449,
            0.03028977750697269,
            -0.32295359215970704,
            -0.7485659547190239,
            0.4992606055164157,
            0.0,
            0.0,
            0.0,
            0.0
        ]
    ],
    "explained_variance_": [
        0.00022620305816112952,
        3.998727879551072e-05
    ],
    "explained_variance_ratio_": [
        0.6793730158621587,
        0.12009686523369598
    ],
    "mean_": [
        0.0,
        0.0,
        0.028342130156286924,
        0.036264482097324295,
        0.0049310442757873,
        0.014600425039057285,
        0.0692612326283963,
        0.13141300801112082,
        0.0770886566298542,
        0.15000199815219958,
        0.2513287694021005,
        0.23676825360787307,
        0.0,
        0.0,
        0.0,
        0.0
    ],
    "n_components_": 2,
    "n_features_": 16,
    "n_samples_": 147,
    "name": "pca_DTRunsummary02-SegmentsWheel2Sector1Station1h4DSegmNHits_W2_St1_Sec1_default_pca",
    "noise_variance_": 4.769158483572826e-06,
    "singular_values_": [
        0.18172959718088,
        0.07640773981832315
    ]
}