{
    "components_": [
        [
            0.0,
            5.551115123125783e-17,
            -0.4930617558093494,
            -0.44230985877957574,
            -0.11131580375322583,
            -0.0782862894469952,
            -0.060050283153519395,
            0.021934093852294417,
            0.009640273550600282,
            0.14947081363295103,
            0.4238107085238037,
            0.5801681013830158,
            0.0,
            0.0,
            0.0,
            0.0
        ],
        [
            0.0,
            1.1102230246251565e-16,
            -0.15355897221935388,
            -0.23784489906625966,
            -0.05753772636571043,
            -0.01466785257770025,
            0.050155086475939775,
            0.025614534179263543,
            0.25831901481127156,
            0.48780065996877336,
            0.3425360554255653,
            -0.7008159006317892,
            0.0,
            0.0,
            0.0,
            0.0
        ]
    ],
    "explained_variance_": [
        0.0008455421416296089,
        0.00016348193979693208
    ],
    "explained_variance_ratio_": [
        0.7733228315305021,
        0.14951864651501068
    ],
    "mean_": [
        0.0,
        0.0,
        0.12646864011120776,
        0.1349153876484043,
        0.02271441312345243,
        0.022460745190170796,
        0.05873140828055254,
        0.09204779501936601,
        0.07311770105491727,
        0.10963418657543961,
        0.17864593646250854,
        0.18126378653398073,
        0.0,
        0.0,
        0.0,
        0.0
    ],
    "n_components_": 2,
    "n_features_": 16,
    "n_samples_": 294,
    "name": "pca_DTRunsummary02-SegmentsWheel2Sector10Station2h4DSegmNHits_W2_St2_Sec10_default_pca",
    "noise_variance_": 6.026016121444265e-06,
    "singular_values_": [
        0.4977387341743411,
        0.2188611622935899
    ]
}