{
    "components_": [
        [
            -0.0,
            -1.1102230246251565e-16,
            0.12491012179967392,
            0.10932578243876502,
            0.02496090107768769,
            0.04807201153267357,
            0.17899937719423456,
            0.06051627037604011,
            0.23527896528409548,
            0.27667894908355883,
            -0.18192822343783055,
            -0.8768141553488981,
            -0.0,
            -0.0,
            -0.0,
            -0.0
        ],
        [
            -0.0,
            -5.551115123125783e-17,
            -0.04268903426924293,
            -0.0857249919950212,
            -0.01949624069251593,
            -0.01742020624862665,
            0.01594045814144328,
            -0.44543355863300754,
            -0.22807505297749753,
            0.22164214169276863,
            0.8053965074503173,
            -0.20414002246861782,
            -0.0,
            -0.0,
            -0.0,
            -0.0
        ]
    ],
    "explained_variance_": [
        0.00020670929910344513,
        5.583979513330995e-05
    ],
    "explained_variance_ratio_": [
        0.6498072391622461,
        0.17553686877339336
    ],
    "mean_": [
        0.0,
        0.0,
        0.02957324542149676,
        0.03711314622583056,
        0.004778109632084129,
        0.014717233031499188,
        0.07056166565346832,
        0.13082218528836584,
        0.0723690956967572,
        0.14172744583203692,
        0.24858182434965534,
        0.24975604886880554,
        0.0,
        0.0,
        0.0,
        0.0
    ],
    "n_components_": 2,
    "n_features_": 16,
    "n_samples_": 136,
    "name": "pca_DTRunsummary02-SegmentsWheel2Sector11Station1h4DSegmNHits_W2_St1_Sec11_default_pca",
    "noise_variance_": 3.968539201987717e-06,
    "singular_values_": [
        0.1670501582727927,
        0.08682380055605055
    ]
}