{
    "components_": [
        [
            -0.0,
            1.1102230246251565e-16,
            -0.23470480002206537,
            -0.5446907543803479,
            -0.17150996311972028,
            -0.11955239770763525,
            -0.07567237905643237,
            -0.08469330751724646,
            -0.005317767195634815,
            0.17810181868461844,
            0.52048898034098,
            0.5375505699734839,
            -0.0,
            -0.0,
            -0.0,
            -0.0
        ],
        [
            -0.0,
            1.0408340855860843e-16,
            -0.04418620360565792,
            -0.23517672638767567,
            -0.0738751540143496,
            -0.03977432387679144,
            0.023729330317072042,
            0.09403025089585988,
            0.22066381475350094,
            0.4694042879840738,
            0.3270202902262066,
            -0.7418355662922388,
            -0.0,
            -0.0,
            -0.0,
            -0.0
        ]
    ],
    "explained_variance_": [
        0.0002694425695884087,
        8.976293553802106e-05
    ],
    "explained_variance_ratio_": [
        0.6508157857495513,
        0.21681479475423124
    ],
    "mean_": [
        0.0,
        0.0,
        0.032002082775983216,
        0.05812958629522127,
        0.015692832842321053,
        0.015592062725858433,
        0.0406772188897378,
        0.06755847348971407,
        0.08078501736497412,
        0.14970055627738957,
        0.2665121388541915,
        0.27335003048460915,
        0.0,
        0.0,
        0.0,
        0.0
    ],
    "n_components_": 2,
    "n_features_": 16,
    "n_samples_": 278,
    "name": "pca_DTRunsummary02-SegmentsWheel0Sector8Station3h4DSegmNHits_W0_St3_Sec8_default_pca",
    "noise_variance_": 3.914423065519e-06,
    "singular_values_": [
        0.273195153280561,
        0.1576842831230552
    ]
}