{
    "components_": [
        [
            0.0,
            -1.1102230246251565e-16,
            -0.8522636568216785,
            -0.018027789055200527,
            0.04438499639820491,
            0.1194959878746362,
            0.2917053571131144,
            0.4147051044909237,
            0.0,
            0.0,
            0.0,
            0.0,
            0.0,
            0.0,
            0.0,
            0.0
        ],
        [
            -0.0,
            2.7755575615628914e-16,
            -0.2091103923876609,
            0.068888342409201,
            0.2144296736051837,
            0.38548878551635846,
            0.34080280835350707,
            -0.8004992174965895,
            -0.0,
            -0.0,
            -0.0,
            -0.0,
            -0.0,
            -0.0,
            -0.0,
            -0.0
        ]
    ],
    "explained_variance_": [
        0.004806689612503668,
        8.198228644510128e-05
    ],
    "explained_variance_ratio_": [
        0.9753260862804881,
        0.0166350376306445
    ],
    "mean_": [
        0.0,
        0.0,
        0.3130200505995333,
        0.14819184630605367,
        0.0483753557006467,
        0.08829126145994227,
        0.1766376887215221,
        0.2254837972123017,
        0.0,
        0.0,
        0.0,
        0.0,
        0.0,
        0.0,
        0.0,
        0.0
    ],
    "n_components_": 2,
    "n_features_": 16,
    "n_samples_": 277,
    "name": "pca_DTRunsummary02-SegmentsWheel2Sector7Station4h4DSegmNHits_W2_St4_Sec7_default_pca",
    "noise_variance_": 2.8298507937939468e-06,
    "singular_values_": [
        1.151801342702383,
        0.150423106798284
    ]
}