{
    "components_": [
        [
            -0.0,
            -0.0,
            -0.24547668570869266,
            -0.4692155731419433,
            -0.0988871236704855,
            -0.07646965132383474,
            -0.03508507491820001,
            -0.07401646428501171,
            -0.047273212326900925,
            -0.01368537157549321,
            0.27227122553933913,
            0.7878379314112229,
            -0.0,
            -0.0,
            -0.0,
            -0.0
        ],
        [
            -0.0,
            -5.551115123125783e-17,
            -0.17386073632236396,
            -0.41665586282793243,
            -0.12893151761490468,
            -0.0831566264583013,
            -0.06918106584299846,
            0.16894893499434105,
            0.17760769726063164,
            0.4956844486893209,
            0.4951983213077361,
            -0.4656535931855286,
            -0.0,
            -0.0,
            -0.0,
            -0.0
        ]
    ],
    "explained_variance_": [
        0.00037161056181461607,
        0.00015992659793879395
    ],
    "explained_variance_ratio_": [
        0.6147393366444083,
        0.2645596784133824
    ],
    "mean_": [
        0.0,
        0.0,
        0.044074952363372756,
        0.07001557663391744,
        0.017209192509138924,
        0.01718813951539674,
        0.04415278837754055,
        0.07067396729343267,
        0.07558978123475617,
        0.1344447384920309,
        0.2445512713605797,
        0.28209959221983455,
        0.0,
        0.0,
        0.0,
        0.0
    ],
    "n_components_": 2,
    "n_features_": 16,
    "n_samples_": 290,
    "name": "pca_DTRunsummary02-SegmentsWheel1Sector2Station3h4DSegmNHits_W1_St3_Sec2_default_pca",
    "noise_variance_": 5.211704974802689e-06,
    "singular_values_": [
        0.3277124537829224,
        0.21498555022212879
    ]
}