{
    "components_": [
        [
            -0.0,
            -0.0,
            -0.21269232710076583,
            -0.38970994205797177,
            -0.14898211368976472,
            -0.11547837706213722,
            -0.08611484770850303,
            -0.10722965392650595,
            -0.09196496025138066,
            0.00683342728785305,
            0.3676834015600074,
            0.7776553929491691,
            -0.0,
            -0.0,
            -0.0,
            -0.0
        ],
        [
            -0.0,
            -0.0,
            -0.18600687027038162,
            -0.36619615261484995,
            -0.19818873276382415,
            -0.12736434347713368,
            -0.022657581940265077,
            0.08102894005809215,
            0.30072661986243876,
            0.5511094279210693,
            0.41623109126962693,
            -0.4486823980447727,
            -0.0,
            -0.0,
            -0.0,
            -0.0
        ]
    ],
    "explained_variance_": [
        0.00041710303247830585,
        0.0002817982647933207
    ],
    "explained_variance_ratio_": [
        0.5600052738420483,
        0.3783442031244534
    ],
    "mean_": [
        0.0,
        0.0,
        0.04605492963809093,
        0.08110197522045366,
        0.026636017282240625,
        0.022349644663510505,
        0.045515822219019675,
        0.0716416226409986,
        0.08318466139115496,
        0.1461461230705708,
        0.2417962470632427,
        0.23557295681071774,
        0.0,
        0.0,
        0.0,
        0.0
    ],
    "n_components_": 2,
    "n_features_": 16,
    "n_samples_": 314,
    "name": "pca_DTRunsummary02-SegmentsWheel0Sector3Station2h4DSegmNHits_W0_St2_Sec3_default_pca",
    "noise_variance_": 3.279895145926107e-06,
    "singular_values_": [
        0.361321531555635,
        0.29698965786759207
    ]
}