{
    "components_": [
        [
            0.0,
            -2.220446049250313e-16,
            0.10522112145752636,
            0.11855554564234323,
            0.02024092933707488,
            0.03986134558761361,
            0.15572482675442223,
            0.0584448498008209,
            0.25057761924697064,
            0.27119531717568535,
            -0.1298749840429474,
            -0.8899465709595104,
            0.0,
            0.0,
            0.0,
            0.0
        ],
        [
            -0.0,
            -2.7755575615628914e-17,
            0.04384235004079554,
            0.10501676912829624,
            0.009313189840695825,
            -0.02307033833074011,
            0.11768968932685325,
            0.41536726246362476,
            0.14206786661424725,
            -0.14539155055672903,
            -0.8509369515633911,
            0.18610171303634793,
            -0.0,
            -0.0,
            -0.0,
            -0.0
        ]
    ],
    "explained_variance_": [
        0.00018628627587529903,
        4.4140511094673996e-05
    ],
    "explained_variance_ratio_": [
        0.641035485711552,
        0.15189328272401417
    ],
    "mean_": [
        0.0,
        0.0,
        0.033744190481803944,
        0.03551543581781929,
        0.006800705282666822,
        0.013343816631471361,
        0.07097741300739033,
        0.1330308388809708,
        0.06788119946800754,
        0.13466611085097333,
        0.2465475505287159,
        0.2574927390501806,
        0.0,
        0.0,
        0.0,
        0.0
    ],
    "n_components_": 2,
    "n_features_": 16,
    "n_samples_": 152,
    "name": "pca_DTRunsummary02-SegmentsWheel-2Sector8Station1h4DSegmNHits_W-2_St1_Sec8_default_pca",
    "noise_variance_": 4.2982386008778286e-06,
    "singular_values_": [
        0.16771770227727947,
        0.08164078132462828
    ]
}