{
    "components_": [
        [
            0.0,
            1.3877787807814457e-16,
            0.13805298982658118,
            0.11532476978390088,
            0.0477811287614327,
            0.044845266374201,
            0.0632494028389501,
            0.0023463777702027143,
            0.16424262850165822,
            0.26474117567630595,
            0.08418181643751732,
            -0.9247655559707506,
            0.0,
            0.0,
            0.0,
            0.0
        ],
        [
            0.0,
            1.1102230246251565e-16,
            -0.39687080521280305,
            -0.5404351610870539,
            -0.1739867707422521,
            -0.1069593613977709,
            0.009995702769099148,
            0.04025618913276888,
            0.14792996668434244,
            0.3997349803097824,
            0.5679582209172467,
            0.05237703862664068,
            0.0,
            0.0,
            0.0,
            0.0
        ]
    ],
    "explained_variance_": [
        0.0004895358529960751,
        0.0002394509072255807
    ],
    "explained_variance_ratio_": [
        0.6216201961470081,
        0.304058464780797
    ],
    "mean_": [
        0.0,
        0.0,
        0.06036119897033062,
        0.08489928789265501,
        0.016029613735369232,
        0.017700974975318966,
        0.05389009998595507,
        0.09332329363110826,
        0.0794536026760363,
        0.12564592023440888,
        0.21905434847158223,
        0.24964165942723532,
        0.0,
        0.0,
        0.0,
        0.0
    ],
    "n_components_": 2,
    "n_features_": 16,
    "n_samples_": 219,
    "name": "pca_DTRunsummary02-SegmentsWheel-2Sector1Station3h4DSegmNHits_W-2_St3_Sec1_default_pca",
    "noise_variance_": 4.180660283749533e-06,
    "singular_values_": [
        0.32667845957936126,
        0.22847384483825844
    ]
}