{
    "components_": [
        [
            0.0,
            -5.551115123125783e-17,
            -0.3359859764655665,
            -0.7100543565709646,
            -0.017490386405803818,
            -0.014284820709223014,
            -0.0016030168724995054,
            0.028067915077325718,
            0.05274773458626518,
            0.16081670425198186,
            0.38688771010252193,
            0.4508984930059625,
            0.0,
            0.0,
            0.0,
            0.0
        ],
        [
            0.0,
            1.249000902703301e-16,
            -0.5885743014606515,
            0.6233320710975341,
            -0.23021113086198836,
            -0.14770473333956713,
            -0.13241643358588923,
            -0.042898686341168474,
            -0.0811814750471049,
            0.0431730592958312,
            0.2167635377519225,
            0.33971809249108137,
            0.0,
            0.0,
            0.0,
            0.0
        ]
    ],
    "explained_variance_": [
        0.0012060213395755845,
        0.0002802612660010623
    ],
    "explained_variance_ratio_": [
        0.7715000135142333,
        0.17928502872380933
    ],
    "mean_": [
        0.0,
        0.0,
        0.12618007376897022,
        0.14850769026344296,
        0.021134528697108197,
        0.021234010541220653,
        0.05755417095410822,
        0.09067582549574085,
        0.07102585390470668,
        0.10608626949225769,
        0.17461585559316442,
        0.18298572128928023,
        0.0,
        0.0,
        0.0,
        0.0
    ],
    "n_components_": 2,
    "n_features_": 16,
    "n_samples_": 297,
    "name": "pca_DTRunsummary02-SegmentsWheel-2Sector3Station2h4DSegmNHits_W-2_St2_Sec3_default_pca",
    "noise_variance_": 5.4952586100854336e-06,
    "singular_values_": [
        0.5974799716428769,
        0.2880231496534861
    ]
}