{
    "components_": [
        [
            0.0,
            1.1102230246251565e-16,
            0.2949660025392291,
            0.6312695350867699,
            0.12920052679113223,
            0.08528269653453366,
            0.023754429776164723,
            -0.050990151524399015,
            -0.035712781106832674,
            -0.12816229698247406,
            -0.37788898823979533,
            -0.5717189728743287,
            0.0,
            0.0,
            0.0,
            0.0
        ],
        [
            -0.0,
            8.326672684688674e-17,
            -0.021320843830166913,
            -0.41281121832928147,
            0.07870571083443476,
            0.08131547572036402,
            0.08373502796128038,
            -0.013804293857955754,
            0.2281132205452706,
            0.43437149620592597,
            0.25219354997132704,
            -0.7104981252211986,
            -0.0,
            -0.0,
            -0.0,
            -0.0
        ]
    ],
    "explained_variance_": [
        0.0009995094653148333,
        0.0002913751084712006
    ],
    "explained_variance_ratio_": [
        0.6954115246192595,
        0.20272505208766092
    ],
    "mean_": [
        0.0,
        0.0,
        0.0676824606464699,
        0.10035301113058098,
        0.029166816032478324,
        0.029294588503658715,
        0.06081440463609341,
        0.09249938848991131,
        0.07294449916829196,
        0.12040110510138517,
        0.20521805511383234,
        0.22162567117729806,
        0.0,
        0.0,
        0.0,
        0.0
    ],
    "n_components_": 2,
    "n_features_": 16,
    "n_samples_": 319,
    "name": "pca_DTRunsummary02-SegmentsWheel1Sector7Station2h4DSegmNHits_W1_St2_Sec7_default_pca",
    "noise_variance_": 1.0457677848332621e-05,
    "singular_values_": [
        0.563776560323429,
        0.304396590805222
    ]
}