{
    "components_": [
        [
            0.0,
            -1.1102230246251565e-16,
            0.35679548867047495,
            0.4216724800937489,
            0.1930862783791443,
            0.13127358739862446,
            0.0689877828155718,
            -0.008094877968846115,
            0.012245772856741353,
            -0.09102462408578818,
            -0.40361040174062796,
            -0.6813314864190436,
            0.0,
            0.0,
            0.0,
            0.0
        ],
        [
            -0.0,
            -2.7755575615628914e-17,
            -0.2029081334935226,
            -0.2754623563463186,
            -0.11381755981631361,
            -0.08107171998545806,
            0.01023141972439099,
            0.11372597756756667,
            0.28654222267492885,
            0.4900706130439198,
            0.38747986210140073,
            -0.6147903254705949,
            -0.0,
            -0.0,
            -0.0,
            -0.0
        ]
    ],
    "explained_variance_": [
        0.0006016838207730475,
        0.00019317693324299125
    ],
    "explained_variance_ratio_": [
        0.6955853696927009,
        0.22332501537649363
    ],
    "mean_": [
        0.0,
        0.0,
        0.0720071465615112,
        0.10347408832512953,
        0.028363141097733295,
        0.02562377936239822,
        0.05209647978655073,
        0.07899216128046116,
        0.08089066264691505,
        0.13379826044656215,
        0.21610050790799398,
        0.20865377258474513,
        0.0,
        0.0,
        0.0,
        0.0
    ],
    "n_components_": 2,
    "n_features_": 16,
    "n_samples_": 340,
    "name": "pca_DTRunsummary02-SegmentsWheel-1Sector4Station2h4DSegmNHits_W-1_St2_Sec4_default_pca",
    "noise_variance_": 5.010200397127084e-06,
    "singular_values_": [
        0.45163128239977257,
        0.2559042406240546
    ]
}