{
    "components_": [
        [
            -0.0,
            -1.1102230246251565e-16,
            0.1289999045602227,
            0.35787842113093715,
            0.11371927540990343,
            0.22601074132344492,
            0.33614681198223745,
            0.2871813192131546,
            -0.16810190831112296,
            -0.3190285601299895,
            -0.5150643056501847,
            -0.4477416995286035,
            -0.0,
            -0.0,
            -0.0,
            -0.0
        ],
        [
            0.0,
            2.220446049250313e-16,
            0.030589325865340272,
            -0.08170877249040387,
            -0.035625876007793114,
            -0.03695587229226513,
            -0.00786676330372943,
            -0.08494164028602758,
            0.3607165819494129,
            0.5205887934639917,
            0.09208426960866674,
            -0.7568800465071926,
            0.0,
            0.0,
            0.0,
            0.0
        ]
    ],
    "explained_variance_": [
        0.010884690582037943,
        0.0001358552057903014
    ],
    "explained_variance_ratio_": [
        0.9815065514583776,
        0.01225048829159654
    ],
    "mean_": [
        0.0,
        0.0,
        0.034973516027633086,
        0.04963918674092623,
        0.008916081897528908,
        0.02401247851878045,
        0.08560482732322773,
        0.142898155709242,
        0.07056384536027131,
        0.13905472587112092,
        0.23285462567370735,
        0.21148255687756207,
        0.0,
        0.0,
        0.0,
        0.0
    ],
    "n_components_": 2,
    "n_features_": 16,
    "n_samples_": 117,
    "name": "pca_DTRunsummary02-SegmentsWheel2Sector4Station1h4DSegmNHits_W2_St1_Sec4_default_pca",
    "noise_variance_": 4.945217746892955e-06,
    "singular_values_": [
        1.123665478474978,
        0.12553566772704466
    ]
}