{
    "components_": [
        [
            0.0,
            2.7755575615628914e-17,
            0.26678523756707734,
            0.24338655333216408,
            0.08858617360690926,
            0.06544543135625808,
            0.058456583158674226,
            -0.0018313944060426024,
            0.08903682815738324,
            0.16379038088958633,
            -0.07132829754870298,
            -0.9023274961133074,
            0.0,
            0.0,
            0.0,
            0.0
        ],
        [
            0.0,
            3.0531133177191805e-16,
            -0.4148908786630163,
            -0.43793529707929213,
            -0.15023094772938062,
            -0.08124865230289692,
            0.03843906382084817,
            0.040726247844587164,
            0.17856882472671345,
            0.46824282462318795,
            0.5589231640975646,
            -0.20059434933831552,
            0.0,
            0.0,
            0.0,
            0.0
        ]
    ],
    "explained_variance_": [
        0.0004835118301139055,
        0.00026728967216941635
    ],
    "explained_variance_ratio_": [
        0.5802758460296148,
        0.320781687216521
    ],
    "mean_": [
        0.0,
        0.0,
        0.06581106055522945,
        0.08506415344066487,
        0.01583651782988979,
        0.017656410433199113,
        0.05360944444148155,
        0.09188320267905539,
        0.07756138569981683,
        0.12577492033040572,
        0.21887222431626124,
        0.24793068027399567,
        0.0,
        0.0,
        0.0,
        0.0
    ],
    "n_components_": 2,
    "n_features_": 16,
    "n_samples_": 259,
    "name": "pca_DTRunsummary02-SegmentsWheel-2Sector5Station3h4DSegmNHits_W-2_St3_Sec5_default_pca",
    "noise_variance_": 5.888806837481654e-06,
    "singular_values_": [
        0.3531940715377137,
        0.2626037612444068
    ]
}