{
    "components_": [
        [
            -0.0,
            1.1102230246251565e-16,
            -0.5033416567170423,
            -0.3859849597203926,
            -0.12456761217123541,
            -0.05354754781670572,
            -0.05283530724245328,
            0.0039043573804860288,
            -0.03057327058081596,
            0.102850256547127,
            0.4223215289017345,
            0.6217742114192977,
            -0.0,
            -0.0,
            -0.0,
            -0.0
        ],
        [
            -0.0,
            5.551115123125783e-17,
            -0.5901344325298806,
            -0.0019342995402385488,
            0.08879659852234578,
            -0.03405618307348397,
            0.08251684997745998,
            0.19258647202385165,
            0.3360245456328106,
            0.41510979238702184,
            0.06703333990023655,
            -0.5559426833001235,
            -0.0,
            -0.0,
            -0.0,
            -0.0
        ]
    ],
    "explained_variance_": [
        0.0013203313797726334,
        0.00011220784148702654
    ],
    "explained_variance_ratio_": [
        0.8695576308399323,
        0.07389901224791282
    ],
    "mean_": [
        0.0,
        0.0,
        0.137707725497385,
        0.13307146874313966,
        0.02503189941562999,
        0.027085666641446432,
        0.06673850399696857,
        0.09776209860663174,
        0.0726954535272157,
        0.10617501733476363,
        0.16698741358795136,
        0.16674475264886787,
        0.0,
        0.0,
        0.0,
        0.0
    ],
    "n_components_": 2,
    "n_features_": 16,
    "n_samples_": 335,
    "name": "pca_DTRunsummary02-SegmentsWheel1Sector7Station1h4DSegmNHits_W1_St1_Sec7_default_pca",
    "noise_variance_": 6.132508054427087e-06,
    "singular_values_": [
        0.6640712919890902,
        0.19359085478572294
    ]
}