{
    "components_": [
        [
            0.0,
            5.551115123125783e-16,
            -0.23975175146988137,
            -0.6891011912661362,
            -0.2605942454711185,
            -0.11780494250117846,
            0.17004198183761063,
            0.43556202976643044,
            0.02920846338934066,
            0.12195751548501593,
            0.27581551677679417,
            0.274666623453123,
            0.0,
            0.0,
            0.0,
            0.0
        ],
        [
            0.0,
            -1.1102230246251565e-16,
            -0.004205991959388575,
            -0.2033122301848157,
            -0.06102805326436378,
            0.07759571986580131,
            0.12218864142596142,
            -0.7062826134220663,
            0.07712715527403587,
            0.36382193766104354,
            0.5141866328895236,
            -0.18009119828573195,
            0.0,
            0.0,
            0.0,
            0.0
        ]
    ],
    "explained_variance_": [
        0.0002053177855043874,
        0.00010001846113101543
    ],
    "explained_variance_ratio_": [
        0.5609107456358707,
        0.27324193796718793
    ],
    "mean_": [
        0.0,
        0.0,
        0.0431713927873955,
        0.10568170545853679,
        0.045674264394200664,
        0.07345852157374053,
        0.15108213744318902,
        0.2290458801967347,
        0.03423205891124601,
        0.06313358417117332,
        0.11873815656426612,
        0.13578229849951726,
        0.0,
        0.0,
        0.0,
        0.0
    ],
    "n_components_": 2,
    "n_features_": 16,
    "n_samples_": 259,
    "name": "pca_DTRunsummary02-SegmentsWheel-1Sector10Station3h4DSegmNHits_W-1_St3_Sec10_default_pca",
    "noise_variance_": 4.336239130404079e-06,
    "singular_values_": [
        0.23015644388139983,
        0.1606386098414761
    ]
}