{
    "components_": [
        [
            -0.0,
            1.1102230246251565e-16,
            -0.5440392622472644,
            -0.39423561377263117,
            -0.11399966307308444,
            -0.07317660745111751,
            -0.05896964457590942,
            -0.006191350365596648,
            0.027986416741572984,
            0.17304918813651882,
            0.4383394013161153,
            0.5512371352913967,
            -0.0,
            -0.0,
            -0.0,
            -0.0
        ],
        [
            -0.0,
            -1.1102230246251565e-16,
            -0.21354735443755857,
            -0.15730480306502662,
            -0.03503255304890185,
            -0.028244176778131666,
            0.04733505830951376,
            0.07239940471121353,
            0.26347138619588334,
            0.48459979212726045,
            0.29397153780598606,
            -0.727648291820238,
            -0.0,
            -0.0,
            -0.0,
            -0.0
        ]
    ],
    "explained_variance_": [
        0.001129959452884184,
        0.00016372712643226257
    ],
    "explained_variance_ratio_": [
        0.8140483851718919,
        0.11795273055225138
    ],
    "mean_": [
        0.0,
        0.0,
        0.14409150662367637,
        0.13405250064567156,
        0.028315123071825002,
        0.02910659627028641,
        0.06133528705223793,
        0.08421714421505973,
        0.07025210065003558,
        0.10609056816006066,
        0.17205718427154312,
        0.17048198903960346,
        0.0,
        0.0,
        0.0,
        0.0
    ],
    "n_components_": 2,
    "n_features_": 16,
    "n_samples_": 349,
    "name": "pca_DTRunsummary02-SegmentsWheel1Sector5Station1h4DSegmNHits_W1_St1_Sec5_default_pca",
    "noise_variance_": 6.741963418590496e-06,
    "singular_values_": [
        0.6270772596767451,
        0.2386986384511386
    ]
}