{
    "components_": [
        [
            -0.0,
            5.551115123125783e-17,
            -0.36935565955147237,
            -0.4137863486039853,
            -0.1594180551220546,
            -0.10550263443893226,
            -0.05165540700507535,
            -0.022152467039305207,
            -0.026854593660470605,
            0.05581315058437755,
            0.3858498021230713,
            0.7070622127138471,
            -0.0,
            -0.0,
            -0.0,
            -0.0
        ],
        [
            0.0,
            0.0,
            -0.2254922380799051,
            -0.3772983512638714,
            -0.06496122684411987,
            -0.04283593430708116,
            0.030816657933530722,
            0.1670855499230393,
            0.25335048633843926,
            0.4649555654307859,
            0.3821469782904156,
            -0.5877674874212333,
            0.0,
            0.0,
            0.0,
            0.0
        ]
    ],
    "explained_variance_": [
        0.0003507939897028122,
        9.83396775225964e-05
    ],
    "explained_variance_ratio_": [
        0.6647757934059215,
        0.18635962720954913
    ],
    "mean_": [
        0.0,
        0.0,
        0.05891346416294138,
        0.0836286681550743,
        0.01602278407311461,
        0.017769678286529235,
        0.05443465779208352,
        0.09343164246923272,
        0.08270077523559152,
        0.1329932068243361,
        0.22398075813490145,
        0.236124364866195,
        0.0,
        0.0,
        0.0,
        0.0
    ],
    "n_components_": 2,
    "n_features_": 16,
    "n_samples_": 255,
    "name": "pca_DTRunsummary02-SegmentsWheel-2Sector8Station3h4DSegmNHits_W-2_St3_Sec8_default_pca",
    "noise_variance_": 5.6110002205385085e-06,
    "singular_values_": [
        0.29849903414335244,
        0.15804517737260915
    ]
}