{
    "components_": [
        [
            0.0,
            6.245004513516506e-17,
            0.9100323041734423,
            -0.04426732848084339,
            -0.012225506691522713,
            -0.011888687481254039,
            -0.031918914075008555,
            -0.06273856059352927,
            -0.07695647007925316,
            -0.14567660477832822,
            -0.259435748133999,
            -0.26492448385970374,
            0.0,
            0.0,
            0.0,
            0.0
        ],
        [
            -0.0,
            -2.220446049250313e-16,
            0.1623121682227276,
            -0.18317946753837377,
            -0.05703211014844535,
            -0.05765926810786848,
            -0.060527775989116704,
            -0.11514247483682678,
            -0.23086679825428505,
            -0.34054950230415104,
            0.018358876907645927,
            0.864286352048693,
            -0.0,
            -0.0,
            -0.0,
            -0.0
        ]
    ],
    "explained_variance_": [
        0.009640300130294453,
        0.00022531107987083823
    ],
    "explained_variance_ratio_": [
        0.9566418957201935,
        0.02235843445341147
    ],
    "mean_": [
        0.0,
        0.0,
        0.04448408354476053,
        0.0583142983823619,
        0.014927214348700615,
        0.015432684176858663,
        0.037188218703749734,
        0.06588928331064703,
        0.07963179273021963,
        0.15013606612935865,
        0.2647982067701449,
        0.2691981519031984,
        0.0,
        0.0,
        0.0,
        0.0
    ],
    "n_components_": 2,
    "n_features_": 16,
    "n_samples_": 285,
    "name": "pca_DTRunsummary02-SegmentsWheel0Sector11Station3h4DSegmNHits_W0_St3_Sec11_default_pca",
    "noise_variance_": 1.5115606900496936e-05,
    "singular_values_": [
        1.6546435377457058,
        0.2529591798755642
    ]
}