{
    "components_": [
        [
            0.0,
            1.1102230246251565e-16,
            0.06103105472673546,
            0.06447247354269331,
            0.015277723762132503,
            0.023531887954756206,
            0.03587517819884457,
            0.03070650406681419,
            0.1669519468647271,
            0.35016826088579567,
            0.15459792768205888,
            -0.9026129576845581,
            0.0,
            0.0,
            0.0,
            0.0
        ],
        [
            0.0,
            -1.1102230246251565e-16,
            -0.3001396255032395,
            -0.5667669952519008,
            -0.2090173941826951,
            -0.14855898352766078,
            -0.07363749045919157,
            0.014647095104200786,
            0.14619941871262385,
            0.3789072350656013,
            0.5591712852042895,
            0.19919545483797235,
            0.0,
            0.0,
            0.0,
            0.0
        ]
    ],
    "explained_variance_": [
        0.0006101161282801013,
        0.00026623059996938743
    ],
    "explained_variance_ratio_": [
        0.6515375427925223,
        0.2843052705543286
    ],
    "mean_": [
        0.0,
        0.0,
        0.04324603180584696,
        0.07173017331142278,
        0.017944742012326265,
        0.01795056573281911,
        0.04429864528783849,
        0.07224855842335966,
        0.07527884979983168,
        0.1320320128661196,
        0.2423362662339788,
        0.2829341545264567,
        0.0,
        0.0,
        0.0,
        0.0
    ],
    "n_components_": 2,
    "n_features_": 16,
    "n_samples_": 271,
    "name": "pca_DTRunsummary02-SegmentsWheel-1Sector2Station3h4DSegmNHits_W-1_St3_Sec2_default_pca",
    "noise_variance_": 4.291314418505323e-06,
    "singular_values_": [
        0.4058711059383599,
        0.26810867571142605
    ]
}