{
    "components_": [
        [
            -0.0,
            -0.0,
            0.20560099723777508,
            0.20847086010881882,
            -0.9104120189647265,
            0.12047403437890272,
            0.17639138645626073,
            0.19947474017880334,
            6.041655940010842e-10
        ],
        [
            0.0,
            1.1102230246251565e-16,
            0.47477871274276967,
            0.27107500769914317,
            0.06507765389555015,
            -0.7825121867072293,
            -0.2193185072772542,
            0.19089914381944034,
            1.7582757999162614e-07
        ]
    ],
    "explained_variance_": [
        0.00221279424464165,
        1.2506913795505734e-05
    ],
    "explained_variance_ratio_": [
        0.9935994016603426,
        0.005615913948585149
    ],
    "mean_": [
        0.0,
        0.0,
        0.11338332689157918,
        0.11477252303961896,
        0.38706738154591086,
        0.14197649603092757,
        0.12536616423635422,
        0.11743410600242402,
        2.2531850202201437e-09
    ],
    "n_components_": 2,
    "n_features_": 9,
    "n_samples_": 474,
    "name": "pca_RPCRunsummaryAllHitsSummaryHistogramsBxDistribution_Wheel_1_default_pca",
    "noise_variance_": 2.496471920349353e-07,
    "singular_values_": [
        1.0230599580256772,
        0.07691404439550824
    ]
}