{
    "components_": [
        [
            0.8552583469811643,
            -0.32167547026182025,
            -0.3974583540760126,
            -0.07499489112122001,
            -0.031729215036723865,
            -0.014775654197712278,
            -0.0116521379974151,
            0.0015832462648330801,
            -0.006276805448717472,
            -0.00414380338326446,
            -0.003332336219617888,
            -0.000569344587455043,
            0.0020677271166670806,
            0.0026944437401355843,
            0.0008776217889165478,
            0.004126626438242452
        ],
        [
            -0.41817015083427017,
            -0.6407028023713336,
            -0.4327429476823274,
            0.14158279100550217,
            0.17319333842290038,
            0.20607853286083613,
            0.14123484991653137,
            0.2733995063337555,
            0.06757223881514207,
            0.06363920484894395,
            0.04802474897543701,
            0.06720308366303648,
            0.08717079469652743,
            0.08256484239795324,
            0.053928131702510096,
            0.08602383724885418
        ]
    ],
    "explained_variance_": [
        0.004099673672836318,
        0.00012321337899436226
    ],
    "explained_variance_ratio_": [
        0.9620321969621224,
        0.028913334852592194
    ],
    "mean_": [
        0.549100949576217,
        0.2058013935994812,
        0.13704282108007906,
        0.03484249679935772,
        0.018576596735123824,
        0.012596272475012455,
        0.009294324792664883,
        0.00821187727547967,
        0.005393779457450745,
        0.004325345523984955,
        0.0034743669976717716,
        0.0030065677850459743,
        0.0025810924202268625,
        0.0022673820863080133,
        0.0018160447336727002,
        0.0016686886622229841
    ],
    "n_components_": 2,
    "n_features_": 16,
    "n_samples_": 474,
    "name": "pca_RPCRunsummaryAllHitsSummaryHistogramsClusterSize_Barrel_default_pca",
    "noise_variance_": 2.7560976024032573e-06,
    "singular_values_": [
        1.392532099181767,
        0.24141236145718253
    ]
}