{
    "components_": [
        [
            -0.0,
            1.1102230246251565e-16,
            -0.0,
            -0.31754586399788826,
            -0.38692542706331584,
            -0.14842064284745568,
            0.8528919339086598,
            -0.0
        ],
        [
            0.0,
            1.1102230246251565e-16,
            2.220446049250313e-16,
            -0.10289921382410191,
            -0.5571955493928171,
            0.8101944024874914,
            -0.15009963927057016,
            0.0
        ]
    ],
    "explained_variance_": [
        5.91644591368807e-05,
        3.050247387898524e-06
    ],
    "explained_variance_ratio_": [
        0.9263368390076038,
        0.04775766676003944
    ],
    "mean_": [
        0.0,
        0.0,
        0.0,
        0.05515042580365196,
        0.14370220513583803,
        0.19314402266739042,
        0.60800334639312,
        0.0
    ],
    "n_components_": 2,
    "n_features_": 8,
    "n_samples_": 396,
    "name": "pca_CSCRunsummaryCSCOfflineMonitorSegmentshSnhitsp32_default_pca",
    "noise_variance_": 2.757608410516114e-07,
    "singular_values_": [
        0.15287236950825311,
        0.03471091641285083
    ]
}