{
    "components_": [
        [
            0.0,
            7.28583859910259e-17,
            4.440892098500626e-16,
            -0.39107778368298546,
            -0.2135057490415729,
            -0.2539064169388472,
            0.8584899496634054,
            0.0
        ],
        [
            -0.0,
            -3.3306690738754696e-16,
            -6.696032617270475e-16,
            -0.5318835163279019,
            -0.2250471940052969,
            0.8143447165765243,
            -0.057414006243326245,
            -0.0
        ]
    ],
    "explained_variance_": [
        0.000905291100655838,
        1.3042516872280609e-05
    ],
    "explained_variance_ratio_": [
        0.9824344333476807,
        0.014153919842538921
    ],
    "mean_": [
        0.0,
        0.0,
        0.0,
        0.08927425032769429,
        0.14896857441099137,
        0.17383190988403557,
        0.5879252653772794,
        0.0
    ],
    "n_components_": 2,
    "n_features_": 8,
    "n_samples_": 396,
    "name": "pca_CSCRunsummaryCSCOfflineMonitorSegmentshSnhitsp21_default_pca",
    "noise_variance_": 5.239592232380594e-07,
    "singular_values_": [
        0.5979882814562975,
        0.07177599992024382
    ]
}