{
    "components_": [
        [
            -0.0,
            2.7755575615628914e-17,
            -0.0,
            -0.281137420090413,
            -0.2992402938031065,
            -0.28557057727790097,
            0.8659482911714206,
            -0.0
        ],
        [
            -0.0,
            -2.220446049250313e-16,
            1.1102230246251565e-16,
            -0.518994916882768,
            -0.2853545462589574,
            0.805738871300226,
            -0.0013894081584995277,
            -0.0
        ]
    ],
    "explained_variance_": [
        0.0005908596224436393,
        3.223364709215872e-05
    ],
    "explained_variance_ratio_": [
        0.9467428061212689,
        0.05164843279245058
    ],
    "mean_": [
        0.0,
        0.0,
        0.0,
        0.0995384490204362,
        0.2085146082072273,
        0.1798305661240684,
        0.5121163766482674,
        0.0
    ],
    "n_components_": 2,
    "n_features_": 8,
    "n_samples_": 396,
    "name": "pca_CSCRunsummaryCSCOfflineMonitorSegmentshSnhitsm11b_default_pca",
    "noise_variance_": 1.6733723983180581e-07,
    "singular_values_": [
        0.48310407870896466,
        0.11283745212207999
    ]
}