{
    "components_": [
        [
            0.0,
            1.1102230246251565e-16,
            1.3877787807814457e-17,
            0.13630019872684726,
            0.4587284679937813,
            0.2474447895881118,
            -0.8424734563087409,
            0.0
        ],
        [
            -0.0,
            7.632783294297951e-17,
            -0.0,
            -0.3908223150622972,
            0.7337726969248091,
            -0.5250484259810951,
            0.18209804411858263,
            -0.0
        ]
    ],
    "explained_variance_": [
        0.00018677321360340316,
        1.467947488091312e-06
    ],
    "explained_variance_ratio_": [
        0.986325353988092,
        0.007752042157940426
    ],
    "mean_": [
        0.0,
        0.0,
        0.0,
        0.06704094288270958,
        0.1960876795130705,
        0.19957561740742202,
        0.5372957601967977,
        0.0
    ],
    "n_components_": 2,
    "n_features_": 8,
    "n_samples_": 396,
    "name": "pca_CSCRunsummaryCSCOfflineMonitorSegmentshSnhitsp12_default_pca",
    "noise_variance_": 1.869200242821705e-07,
    "singular_values_": [
        0.27161630910780055,
        0.024079851697966666
    ]
}