{
    "components_": [
        [
            0.0,
            0.0,
            0.0,
            -0.3167326064689475,
            -0.42325544823300676,
            -0.10262850754852976,
            0.8426165622504842,
            0.0
        ],
        [
            0.0,
            -1.1102230246251565e-16,
            1.1102230246251565e-16,
            -0.7708077753187937,
            0.2842275575862928,
            0.564763214173925,
            -0.07818299644142182,
            0.0
        ]
    ],
    "explained_variance_": [
        0.0007598668389647239,
        4.485776430786701e-06
    ],
    "explained_variance_ratio_": [
        0.9905093653503869,
        0.005847345005364198
    ],
    "mean_": [
        0.0,
        0.0,
        0.0,
        0.0870083257524709,
        0.19624896915173645,
        0.1974636147092791,
        0.5192790903865134,
        0.0
    ],
    "n_components_": 2,
    "n_features_": 8,
    "n_samples_": 396,
    "name": "pca_CSCRunsummaryCSCOfflineMonitorSegmentshSnhitsm42_default_pca",
    "noise_variance_": 4.6582345781741217e-07,
    "singular_values_": [
        0.5478570994256312,
        0.042093725068717155
    ]
}