{
    "components_": [
        [
            0.0075000611173406465,
            0.005133716074276602,
            0.005183861416989631,
            0.005213974414084463,
            0.015643897112378083,
            0.15215390409490634,
            0.18158108380281116,
            0.11817297554700126,
            -0.9332057864862081,
            0.056086445006205445,
            0.15676677868473843,
            0.17194545558807034,
            0.03427598307605037,
            0.010605803789045447,
            0.006911531651812769,
            0.006030315110496525,
            -0.0
        ],
        [
            -0.012840809764662783,
            -0.015280442070715583,
            -0.01698875691591566,
            -0.01711177576948926,
            -0.07287794672640126,
            -0.4882411635526606,
            -0.039960030216758,
            0.18945253200005455,
            -0.047163472670328214,
            0.7496266580177695,
            0.2095024369503794,
            -0.3245332640562902,
            -0.05877108394806283,
            -0.019920756667157355,
            -0.016169544814939353,
            -0.018722579794822537,
            0.0
        ]
    ],
    "explained_variance_": [
        0.0026623456726522633,
        3.7821549557103914e-05
    ],
    "explained_variance_ratio_": [
        0.97977302109679,
        0.013918753771447516
    ],
    "mean_": [
        0.0016142619845455248,
        0.001096702035249616,
        0.00110759796795357,
        0.0011281947399493376,
        0.004428472419783187,
        0.048879896301433294,
        0.05972391867885439,
        0.09873811328682904,
        0.5050728802059024,
        0.12574240600892345,
        0.07591007575967937,
        0.05799235690598786,
        0.011936015968730186,
        0.003474558081700096,
        0.0017260549677918496,
        0.0014284946866862382,
        0.0
    ],
    "n_components_": 2,
    "n_features_": 17,
    "n_samples_": 396,
    "name": "pca_CSCRunsummaryCSCOfflineMonitorDigishWireTBin_m12_default_pca",
    "noise_variance_": 1.1427596337815517e-06,
    "singular_values_": [
        1.025488440060464,
        0.122227296767359
    ]
}