{
    "components_": [
        [
            -0.06740298334952316,
            -0.04952397624122396,
            -0.04980393418866764,
            -0.050546049498329575,
            -0.05747942031582088,
            -0.11796535418049126,
            -0.11380844995157442,
            -0.03969052265150868,
            0.9598374091277831,
            0.014602849681491873,
            -0.09158095030095817,
            -0.12078189879745577,
            -0.062257452743575824,
            -0.05284625592173608,
            -0.05098261392372024,
            -0.04977039674468938,
            -0.0
        ],
        [
            -0.028571479887297444,
            -0.08156615116506681,
            -0.10710649428584867,
            -0.11159093392111048,
            -0.14546269741122655,
            -0.3721741325538363,
            0.003700595696484012,
            0.3906727807120773,
            -0.07706168809723625,
            0.7315052295230917,
            0.25907734252226056,
            -0.13929494345275592,
            -0.04392986550192225,
            -0.0687928989547674,
            -0.09620554397945927,
            -0.11319911924338666,
            0.0
        ]
    ],
    "explained_variance_": [
        0.0031656691936975717,
        6.374194741441073e-05
    ],
    "explained_variance_ratio_": [
        0.9694662544217818,
        0.019520569973775513
    ],
    "mean_": [
        0.01818214628752097,
        0.013169644969213601,
        0.013200749914978827,
        0.013281234236424447,
        0.01764593910174368,
        0.06856022311155521,
        0.08036958471820219,
        0.10490290874651609,
        0.31791495866095704,
        0.11794938075586887,
        0.09022926488466615,
        0.07691579801403,
        0.024664191115335337,
        0.015695310949348482,
        0.013890543977104045,
        0.013428120556535281,
        0.0
    ],
    "n_components_": 2,
    "n_features_": 17,
    "n_samples_": 396,
    "name": "pca_CSCRunsummaryCSCOfflineMonitorDigishWireTBin_m31_default_pca",
    "noise_variance_": 2.397475282696281e-06,
    "singular_values_": [
        1.1182304465138395,
        0.1586759881919512
    ]
}