{
    "components_": [
        [
            -0.0,
            1.1102230246251565e-16,
            -0.0,
            -0.3563301984012371,
            -0.23127147089395153,
            -0.2749277630062588,
            0.8625294323014476,
            -0.0
        ],
        [
            0.0,
            1.1102230246251565e-16,
            1.1102230246251565e-16,
            -0.059250412983220174,
            -0.6868830802620067,
            0.7240107790123477,
            0.022122714232882035,
            0.0
        ]
    ],
    "explained_variance_": [
        0.0003728866936060238,
        3.855705237721369e-06
    ],
    "explained_variance_ratio_": [
        0.9851746073895693,
        0.010186855575477934
    ],
    "mean_": [
        0.0,
        0.0,
        0.0,
        0.0712493132592181,
        0.15199376081307053,
        0.18535268038203814,
        0.5914042455456736,
        0.0
    ],
    "n_components_": 2,
    "n_features_": 8,
    "n_samples_": 396,
    "name": "pca_CSCRunsummaryCSCOfflineMonitorSegmentshSnhitsp31_default_pca",
    "noise_variance_": 2.926128906759109e-07,
    "singular_values_": [
        0.38378411115414796,
        0.03902567832722374
    ]
}