{
    "components_": [
        [
            0.0,
            -2.220446049250313e-16,
            0.0,
            -0.3053361859663067,
            -0.30671397185504623,
            -0.2531679356933506,
            0.8652180935147035,
            0.0
        ],
        [
            -0.0,
            -1.1102230246251565e-16,
            -1.1102230246251565e-16,
            0.10125834207767448,
            -0.7375851648552109,
            0.6669175941967419,
            -0.03059077141920341,
            -0.0
        ]
    ],
    "explained_variance_": [
        0.0004681621191177339,
        2.7639957644253533e-06
    ],
    "explained_variance_ratio_": [
        0.9910689841208589,
        0.00585120060445238
    ],
    "mean_": [
        0.0,
        0.0,
        0.0,
        0.0735245620120384,
        0.16581454677737195,
        0.19119659562615365,
        0.569464295584436,
        0.0
    ],
    "n_components_": 2,
    "n_features_": 8,
    "n_samples_": 396,
    "name": "pca_CSCRunsummaryCSCOfflineMonitorSegmentshSnhitsm41_default_pca",
    "noise_variance_": 2.4247434985036954e-07,
    "singular_values_": [
        0.43002794915156956,
        0.033042069047624946
    ]
}