{
    "components_": [
        [
            -0.0,
            1.1102230246251565e-16,
            -0.0,
            0.14539618695325726,
            0.44368908146972885,
            0.25704109518392293,
            -0.846126363606909,
            -0.0
        ],
        [
            0.0,
            8.326672684688674e-17,
            0.0,
            -0.27321076388867266,
            0.7300010639279787,
            -0.6079512302333592,
            0.15116093019405558,
            0.0
        ]
    ],
    "explained_variance_": [
        0.0001807786782672722,
        1.6249001117059914e-06
    ],
    "explained_variance_ratio_": [
        0.9855699739323012,
        0.008858637401746016
    ],
    "mean_": [
        0.0,
        0.0,
        0.0,
        0.0668446682484448,
        0.19315531194983765,
        0.19868740201343313,
        0.5413126177882842,
        0.0
    ],
    "n_components_": 2,
    "n_features_": 8,
    "n_samples_": 396,
    "name": "pca_CSCRunsummaryCSCOfflineMonitorSegmentshSnhitsm12_default_pca",
    "noise_variance_": 1.7032247088549612e-07,
    "singular_values_": [
        0.2672219637596665,
        0.025334473432930604
    ]
}