{
    "components_": [
        [
            -0.017937958449035025,
            -0.012196662946869863,
            -0.0121144664704147,
            -0.012255805914988102,
            -0.020904009688814652,
            -0.13198606278192712,
            -0.16173055768605618,
            -0.13468244849670338,
            0.9416015479341664,
            -0.05958783944066958,
            -0.1473368643006572,
            -0.15228320076494606,
            -0.03829091110675345,
            -0.015890616547422947,
            -0.012395977329156765,
            -0.012008166009751377,
            -0.0
        ],
        [
            -0.01633693340094454,
            -0.025260854606888677,
            -0.03277485106351783,
            -0.034280311552155225,
            -0.08442727702483431,
            -0.4313562063234575,
            -0.08204473932248872,
            -0.08625026039388231,
            -0.02301304070265873,
            0.8315762602494639,
            0.2662076029231972,
            -0.1477358913188661,
            -0.04624557813847669,
            -0.02685509229203996,
            -0.028977511946763623,
            -0.032225315085686726,
            0.0
        ]
    ],
    "explained_variance_": [
        0.001739987376101199,
        1.712094985638311e-05
    ],
    "explained_variance_ratio_": [
        0.9864273795976299,
        0.0097061472600432
    ],
    "mean_": [
        0.0029908488401154663,
        0.0020207961150582603,
        0.0020085070814012344,
        0.0020407644358804724,
        0.0038712604191516752,
        0.027780507669534264,
        0.0335782660216059,
        0.06418063119896258,
        0.6625156580739371,
        0.10270821883510957,
        0.047960232331708506,
        0.033160841341741826,
        0.008045504164896133,
        0.003028777014668224,
        0.002117867055546764,
        0.00199131940068204,
        0.0
    ],
    "n_components_": 2,
    "n_features_": 17,
    "n_samples_": 396,
    "name": "pca_CSCRunsummaryCSCOfflineMonitorDigishWireTBin_m22_default_pca",
    "noise_variance_": 4.546788134522041e-07,
    "singular_values_": [
        0.8290325768991069,
        0.08223609422432056
    ]
}