{
    "components_": [
        [
            -0.01999660763185458,
            -0.013665825717306833,
            -0.013730386739387188,
            -0.013804175862171015,
            -0.022328399532380683,
            -0.13601708750816924,
            -0.15694981270314165,
            -0.12423473159939354,
            0.9428883572804668,
            -0.05954275132810081,
            -0.1479508122214189,
            -0.1532169637339437,
            -0.036663097996813526,
            -0.016923667643363293,
            -0.014171216015365513,
            -0.013692821047656688,
            -0.0
        ],
        [
            -0.010417488520465399,
            -0.020137506554953843,
            -0.027378226103119057,
            -0.03374802471910669,
            -0.08690067171856801,
            -0.45879096285884613,
            -0.12675277555950373,
            -0.19746386715017988,
            -0.026750943737366764,
            0.7930090696148704,
            0.3023202212560014,
            -0.04060287300612823,
            0.004998513952517896,
            -0.014836191540977893,
            -0.02444773184368867,
            -0.032100541510484935,
            0.0
        ]
    ],
    "explained_variance_": [
        0.0023115681980165875,
        2.0593289376350777e-05
    ],
    "explained_variance_ratio_": [
        0.9875563910082383,
        0.00879793836623432
    ],
    "mean_": [
        0.0038705416497774245,
        0.0026119161869026554,
        0.0026054059376825916,
        0.0026319168774075604,
        0.004724891946315546,
        0.03365078352531285,
        0.03928449773102529,
        0.07133783242929262,
        0.626584340933073,
        0.10244353855169061,
        0.05301885361091342,
        0.039375390056602816,
        0.008814537287484608,
        0.003589041656883137,
        0.002795224693967017,
        0.0026612869256684413,
        0.0
    ],
    "n_components_": 2,
    "n_features_": 17,
    "n_samples_": 396,
    "name": "pca_CSCRunsummaryCSCOfflineMonitorDigishWireTBin_m32_default_pca",
    "noise_variance_": 5.688935069188535e-07,
    "singular_values_": [
        0.9555466698265198,
        0.09019062758213049
    ]
}