{
    "components_": [
        [
            0.0,
            0.0,
            -0.3341803570242595,
            -0.4623162348986082,
            -0.2175859838244334,
            -0.15257609162136906,
            -0.08613512061088899,
            0.005993916683606049,
            0.03528667533103047,
            0.16190879860940752,
            0.4293700924449092,
            0.6202343049106059,
            0.0,
            0.0,
            0.0,
            0.0
        ],
        [
            0.0,
            5.551115123125783e-17,
            -0.1687881630785593,
            -0.26611541899606317,
            -0.10798346489271896,
            -0.06846073241183508,
            0.019796566979835742,
            0.17042120854426313,
            0.3500163378692446,
            0.484002930724449,
            0.24792388581014874,
            -0.660813150548764,
            0.0,
            0.0,
            0.0,
            0.0
        ]
    ],
    "explained_variance_": [
        0.0004923510104444972,
        5.442876512885242e-05
    ],
    "explained_variance_ratio_": [
        0.804204822561645,
        0.08890379926951045
    ],
    "mean_": [
        0.0,
        0.0,
        0.06775614378041327,
        0.10104577760455143,
        0.027871741054706845,
        0.025126259682217666,
        0.05164662097483997,
        0.08078977782927037,
        0.0830678844502782,
        0.13484145206851852,
        0.21417297502900473,
        0.21368136752619893,
        0.0,
        0.0,
        0.0,
        0.0
    ],
    "n_components_": 2,
    "n_features_": 16,
    "n_samples_": 299,
    "name": "pca_DTRunsummary02-SegmentsWheel-1Sector12Station2h4DSegmNHits_W-1_St2_Sec12_default_pca",
    "noise_variance_": 4.674366935669662e-06,
    "singular_values_": [
        0.3830412524943758,
        0.1273568687130695
    ]
}