{
    "components_": [
        [
            -0.0,
            -1.1102230246251565e-16,
            0.015542080138920444,
            0.01942056178183288,
            0.12042102519669189,
            0.3326750398099633,
            0.37042435895051196,
            -0.8584830658779202,
            -0.0,
            -0.0,
            -0.0,
            -0.0,
            -0.0,
            -0.0,
            -0.0,
            -0.0
        ],
        [
            0.0,
            -1.1102230246251565e-16,
            0.3194879742892365,
            0.6122426408814601,
            0.1330938353252578,
            -0.14144298023245472,
            -0.6335185959393599,
            -0.28986287432414026,
            0.0,
            0.0,
            0.0,
            0.0,
            0.0,
            0.0,
            0.0,
            0.0
        ]
    ],
    "explained_variance_": [
        0.001852670435807314,
        8.644017019818366e-05
    ],
    "explained_variance_ratio_": [
        0.9431810910391024,
        0.04400606414470141
    ],
    "mean_": [
        0.0,
        0.0,
        0.037216271874268056,
        0.0857354299355906,
        0.05854864701996489,
        0.13073103350968412,
        0.27929151851514844,
        0.40847709914534375,
        0.0,
        0.0,
        0.0,
        0.0,
        0.0,
        0.0,
        0.0,
        0.0
    ],
    "n_components_": 2,
    "n_features_": 16,
    "n_samples_": 148,
    "name": "pca_DTRunsummary02-SegmentsWheel0Sector11Station4h4DSegmNHits_W0_St4_Sec11_default_pca",
    "noise_variance_": 1.7977140653567724e-06,
    "singular_values_": [
        0.5218644977996445,
        0.11272402148225993
    ]
}