{
    "components_": [
        [
            0.0,
            2.7755575615628914e-17,
            0.23538193388622866,
            0.2611727124867251,
            0.10187599010483522,
            0.07866288006237221,
            0.05339386790986807,
            -0.0023263310045737173,
            0.11469568330544005,
            0.15910163055641546,
            -0.10315223451417138,
            -0.8988061327931403,
            0.0,
            0.0,
            0.0,
            0.0
        ],
        [
            0.0,
            -1.1102230246251565e-16,
            -0.34376009302813637,
            -0.45811821305962963,
            -0.16923575232942822,
            -0.08962709650298883,
            0.00017890264313145943,
            0.03361638372729665,
            0.2051452527061107,
            0.4439828310032453,
            0.5911366783480588,
            -0.21331889350766034,
            0.0,
            0.0,
            0.0,
            0.0
        ]
    ],
    "explained_variance_": [
        0.0004395554636059911,
        0.00023191658169112906
    ],
    "explained_variance_ratio_": [
        0.5867978242679608,
        0.3096040359311835
    ],
    "mean_": [
        0.0,
        0.0,
        0.05943352381140699,
        0.08447818132566767,
        0.015948533914776537,
        0.017769230941249128,
        0.05411601719076093,
        0.09312379436062984,
        0.07975897173482727,
        0.1273298920686757,
        0.22055967239874447,
        0.24748218225326143,
        0.0,
        0.0,
        0.0,
        0.0
    ],
    "n_components_": 2,
    "n_features_": 16,
    "n_samples_": 259,
    "name": "pca_DTRunsummary02-SegmentsWheel-2Sector7Station3h4DSegmNHits_W-2_St3_Sec7_default_pca",
    "noise_variance_": 5.543053998890597e-06,
    "singular_values_": [
        0.33675704834545883,
        0.24461087072391385
    ]
}