{
    "components_": [
        [
            -0.0,
            -1.1102230246251565e-16,
            0.04914403088462552,
            0.024240060519894358,
            0.004927911022719084,
            0.008547040160837682,
            0.041350090549850976,
            0.035597520161791074,
            0.1813957584491372,
            0.38429979819770027,
            0.1583384862179003,
            -0.8878406961644567,
            -0.0,
            -0.0,
            -0.0,
            -0.0
        ],
        [
            -0.0,
            1.1102230246251565e-16,
            -0.22832818557957696,
            -0.5846795703476562,
            -0.22022484231447623,
            -0.1471435869062764,
            -0.08851780065371848,
            -0.007039857517326983,
            0.10167243253743771,
            0.3555528702835812,
            0.576811575963532,
            0.24189696453448029,
            -0.0,
            -0.0,
            -0.0,
            -0.0
        ]
    ],
    "explained_variance_": [
        0.0005543576886684613,
        0.00030533608924212684
    ],
    "explained_variance_ratio_": [
        0.6029739193153745,
        0.3321135472676066
    ],
    "mean_": [
        0.0,
        0.0,
        0.03910317912660362,
        0.07412391397997756,
        0.018918574757668897,
        0.019208684485259624,
        0.04509180103099975,
        0.07210683649025512,
        0.07643218108420495,
        0.13528071243007372,
        0.24379289750368116,
        0.27594121911127545,
        0.0,
        0.0,
        0.0,
        0.0
    ],
    "n_components_": 2,
    "n_features_": 16,
    "n_samples_": 277,
    "name": "pca_DTRunsummary02-SegmentsWheel-1Sector9Station3h4DSegmNHits_W-1_St3_Sec9_default_pca",
    "noise_variance_": 4.2627716719643855e-06,
    "singular_values_": [
        0.39115562385385094,
        0.29029771034375557
    ]
}