{
    "components_": [
        [
            -0.0,
            1.1102230246251565e-16,
            -0.8210615637592011,
            -0.08054139499095954,
            0.027798727670156828,
            0.10972848699466503,
            0.2964457849603773,
            0.4676299591249616,
            -0.0,
            -0.0,
            -0.0,
            -0.0,
            -0.0,
            -0.0,
            -0.0,
            -0.0
        ],
        [
            0.0,
            4.440892098500626e-16,
            -0.22177369346023632,
            -0.018854106463065554,
            0.17655560895628175,
            0.413750081247843,
            0.4112338427009711,
            -0.7609117329817943,
            0.0,
            0.0,
            0.0,
            0.0,
            0.0,
            0.0,
            0.0,
            0.0
        ]
    ],
    "explained_variance_": [
        0.004625931690629973,
        0.0004821633602083971
    ],
    "explained_variance_ratio_": [
        0.8983984595711604,
        0.0936405569823465
    ],
    "mean_": [
        0.0,
        0.0,
        0.29268479800457015,
        0.12090292432377842,
        0.04539851740810914,
        0.09497755922655876,
        0.19661078573324936,
        0.24942541530373394,
        0.0,
        0.0,
        0.0,
        0.0,
        0.0,
        0.0,
        0.0,
        0.0
    ],
    "n_components_": 2,
    "n_features_": 16,
    "n_samples_": 288,
    "name": "pca_DTRunsummary02-SegmentsWheel-1Sector6Station4h4DSegmNHits_W-1_St4_Sec6_default_pca",
    "noise_variance_": 2.9279853675309212e-06,
    "singular_values_": [
        1.1522336547813565,
        0.37199581231488343
    ]
}