{
    "components_": [
        [
            0.0,
            -5.551115123125783e-17,
            -0.4395546646642,
            -0.45620403072737686,
            -0.17009049384987396,
            -0.10792210070200403,
            -0.040907715626004135,
            0.029874881788432672,
            0.019709782684941834,
            0.1453879747121334,
            0.42589188884739504,
            0.5938144775365557,
            0.0,
            0.0,
            0.0,
            0.0
        ],
        [
            0.0,
            -8.326672684688674e-17,
            -0.21615580999142,
            -0.27279342414692587,
            -0.07640583428599976,
            -0.043417840449930856,
            0.09398299764540295,
            0.2123054908913068,
            0.32829065738977525,
            0.4268161133304786,
            0.23458511547334446,
            -0.6872074658560323,
            0.0,
            0.0,
            0.0,
            0.0
        ]
    ],
    "explained_variance_": [
        0.0003926322081933835,
        6.924738253420345e-05
    ],
    "explained_variance_ratio_": [
        0.7276096004387451,
        0.12832635551978075
    ],
    "mean_": [
        0.0,
        0.0,
        0.06578474795873013,
        0.08374451210879429,
        0.015063006467668297,
        0.01700365922588779,
        0.053902472920411504,
        0.09262706620638116,
        0.08006093593452475,
        0.12986017867175478,
        0.22146208971589126,
        0.24049133078995602,
        0.0,
        0.0,
        0.0,
        0.0
    ],
    "n_components_": 2,
    "n_features_": 16,
    "n_samples_": 268,
    "name": "pca_DTRunsummary02-SegmentsWheel2Sector6Station3h4DSegmNHits_W2_St3_Sec6_default_pca",
    "noise_variance_": 5.552838824081809e-06,
    "singular_values_": [
        0.3237789362939371,
        0.13597445030825578
    ]
}