{
    "components_": [
        [
            -0.0,
            -0.0,
            0.5198094411198183,
            0.445452951782378,
            0.11743466459734173,
            0.07772487691064964,
            0.045178887346109135,
            -0.021671844312515197,
            -0.028103203281316658,
            -0.18552319834430187,
            -0.44594182760157475,
            -0.5243607482165884,
            -0.0,
            -0.0,
            -0.0,
            -0.0
        ],
        [
            0.0,
            1.1102230246251565e-16,
            -0.7786862157888652,
            0.34705066469751716,
            0.1891211797475843,
            0.11928084631323835,
            0.13173593997192296,
            0.2435687680896174,
            0.1659470889680847,
            0.05278528115362199,
            -0.18355558672568353,
            -0.2872479664270372,
            0.0,
            0.0,
            0.0,
            0.0
        ]
    ],
    "explained_variance_": [
        0.0008773462624455996,
        5.34730532147288e-05
    ],
    "explained_variance_ratio_": [
        0.888040193042568,
        0.05412483363981697
    ],
    "mean_": [
        0.0,
        0.0,
        0.12811457521849165,
        0.1381962923139511,
        0.022218771416003702,
        0.02220708504650391,
        0.05948912012496762,
        0.09209353987396526,
        0.07446919674758382,
        0.11055549958642467,
        0.17719652648753464,
        0.17545939318457368,
        0.0,
        0.0,
        0.0,
        0.0
    ],
    "n_components_": 2,
    "n_features_": 16,
    "n_samples_": 308,
    "name": "pca_DTRunsummary02-SegmentsWheel-2Sector5Station2h4DSegmNHits_W-2_St2_Sec5_default_pca",
    "noise_variance_": 4.0813224829548274e-06,
    "singular_values_": [
        0.5189848770155052,
        0.12812582619020157
    ]
}