{
    "components_": [
        [
            0.0,
            0.0,
            0.1062099881188525,
            0.12759902491882646,
            0.033158740674134865,
            0.05501870697623625,
            0.10116012211464886,
            0.22081142582873048,
            0.21909828215798843,
            0.2660218087659493,
            -0.28782622612390896,
            -0.841251873431458,
            0.0,
            0.0,
            0.0,
            0.0
        ],
        [
            -0.0,
            5.551115123125783e-17,
            0.07092618852157181,
            0.07991362848260676,
            0.030850022939801987,
            -0.11278408528946224,
            0.05449336533959895,
            0.34537361430899455,
            0.27597227290347315,
            -0.3335273650608483,
            -0.7444537339957779,
            0.33323609185004166,
            -0.0,
            -0.0,
            -0.0,
            -0.0
        ]
    ],
    "explained_variance_": [
        0.0002590327452998121,
        4.460190402318448e-05
    ],
    "explained_variance_ratio_": [
        0.7056909183105917,
        0.12151034639304639
    ],
    "mean_": [
        0.0,
        0.0,
        0.04241591062617172,
        0.0466540455176703,
        0.008577099623047731,
        0.035692191972043256,
        0.10092536739712009,
        0.06518195730619086,
        0.0724249917807219,
        0.1492512733304715,
        0.2537886152109245,
        0.22508854723563818,
        0.0,
        0.0,
        0.0,
        0.0
    ],
    "n_components_": 2,
    "n_features_": 16,
    "n_samples_": 141,
    "name": "pca_DTRunsummary02-SegmentsWheel-2Sector12Station1h4DSegmNHits_W-2_St1_Sec12_default_pca",
    "noise_variance_": 4.5305681108044865e-06,
    "singular_values_": [
        0.19043262415346193,
        0.07902067174635904
    ]
}