{
    "components_": [
        [
            0.0,
            5.551115123125783e-17,
            -0.7760884614123443,
            -0.13087503813270954,
            0.00619225599196499,
            0.07717161892862272,
            0.2787463440874877,
            0.5448532805369786,
            0.0,
            0.0,
            0.0,
            0.0,
            0.0,
            0.0,
            0.0,
            0.0
        ],
        [
            -0.0,
            5.551115123125783e-17,
            -0.2910761151537025,
            0.002914360535584408,
            0.13240887004217017,
            0.39229766550734924,
            0.4800000883298706,
            -0.716544869261272,
            -0.0,
            -0.0,
            -0.0,
            -0.0,
            -0.0,
            -0.0,
            -0.0,
            -0.0
        ]
    ],
    "explained_variance_": [
        0.0027251045231790963,
        0.00011451497072686557
    ],
    "explained_variance_ratio_": [
        0.9491819124493884,
        0.03988674122187732
    ],
    "mean_": [
        0.0,
        0.0,
        0.18187388736298238,
        0.097762303204778,
        0.048934010551301456,
        0.10681362208959061,
        0.23671881863046748,
        0.32789735816088017,
        0.0,
        0.0,
        0.0,
        0.0,
        0.0,
        0.0,
        0.0,
        0.0
    ],
    "n_components_": 2,
    "n_features_": 16,
    "n_samples_": 254,
    "name": "pca_DTRunsummary02-SegmentsWheel0Sector7Station4h4DSegmNHits_W0_St4_Sec7_default_pca",
    "noise_variance_": 2.241709483425345e-06,
    "singular_values_": [
        0.8303321289485981,
        0.17021247778555187
    ]
}