{
    "components_": [
        [
            0.0,
            1.1102230246251565e-16,
            -0.8349505909469643,
            -0.04699844917953905,
            0.03223853172340205,
            0.10716945290506703,
            0.2924021806815378,
            0.4501388748164968,
            0.0,
            0.0,
            0.0,
            0.0,
            0.0,
            0.0,
            0.0,
            0.0
        ],
        [
            -0.0,
            2.220446049250313e-16,
            -0.20081707510049,
            -0.06419260989601777,
            0.18045411292461117,
            0.44366541759526207,
            0.39562730095769116,
            -0.7547371464810562,
            -0.0,
            -0.0,
            -0.0,
            -0.0,
            -0.0,
            -0.0,
            -0.0,
            -0.0
        ]
    ],
    "explained_variance_": [
        0.002589653385734418,
        0.0004921107409282172
    ],
    "explained_variance_ratio_": [
        0.8275854716369738,
        0.15726571821240107
    ],
    "mean_": [
        0.0,
        0.0,
        0.24256869323487634,
        0.1496734107889355,
        0.05393841923399712,
        0.10166330318420846,
        0.202320966473962,
        0.2498352070840206,
        0.0,
        0.0,
        0.0,
        0.0,
        0.0,
        0.0,
        0.0,
        0.0
    ],
    "n_components_": 2,
    "n_features_": 16,
    "n_samples_": 226,
    "name": "pca_DTRunsummary02-SegmentsWheel2Sector8Station4h4DSegmNHits_W2_St4_Sec8_default_pca",
    "noise_variance_": 3.3859400837834274e-06,
    "singular_values_": [
        0.7633295564762601,
        0.33275353748510156
    ]
}