{
    "components_": [
        [
            0.0,
            2.220446049250313e-16,
            -0.34159946981194483,
            -0.4593309654038847,
            -0.18213845392031766,
            -0.12373825940298439,
            -0.08278556036667527,
            -0.06970996771846796,
            0.0023827954060823484,
            0.1822401164528895,
            0.5104984177474864,
            0.5641813470178165,
            0.0,
            0.0,
            0.0,
            0.0
        ],
        [
            -0.0,
            -1.0061396160665481e-16,
            -0.38465297654150543,
            -0.18446585675407945,
            -0.008561384253044306,
            -0.008413839414833313,
            0.04012979574667455,
            0.24672288809679507,
            0.33258625430328115,
            0.44880902737467504,
            0.16334139714987772,
            -0.6454953057078419,
            -0.0,
            -0.0,
            -0.0,
            -0.0
        ]
    ],
    "explained_variance_": [
        0.0007404176386372571,
        2.7565938770565046e-05
    ],
    "explained_variance_ratio_": [
        0.9054397971084492,
        0.033709756095846234
    ],
    "mean_": [
        0.0,
        0.0,
        0.07164162968123135,
        0.08998296405137782,
        0.029964577697296026,
        0.026678373400334833,
        0.05346976058949747,
        0.07720229019855442,
        0.08409168471766114,
        0.14162780809291287,
        0.22514970738814816,
        0.20019120418298603,
        0.0,
        0.0,
        0.0,
        0.0
    ],
    "n_components_": 2,
    "n_features_": 16,
    "n_samples_": 320,
    "name": "pca_DTRunsummary02-SegmentsWheel0Sector4Station1h4DSegmNHits_W0_St1_Sec4_default_pca",
    "noise_variance_": 3.5542904335693484e-06,
    "singular_values_": [
        0.4859971468283379,
        0.09377384746191365
    ]
}