{
    "components_": [
        [
            0.0,
            -1.1102230246251565e-16,
            0.0914826713579775,
            0.061133565896793196,
            -0.01303077925714527,
            0.007540268010606435,
            0.07263672441410002,
            0.1781233440502959,
            0.3158468836743754,
            0.3189842086124959,
            -0.18780048174064282,
            -0.8449164050188565,
            0.0,
            0.0,
            0.0,
            0.0
        ],
        [
            0.0,
            0.0,
            -0.2651082840038895,
            -0.5582233134532576,
            -0.25765632838620206,
            -0.17122194526048584,
            -0.0504621410398663,
            0.04413884599318198,
            0.21157756725430968,
            0.46491376244841065,
            0.5003170044303139,
            0.08172483201748537,
            0.0,
            0.0,
            0.0,
            0.0
        ]
    ],
    "explained_variance_": [
        0.0005088675721561971,
        0.00027831588357308157
    ],
    "explained_variance_ratio_": [
        0.6066989699782168,
        0.33182299115050723
    ],
    "mean_": [
        0.0,
        0.0,
        0.04476630470698836,
        0.08226595834309032,
        0.026624465480731302,
        0.023800895902389423,
        0.045790299108906564,
        0.07397280065291546,
        0.09077677362125773,
        0.15867283626625187,
        0.2444680188532582,
        0.20886164706421098,
        0.0,
        0.0,
        0.0,
        0.0
    ],
    "n_components_": 2,
    "n_features_": 16,
    "n_samples_": 298,
    "name": "pca_DTRunsummary02-SegmentsWheel0Sector1Station2h4DSegmNHits_W0_St2_Sec1_default_pca",
    "noise_variance_": 3.683184616307889e-06,
    "singular_values_": [
        0.38875913999594985,
        0.28750620414385014
    ]
}