{
    "components_": [
        [
            0.0,
            4.440892098500626e-16,
            -0.8598808154839725,
            -0.06402373381379621,
            0.0745127585077139,
            0.20921094963631096,
            0.3537714044761413,
            0.28640943667760255,
            0.0,
            0.0,
            0.0,
            0.0,
            0.0,
            0.0,
            0.0,
            0.0
        ],
        [
            -0.0,
            5.551115123125783e-17,
            -0.03809041478690223,
            -0.06240097562220212,
            0.2068755294811271,
            0.48123551046144725,
            0.22945956620537844,
            -0.8170792157388487,
            -0.0,
            -0.0,
            -0.0,
            -0.0,
            -0.0,
            -0.0,
            -0.0,
            -0.0
        ]
    ],
    "explained_variance_": [
        0.007435816479176538,
        0.0007843506452793977
    ],
    "explained_variance_ratio_": [
        0.9000001983639989,
        0.09493452915564203
    ],
    "mean_": [
        0.0,
        0.0,
        0.38934425283961277,
        0.12616307992513318,
        0.04566597588428205,
        0.09115490328648757,
        0.16781486554230327,
        0.17985692252218125,
        0.0,
        0.0,
        0.0,
        0.0,
        0.0,
        0.0,
        0.0,
        0.0
    ],
    "n_components_": 2,
    "n_features_": 16,
    "n_samples_": 307,
    "name": "pca_DTRunsummary02-SegmentsWheel1Sector5Station4h4DSegmNHits_W1_St4_Sec5_default_pca",
    "noise_variance_": 2.9892403396480975e-06,
    "singular_values_": [
        1.508429594852879,
        0.48990947883817854
    ]
}