{
    "components_": [
        [
            -0.0,
            -1.1102230246251565e-16,
            0.21004154229008953,
            0.7080472706450687,
            0.004797805213606773,
            0.08673119324918611,
            0.13084995290600837,
            0.06172931416890726,
            -0.12338839844778669,
            -0.23602658550977962,
            -0.42137576339566774,
            -0.42140633111963255,
            -0.0,
            -0.0,
            -0.0,
            -0.0
        ],
        [
            0.0,
            -5.551115123125783e-17,
            -0.1157946193936668,
            -0.49233160019844163,
            0.2144270980675586,
            0.3802565355052174,
            0.5306130415117022,
            0.29683958762005747,
            -0.15632373277383976,
            -0.24425726283276486,
            -0.29157540770123036,
            -0.12185363980459196,
            0.0,
            0.0,
            0.0,
            0.0
        ]
    ],
    "explained_variance_": [
        0.008542352559691869,
        0.0025721609415455984
    ],
    "explained_variance_ratio_": [
        0.7561777697376671,
        0.22769031254482047
    ],
    "mean_": [
        0.0,
        0.0,
        0.09100162255809291,
        0.16717670511437163,
        0.03091604155171241,
        0.036848157796333186,
        0.06630226159758519,
        0.0791489869263256,
        0.08072573260053655,
        0.1352409537033404,
        0.18533396826015558,
        0.12730556989154634,
        0.0,
        0.0,
        0.0,
        0.0
    ],
    "n_components_": 2,
    "n_features_": 16,
    "n_samples_": 287,
    "name": "pca_DTRunsummary02-SegmentsWheel1Sector5Station2h4DSegmNHits_W1_St2_Sec5_default_pca",
    "noise_variance_": 1.3017019289254538e-05,
    "singular_values_": [
        1.563046010862084,
        0.8576934354896516
    ]
}