{
    "components_": [
        [
            0.0,
            -1.1102230246251565e-16,
            0.149268824513736,
            0.12675767594550927,
            -0.00207735982283435,
            0.04561672091268184,
            0.3404225396934809,
            0.549201067868481,
            0.005926929927148161,
            -0.2228217197562474,
            -0.5010349734320271,
            -0.49125970584992806,
            0.0,
            0.0,
            0.0,
            0.0
        ],
        [
            -0.0,
            -0.0,
            -0.05616156572396498,
            -0.06462049021881353,
            -0.036379595993363024,
            -0.048892159975119004,
            0.0629319670108351,
            0.3512638946346075,
            -0.35018791864980064,
            -0.4649392519530784,
            -0.10796450990771961,
            0.7149496307764165,
            -0.0,
            -0.0,
            -0.0,
            -0.0
        ]
    ],
    "explained_variance_": [
        0.00452380473312258,
        0.00014083770231451687
    ],
    "explained_variance_ratio_": [
        0.955583440989288,
        0.02974977571718375
    ],
    "mean_": [
        0.0,
        0.0,
        0.03391351504079925,
        0.040155185744682284,
        0.004971864385263975,
        0.017098341381991657,
        0.0820205577214639,
        0.14409894744823612,
        0.07735318073044092,
        0.14560375322403307,
        0.23856072899871136,
        0.21622392532437737,
        0.0,
        0.0,
        0.0,
        0.0
    ],
    "n_components_": 2,
    "n_features_": 16,
    "n_samples_": 100,
    "name": "pca_DTRunsummary02-SegmentsWheel2Sector6Station1h4DSegmNHits_W2_St1_Sec6_default_pca",
    "noise_variance_": 4.959547736336428e-06,
    "singular_values_": [
        0.6692209415276359,
        0.11808019532985695
    ]
}