{
    "components_": [
        [
            0.0,
            1.1102230246251565e-16,
            -0.5588035563150507,
            -0.3889116947462281,
            -0.11278391158835482,
            -0.07486686578924912,
            -0.05920590165926231,
            -0.0028702511848951867,
            0.03659779855192956,
            0.18672874330284245,
            0.4423936182986613,
            0.531722021129607,
            0.0,
            0.0,
            0.0,
            0.0
        ],
        [
            0.0,
            -2.220446049250313e-16,
            -0.7444203049660671,
            0.31822297387877174,
            0.20853146040235981,
            0.1399602072209264,
            0.16441389848272994,
            0.17152650593293584,
            0.170359066587894,
            0.10996471991380424,
            -0.12980175357812845,
            -0.40875677387522724,
            0.0,
            0.0,
            0.0,
            0.0
        ]
    ],
    "explained_variance_": [
        0.0010957665617804184,
        6.538832376418598e-05
    ],
    "explained_variance_ratio_": [
        0.8886351011711371,
        0.05302804605497942
    ],
    "mean_": [
        0.0,
        0.0,
        0.14216196090927977,
        0.13312972257991698,
        0.027933310123418927,
        0.028467790714992135,
        0.06072519684130718,
        0.08434331933661408,
        0.07019563175437732,
        0.10611429656971816,
        0.17317110954997605,
        0.17375766162039913,
        0.0,
        0.0,
        0.0,
        0.0
    ],
    "n_components_": 2,
    "n_features_": 16,
    "n_samples_": 352,
    "name": "pca_DTRunsummary02-SegmentsWheel1Sector8Station1h4DSegmNHits_W1_St1_Sec8_default_pca",
    "noise_variance_": 5.138182663091452e-06,
    "singular_values_": [
        0.6201726075738325,
        0.1514968700707354
    ]
}