{
    "components_": [
        [
            0.0,
            2.220446049250313e-16,
            -0.32880078143974245,
            -0.4665314173702124,
            -0.22431993668461597,
            -0.15259798383898143,
            -0.07676041892768433,
            0.004239781445151747,
            0.03779593374835315,
            0.15356845985660406,
            0.4404521557939842,
            0.6129542074171433,
            0.0,
            0.0,
            0.0,
            0.0
        ],
        [
            -0.0,
            -2.7755575615628914e-17,
            -0.26408165834215813,
            -0.258210527044525,
            -0.19014124064985927,
            -0.08846635904310671,
            0.10099659576874685,
            0.593536495783623,
            0.5348245578919202,
            0.12457636108325208,
            -0.24016931729529092,
            -0.31286490815260154,
            -0.0,
            -0.0,
            -0.0,
            -0.0
        ]
    ],
    "explained_variance_": [
        0.0005807004091131899,
        2.9617800409220566e-05
    ],
    "explained_variance_ratio_": [
        0.8778942244364272,
        0.04477574927056306
    ],
    "mean_": [
        0.0,
        0.0,
        0.06706391594158395,
        0.10041385830216089,
        0.02800822665037301,
        0.024827180440167403,
        0.050680428869113975,
        0.07968052994520117,
        0.08100427489317784,
        0.13286158206717696,
        0.21730342623980578,
        0.21815657665123886,
        0.0,
        0.0,
        0.0,
        0.0
    ],
    "n_components_": 2,
    "n_features_": 16,
    "n_samples_": 311,
    "name": "pca_DTRunsummary02-SegmentsWheel-1Sector5Station2h4DSegmNHits_W-1_St2_Sec5_default_pca",
    "noise_variance_": 3.6536762512519307e-06,
    "singular_values_": [
        0.4242842523887599,
        0.09582023860781383
    ]
}