{
    "components_": [
        [
            0.0,
            1.1102230246251565e-16,
            -0.09474057211612996,
            -0.05603313547687423,
            -0.02432662211262021,
            -0.07045571732067764,
            -0.17663884725434256,
            -0.12187231093921505,
            -0.28322123917040243,
            -0.23281337711441324,
            0.18367661776514982,
            0.8764252037395253,
            0.0,
            0.0,
            0.0,
            0.0
        ],
        [
            -0.0,
            5.551115123125783e-17,
            -0.07167347533881976,
            -0.1413270823684384,
            -0.01587265019258858,
            -0.04182357424211557,
            0.0633011407980562,
            -0.500584203557455,
            -0.16717903748325696,
            0.3370848852277266,
            0.733773468756415,
            -0.1956994715995225,
            -0.0,
            -0.0,
            -0.0,
            -0.0
        ]
    ],
    "explained_variance_": [
        0.0002468832643843872,
        5.188279316206657e-05
    ],
    "explained_variance_ratio_": [
        0.6849949283079672,
        0.14395244761157
    ],
    "mean_": [
        0.0,
        0.0,
        0.03499200137090368,
        0.0357330901219682,
        0.007196872976901964,
        0.01584439735123189,
        0.07670442127333611,
        0.13026091625879294,
        0.08140816252191438,
        0.15698642236114094,
        0.24863536840032174,
        0.21223834736348832,
        0.0,
        0.0,
        0.0,
        0.0
    ],
    "n_components_": 2,
    "n_features_": 16,
    "n_samples_": 100,
    "name": "pca_DTRunsummary02-SegmentsWheel-2Sector1Station1h4DSegmNHits_W-2_St1_Sec1_default_pca",
    "noise_variance_": 4.40358111418161e-06,
    "singular_values_": [
        0.1563375936045273,
        0.07166865788505175
    ]
}