{
    "components_": [
        [
            0.0,
            1.1102230246251565e-16,
            0.20435326102155596,
            0.8012382360957715,
            -0.029800654111962564,
            -0.0205194924844248,
            -0.022594297897231927,
            -0.03011437582911837,
            -0.050352027321510534,
            -0.10136158663833184,
            -0.278383633440045,
            -0.47246542939470215,
            0.0,
            0.0,
            0.0,
            0.0
        ],
        [
            0.0,
            -2.7755575615628914e-17,
            -0.047476015418511215,
            -0.27419399091040325,
            0.025186815739564435,
            0.02178478656930913,
            0.049364299166657306,
            0.062319733485354696,
            0.237071930595116,
            0.41915105044960366,
            0.2833089322972394,
            -0.7765175419739299,
            0.0,
            0.0,
            0.0,
            0.0
        ]
    ],
    "explained_variance_": [
        0.0034978170314522777,
        0.0002939873770778087
    ],
    "explained_variance_ratio_": [
        0.8971649331337782,
        0.07540564961703475
    ],
    "mean_": [
        0.0,
        0.0,
        0.05161213388570746,
        0.11857211658692159,
        0.017765692776173705,
        0.01827185737196806,
        0.04406799659522965,
        0.07114075535406021,
        0.07199790767560403,
        0.1250864616694574,
        0.22511277054601042,
        0.2563723075388672,
        0.0,
        0.0,
        0.0,
        0.0
    ],
    "n_components_": 2,
    "n_features_": 16,
    "n_samples_": 283,
    "name": "pca_DTRunsummary02-SegmentsWheel-1Sector12Station3h4DSegmNHits_W-1_St3_Sec12_default_pca",
    "noise_variance_": 7.638592516244538e-06,
    "singular_values_": [
        0.9931688692611857,
        0.2879313118365942
    ]
}