{
    "components_": [
        [
            -0.0,
            5.551115123125783e-17,
            -0.509031385865109,
            -0.4210778022678426,
            -0.09800418693818314,
            -0.06794268541900143,
            -0.05719363411944827,
            0.01927486428131604,
            -0.002972657601147781,
            0.1254090691994977,
            0.40991616118362084,
            0.601622257546298,
            -0.0,
            -0.0,
            -0.0,
            -0.0
        ],
        [
            -0.0,
            -0.0,
            -0.18251720256632473,
            -0.22662980402719182,
            -0.04878303912994221,
            -0.02545241312345084,
            0.06355841434501536,
            0.02664783291459601,
            0.2188055685210637,
            0.45516162746148536,
            0.4132647109198923,
            -0.6940556953151423,
            -0.0,
            -0.0,
            -0.0,
            -0.0
        ]
    ],
    "explained_variance_": [
        0.0009625039114906734,
        0.00018413678670234823
    ],
    "explained_variance_ratio_": [
        0.7811637833944334,
        0.14944457601188038
    ],
    "mean_": [
        0.0,
        0.0,
        0.1273722668913165,
        0.13631859595451087,
        0.02232170941611831,
        0.02193787174845093,
        0.056869658050772987,
        0.09321177849782641,
        0.07127929177959187,
        0.10644992031259394,
        0.17611383729443364,
        0.18812507005438472,
        0.0,
        0.0,
        0.0,
        0.0
    ],
    "n_components_": 2,
    "n_features_": 16,
    "n_samples_": 307,
    "name": "pca_DTRunsummary02-SegmentsWheel2Sector4Station2h4DSegmNHits_W2_St2_Sec4_default_pca",
    "noise_variance_": 6.107163157984694e-06,
    "singular_values_": [
        0.5427026781914256,
        0.237372822224699
    ]
}