{
    "components_": [
        [
            0.0,
            1.1102230246251565e-16,
            -0.8581131160042947,
            -0.06583151918057227,
            0.07229403856082768,
            0.21949047034474525,
            0.371272381497641,
            0.2608877447816529,
            0.0,
            0.0,
            0.0,
            0.0,
            0.0,
            0.0,
            0.0,
            0.0
        ],
        [
            -0.0,
            -1.1102230246251565e-16,
            0.006034649002507719,
            -0.096504845654867,
            0.1776451227331196,
            0.47381311344501553,
            0.25673961257398226,
            -0.8177276520997588,
            -0.0,
            -0.0,
            -0.0,
            -0.0,
            -0.0,
            -0.0,
            -0.0,
            -0.0
        ]
    ],
    "explained_variance_": [
        0.00570966020297254,
        0.0006332222822233538
    ],
    "explained_variance_ratio_": [
        0.8939256359286181,
        0.09913963549459315
    ],
    "mean_": [
        0.0,
        0.0,
        0.4329078925515004,
        0.1372612019508938,
        0.04009510633668096,
        0.07715534283180916,
        0.1486910382649113,
        0.16388941806420426,
        0.0,
        0.0,
        0.0,
        0.0,
        0.0,
        0.0,
        0.0,
        0.0
    ],
    "n_components_": 2,
    "n_features_": 16,
    "n_samples_": 240,
    "name": "pca_DTRunsummary02-SegmentsWheel1Sector4Station4h4DSegmNHits_W1_St4_Sec4_default_pca",
    "noise_variance_": 3.1638093325111866e-06,
    "singular_values_": [
        1.1681647094953849,
        0.38902458206568585
    ]
}