{
    "components_": [
        [
            0.0,
            -1.1102230246251565e-16,
            -0.8517977976179161,
            -0.022472464654060664,
            0.04491007485987522,
            0.12144759077337103,
            0.29651525925682276,
            0.4113973373819076,
            0.0,
            0.0,
            0.0,
            0.0,
            0.0,
            0.0,
            0.0,
            0.0
        ],
        [
            0.0,
            -1.1102230246251565e-16,
            -0.21810413002597032,
            0.11919138992919093,
            0.20609673540023943,
            0.388649367277369,
            0.30965593473395636,
            -0.8054892973147849,
            0.0,
            0.0,
            0.0,
            0.0,
            0.0,
            0.0,
            0.0,
            0.0
        ]
    ],
    "explained_variance_": [
        0.00702593915484449,
        7.810884636643494e-05
    ],
    "explained_variance_ratio_": [
        0.9835179125776872,
        0.010933975919674427
    ],
    "mean_": [
        0.0,
        0.0,
        0.38558882481777185,
        0.14639985651980653,
        0.04136836012583066,
        0.07559325580579647,
        0.1554009547707762,
        0.19564874796001824,
        0.0,
        0.0,
        0.0,
        0.0,
        0.0,
        0.0,
        0.0,
        0.0
    ],
    "n_components_": 2,
    "n_features_": 16,
    "n_samples_": 292,
    "name": "pca_DTRunsummary02-SegmentsWheel2Sector6Station4h4DSegmNHits_W2_St4_Sec6_default_pca",
    "noise_variance_": 2.830995997946853e-06,
    "singular_values_": [
        1.4298770206069285,
        0.15076363716968547
    ]
}