{
    "components_": [
        [
            -0.0,
            2.220446049250313e-16,
            0.0791931460127285,
            0.07838274209505208,
            0.023238443660059768,
            0.06675281069708192,
            0.14736919169750107,
            0.06291372185505884,
            0.23809552055415997,
            0.29186894792039053,
            -0.08946500045793754,
            -0.8983495240340946,
            -0.0,
            -0.0,
            -0.0,
            -0.0
        ],
        [
            0.0,
            0.0,
            0.06909653658732934,
            0.17244722511245636,
            0.007630924378393144,
            -0.01558613472042563,
            0.13411293247968883,
            0.45724903842209697,
            0.18826089019449,
            -0.3417189166795219,
            -0.7602803666868136,
            0.08878787091230633,
            0.0,
            0.0,
            0.0,
            0.0
        ]
    ],
    "explained_variance_": [
        0.00022211345143798687,
        6.268231868167146e-05
    ],
    "explained_variance_ratio_": [
        0.6709210767250614,
        0.18933967514917482
    ],
    "mean_": [
        0.0,
        0.0,
        0.03346139353079102,
        0.03519103468130737,
        0.006896635211152011,
        0.014687010281558855,
        0.07322995224852959,
        0.1316439600960478,
        0.07272885115090491,
        0.14209070014272376,
        0.249123983708772,
        0.2409464789482126,
        0.0,
        0.0,
        0.0,
        0.0
    ],
    "n_components_": 2,
    "n_features_": 16,
    "n_samples_": 97,
    "name": "pca_DTRunsummary02-SegmentsWheel-2Sector2Station1h4DSegmNHits_W-2_St1_Sec2_default_pca",
    "noise_variance_": 3.3044089663024943e-06,
    "singular_values_": [
        0.1460235985655974,
        0.0775725634064033
    ]
}