{
    "components_": [
        [
            0.0,
            -1.1102230246251565e-16,
            -0.34372785758083535,
            -0.4388796675576199,
            -0.1881154532374523,
            -0.12590771256061536,
            -0.10181993736446776,
            -0.0624978834467885,
            0.004187268236356685,
            0.17199441159902362,
            0.48870294570405864,
            0.5960638862083403,
            0.0,
            0.0,
            0.0,
            0.0
        ],
        [
            0.0,
            2.7755575615628914e-17,
            -0.276722816114355,
            -0.21095014080366137,
            -0.03581951863521604,
            -0.05226180044642027,
            0.028301083835805096,
            0.1394760287769636,
            0.32538721834123197,
            0.5058618344111242,
            0.23742033795268286,
            -0.6606922273181555,
            0.0,
            0.0,
            0.0,
            0.0
        ]
    ],
    "explained_variance_": [
        0.0007277891146694837,
        5.2608512766430575e-05
    ],
    "explained_variance_ratio_": [
        0.8720832911296498,
        0.06303887215408593
    ],
    "mean_": [
        0.0,
        0.0,
        0.07127523381253849,
        0.09262857568285707,
        0.029365185298075015,
        0.02705828169399161,
        0.051924620949443626,
        0.07739468159775562,
        0.08572215117317727,
        0.14234007026398954,
        0.22093049485646912,
        0.2013607046717026,
        0.0,
        0.0,
        0.0,
        0.0
    ],
    "n_components_": 2,
    "n_features_": 16,
    "n_samples_": 320,
    "name": "pca_DTRunsummary02-SegmentsWheel0Sector3Station1h4DSegmNHits_W0_St1_Sec3_default_pca",
    "noise_variance_": 3.867371698623495e-06,
    "singular_values_": [
        0.4818347513199575,
        0.1295458049204657
    ]
}