{
    "components_": [
        [
            -0.0,
            1.1102230246251565e-16,
            -0.3039550924905844,
            -0.52241861972062,
            -0.1691411848216073,
            -0.11925341215007022,
            -0.04204123318654205,
            -0.01880703251445598,
            0.006197985556135911,
            0.12098710681777579,
            0.4113923854150017,
            0.6370390970949664,
            -0.0,
            -0.0,
            -0.0,
            -0.0
        ],
        [
            -0.0,
            1.1102230246251565e-16,
            -0.1322703682605522,
            -0.2482328576785033,
            -0.10749513107390674,
            -0.05758727660944125,
            0.008727016158422841,
            0.06562236657356688,
            0.23273869343512937,
            0.4942215143104181,
            0.40623139773775807,
            -0.6619553545928919,
            -0.0,
            -0.0,
            -0.0,
            -0.0
        ]
    ],
    "explained_variance_": [
        0.0002658467663432844,
        0.00021331071042142186
    ],
    "explained_variance_ratio_": [
        0.5025134064164117,
        0.4032078072394476
    ],
    "mean_": [
        0.0,
        0.0,
        0.03883538430927373,
        0.059280608562500246,
        0.01591783143509289,
        0.015337375527934823,
        0.039421557482138256,
        0.06573608812553032,
        0.07744756588805773,
        0.1444728856785568,
        0.26221731532797354,
        0.2813333876629414,
        0.0,
        0.0,
        0.0,
        0.0
    ],
    "n_components_": 2,
    "n_features_": 16,
    "n_samples_": 284,
    "name": "pca_DTRunsummary02-SegmentsWheel0Sector5Station3h4DSegmNHits_W0_St3_Sec5_default_pca",
    "noise_variance_": 3.5626214380309883e-06,
    "singular_values_": [
        0.27428932694355695,
        0.24569682751159483
    ]
}