{
    "components_": [
        [
            0.0,
            0.0,
            -0.8187496306570353,
            -0.17681906907758935,
            0.07882462128193649,
            0.23278779908268293,
            0.38715823896926765,
            0.2967980404007376,
            0.0,
            0.0,
            0.0,
            0.0,
            0.0,
            0.0,
            0.0,
            0.0
        ],
        [
            0.0,
            2.7755575615628914e-16,
            -0.1994207432938821,
            0.5500179586739119,
            -0.17276152633631114,
            -0.4446184461582843,
            -0.3107893194065158,
            0.5775720765210816,
            0.0,
            0.0,
            0.0,
            0.0,
            0.0,
            0.0,
            0.0,
            0.0
        ]
    ],
    "explained_variance_": [
        0.004902210579097359,
        0.0009040074986730053
    ],
    "explained_variance_ratio_": [
        0.8312058304580208,
        0.15328111502976915
    ],
    "mean_": [
        0.0,
        0.0,
        0.3595809101332983,
        0.1524764664148661,
        0.04635218537128574,
        0.09072007196834293,
        0.16706826159614477,
        0.18380210451606221,
        0.0,
        0.0,
        0.0,
        0.0,
        0.0,
        0.0,
        0.0,
        0.0
    ],
    "n_components_": 2,
    "n_features_": 16,
    "n_samples_": 272,
    "name": "pca_DTRunsummary02-SegmentsWheel-1Sector3Station4h4DSegmNHits_W-1_St4_Sec3_default_pca",
    "noise_variance_": 6.535106430167929e-06,
    "singular_values_": [
        1.1526053387588417,
        0.494960636960541
    ]
}