{
    "components_": [
        [
            -0.0,
            -2.220446049250313e-16,
            0.3004774054237236,
            0.7437688911506644,
            0.02125021002351642,
            0.013038975431259406,
            -0.0004402301639145883,
            -0.04951915926631799,
            -0.0648161527483869,
            -0.1623054882769701,
            -0.3712449091590129,
            -0.4302095424145613,
            -0.0,
            -0.0,
            -0.0,
            -0.0
        ],
        [
            0.0,
            -2.498001805406602e-16,
            -0.6271728445770485,
            0.5822764564442808,
            -0.16580075507824074,
            -0.12754230651224177,
            -0.11560791039616754,
            -0.06395029233631877,
            -0.10780213684373391,
            0.024886577846172868,
            0.2175080437217966,
            0.3832051677315006,
            0.0,
            0.0,
            0.0,
            0.0
        ]
    ],
    "explained_variance_": [
        0.002203000677092951,
        0.00023979382701410138
    ],
    "explained_variance_ratio_": [
        0.86482456740447,
        0.0941350562757828
    ],
    "mean_": [
        0.0,
        0.0,
        0.12930143224900204,
        0.14883639494430212,
        0.021687036697762042,
        0.021496340270634427,
        0.05763800552765972,
        0.09051950876015022,
        0.07028401539155561,
        0.10437465500774873,
        0.17304347035388346,
        0.18281914079730174,
        0.0,
        0.0,
        0.0,
        0.0
    ],
    "n_components_": 2,
    "n_features_": 16,
    "n_samples_": 326,
    "name": "pca_DTRunsummary02-SegmentsWheel-2Sector6Station2h4DSegmNHits_W-2_St2_Sec6_default_pca",
    "noise_variance_": 7.4674085215999845e-06,
    "singular_values_": [
        0.8461531894729282,
        0.27916481472345855
    ]
}