{
    "components_": [
        [
            -0.0,
            1.1102230246251565e-16,
            -0.49985915473068115,
            -0.439412416468979,
            -0.11186320685657117,
            -0.07621857801754608,
            -0.056841839338506894,
            0.023526487852525396,
            0.017211490429723156,
            0.1444617927552689,
            0.41350631511252894,
            0.5854891092622379,
            -0.0,
            -0.0,
            -0.0,
            -0.0
        ],
        [
            -0.0,
            1.1102230246251565e-16,
            -0.0488656975211644,
            -0.31675360572414885,
            -0.06434595913984736,
            -0.015153039661250374,
            -0.00554149583296757,
            0.07242284469541653,
            0.22072952332284737,
            0.46155541852241994,
            0.3863327585060909,
            -0.690380747167396,
            -0.0,
            -0.0,
            -0.0,
            -0.0
        ]
    ],
    "explained_variance_": [
        0.0008941013737187351,
        0.00023080565162022614
    ],
    "explained_variance_ratio_": [
        0.7367256762035983,
        0.19018028017817842
    ],
    "mean_": [
        0.0,
        0.0,
        0.12271440882961461,
        0.1341500608577852,
        0.02222243351133895,
        0.02169227928672455,
        0.0576239855058802,
        0.09160818628720631,
        0.07201690502955628,
        0.10869330393178799,
        0.17933683056954156,
        0.1899416061905643,
        0.0,
        0.0,
        0.0,
        0.0
    ],
    "n_components_": 2,
    "n_features_": 16,
    "n_samples_": 319,
    "name": "pca_DTRunsummary02-SegmentsWheel2Sector12Station2h4DSegmNHits_W2_St2_Sec12_default_pca",
    "noise_variance_": 6.336287995134857e-06,
    "singular_values_": [
        0.5332206267977241,
        0.27091732542462454
    ]
}