{
    "components_": [
        [
            0.0,
            3.3306690738754696e-16,
            -0.49940979999748825,
            -0.45016702049319834,
            -0.11534660755850783,
            -0.07696956370125176,
            -0.06640323919398158,
            0.021793254618525368,
            0.02919773787011483,
            0.16914279471807803,
            0.43871103546772344,
            0.5494514082699861,
            0.0,
            0.0,
            0.0,
            0.0
        ],
        [
            0.0,
            0.0,
            0.05215362426185805,
            -0.34009738750036994,
            -0.11088593228796065,
            -0.03444373709859314,
            0.026033782236253016,
            0.01582070811065736,
            0.2620693482283696,
            0.48382705130261144,
            0.32356440642827333,
            -0.6780418636810993,
            0.0,
            0.0,
            0.0,
            0.0
        ]
    ],
    "explained_variance_": [
        0.00078501614314272,
        0.00019467973365534672
    ],
    "explained_variance_ratio_": [
        0.7300416045127411,
        0.18104634709151893
    ],
    "mean_": [
        0.0,
        0.0,
        0.12643063562164272,
        0.12900698862012733,
        0.020581965473674812,
        0.021761966842594193,
        0.05783432221392971,
        0.09477748824267827,
        0.07797676764009094,
        0.11865566467961278,
        0.18034356531623408,
        0.17263063534941503,
        0.0,
        0.0,
        0.0,
        0.0
    ],
    "n_components_": 2,
    "n_features_": 16,
    "n_samples_": 321,
    "name": "pca_DTRunsummary02-SegmentsWheel-2Sector10Station2h4DSegmNHits_W-2_St2_Sec10_default_pca",
    "noise_variance_": 6.829101331749077e-06,
    "singular_values_": [
        0.501203716871364,
        0.249594701004871
    ]
}