{
    "components_": [
        [
            0.0,
            1.6653345369377348e-16,
            -0.5389334487633376,
            -0.36873340761728757,
            -0.11391123694287088,
            -0.08115137484159493,
            -0.06870022948042141,
            -0.010064216323190836,
            0.01677398702575398,
            0.14867168572124534,
            0.4350774436172966,
            0.5809707976044073,
            0.0,
            0.0,
            0.0,
            0.0
        ],
        [
            -0.0,
            -2.220446049250313e-16,
            -0.77827237513893,
            0.3891234867620626,
            0.2279833113893313,
            0.14858466231780781,
            0.14656653442995088,
            0.14803229946945012,
            0.11321461108563094,
            0.039579708493671616,
            -0.12654640253328214,
            -0.3082658362756926,
            -0.0,
            -0.0,
            -0.0,
            -0.0
        ]
    ],
    "explained_variance_": [
        0.0012943056148726605,
        6.617424133235165e-05
    ],
    "explained_variance_ratio_": [
        0.9020138651533172,
        0.046117456736564866
    ],
    "mean_": [
        0.0,
        0.0,
        0.14294601591124018,
        0.13098061253069646,
        0.02780356497205549,
        0.0277849978899007,
        0.06234282422122463,
        0.0845823704020864,
        0.06960278157991458,
        0.10350239293375435,
        0.17154437914225065,
        0.17891006041687665,
        0.0,
        0.0,
        0.0,
        0.0
    ],
    "n_components_": 2,
    "n_features_": 16,
    "n_samples_": 342,
    "name": "pca_DTRunsummary02-SegmentsWheel-1Sector5Station1h4DSegmNHits_W-1_St1_Sec5_default_pca",
    "noise_variance_": 5.316193330396732e-06,
    "singular_values_": [
        0.6643479620436697,
        0.15021789605214125
    ]
}