{
    "components_": [
        [
            0.0,
            -1.1102230246251565e-16,
            0.29223725533178807,
            0.43175822401829067,
            0.1270058239604724,
            0.102278845453998,
            0.05406812424982422,
            0.05399565224544087,
            0.05086093586069776,
            -0.013565630773809234,
            -0.3378049015517995,
            -0.7608343287949028,
            0.0,
            0.0,
            0.0,
            0.0
        ],
        [
            -0.0,
            5.551115123125783e-17,
            -0.22872783103915462,
            -0.35439900597331875,
            -0.1343640643342362,
            -0.08597539960083106,
            0.001470938552634877,
            0.08429643054418676,
            0.25753713013528345,
            0.5244455761257314,
            0.440138042152012,
            -0.504421816562308,
            -0.0,
            -0.0,
            -0.0,
            -0.0
        ]
    ],
    "explained_variance_": [
        0.0002576744718949644,
        0.00020050149565687764
    ],
    "explained_variance_ratio_": [
        0.5055776643865488,
        0.39339976961914547
    ],
    "mean_": [
        0.0,
        0.0,
        0.04322922985899976,
        0.06029747367839962,
        0.016834251001566408,
        0.015193880058411635,
        0.038352638916476056,
        0.06569926690031772,
        0.07775645309751666,
        0.1449994077549102,
        0.26069218717340525,
        0.27694521155999646,
        0.0,
        0.0,
        0.0,
        0.0
    ],
    "n_components_": 2,
    "n_features_": 16,
    "n_samples_": 284,
    "name": "pca_DTRunsummary02-SegmentsWheel0Sector3Station3h4DSegmNHits_W0_St3_Sec3_default_pca",
    "noise_variance_": 3.6776794681333166e-06,
    "singular_values_": [
        0.27004050723229456,
        0.23820563232404135
    ]
}