{
    "components_": [
        [
            -0.0,
            4.440892098500626e-16,
            -0.8496638624748315,
            -0.020382319932348625,
            0.04067153461509564,
            0.11729606001570966,
            0.2900264738053672,
            0.4220521139710077,
            -0.0,
            -0.0,
            -0.0,
            -0.0,
            -0.0,
            -0.0,
            -0.0,
            -0.0
        ],
        [
            0.0,
            -4.163336342344337e-17,
            -0.1583292366794217,
            -0.07269005553551733,
            0.14132688380244016,
            0.3877759713173739,
            0.4653187036803889,
            -0.7634022665852637,
            0.0,
            0.0,
            0.0,
            0.0,
            0.0,
            0.0,
            0.0,
            0.0
        ]
    ],
    "explained_variance_": [
        0.0046550559610129836,
        0.00043041313687699
    ],
    "explained_variance_ratio_": [
        0.9080338429048108,
        0.08395810877214017
    ],
    "mean_": [
        0.0,
        0.0,
        0.31838663745268353,
        0.14657885422895145,
        0.045838533945400856,
        0.08421730725080417,
        0.1724342577017532,
        0.2325444094204066,
        0.0,
        0.0,
        0.0,
        0.0,
        0.0,
        0.0,
        0.0,
        0.0
    ],
    "n_components_": 2,
    "n_features_": 16,
    "n_samples_": 261,
    "name": "pca_DTRunsummary02-SegmentsWheel2Sector1Station4h4DSegmNHits_W2_St4_Sec1_default_pca",
    "noise_variance_": 2.9323885867385475e-06,
    "singular_values_": [
        1.1001429679197954,
        0.33452565759298253
    ]
}