{
    "components_": [
        [
            0.0,
            0.0,
            -0.6148280943462653,
            -0.4452403059006474,
            -0.14462240665826903,
            -0.05803191439245087,
            0.07144282074643139,
            0.2104131512138355,
            0.032511224878346665,
            0.1438449620885307,
            0.3536785654449259,
            0.45083199692556236,
            0.0,
            0.0,
            0.0,
            0.0
        ],
        [
            0.0,
            1.1102230246251565e-16,
            -0.712620298103483,
            0.5090217859610674,
            0.35605672454206194,
            0.20307314424390338,
            0.056387180905469576,
            -0.04446817705694445,
            -0.00048556670795687346,
            -0.03294844691493935,
            -0.128099239467576,
            -0.20591710740160338,
            0.0,
            0.0,
            0.0,
            0.0
        ]
    ],
    "explained_variance_": [
        0.0008596057512692535,
        6.710239870877014e-05
    ],
    "explained_variance_ratio_": [
        0.8847520146523529,
        0.0690653620661895
    ],
    "mean_": [
        0.0,
        0.0,
        0.1559454652011232,
        0.179331720881992,
        0.04459202710044029,
        0.05075507884016215,
        0.09240761558953427,
        0.12237702236412239,
        0.045761657846500776,
        0.06926514312625195,
        0.11719295090982682,
        0.12237131814004615,
        0.0,
        0.0,
        0.0,
        0.0
    ],
    "n_components_": 2,
    "n_features_": 16,
    "n_samples_": 324,
    "name": "pca_DTRunsummary02-SegmentsWheel1Sector4Station1h4DSegmNHits_W1_St1_Sec4_default_pca",
    "noise_variance_": 3.2050020735423874e-06,
    "singular_values_": [
        0.5269275639591925,
        0.1472211764079229
    ]
}