{
    "components_": [
        [
            0.0,
            5.551115123125783e-17,
            0.19217024928389573,
            0.22243440220274435,
            0.07064010365985801,
            0.06077514660426569,
            0.06672054120891456,
            -0.013921209923379259,
            0.12661555242104364,
            0.23299692863913127,
            -0.048722119318535345,
            -0.9097095947779388,
            0.0,
            0.0,
            0.0,
            0.0
        ],
        [
            0.0,
            -2.220446049250313e-16,
            -0.343792319516573,
            -0.5373973905973476,
            -0.1766962921524598,
            -0.09854757692799618,
            0.004586153537475022,
            0.0655505847741241,
            0.20336870593031187,
            0.45615768494291753,
            0.5352971667593026,
            -0.10852671674975439,
            0.0,
            0.0,
            0.0,
            0.0
        ]
    ],
    "explained_variance_": [
        0.00040923912487985265,
        0.0002167646559353895
    ],
    "explained_variance_ratio_": [
        0.5868590141968352,
        0.3108458711818088
    ],
    "mean_": [
        0.0,
        0.0,
        0.05804552421652957,
        0.08536725408967309,
        0.01698632148733244,
        0.01772781669876127,
        0.054318515279775895,
        0.09219477163278587,
        0.08026292436474304,
        0.13174883813490662,
        0.22432613688905748,
        0.23902189720643482,
        0.0,
        0.0,
        0.0,
        0.0
    ],
    "n_components_": 2,
    "n_features_": 16,
    "n_samples_": 249,
    "name": "pca_DTRunsummary02-SegmentsWheel2Sector12Station3h4DSegmNHits_W2_St3_Sec12_default_pca",
    "noise_variance_": 5.0953054645161764e-06,
    "singular_values_": [
        0.3185769969257094,
        0.2318569271597823
    ]
}