{
    "components_": [
        [
            0.0,
            3.3306690738754696e-16,
            0.02079033814711953,
            -0.025493736319435134,
            -0.007101770852259021,
            0.002426514235220237,
            0.024131182317356795,
            0.0745467199457984,
            0.2326751916931817,
            0.4121815990473289,
            0.13252083050470168,
            -0.8666768687190132,
            0.0,
            0.0,
            0.0,
            0.0
        ],
        [
            -0.0,
            2.220446049250313e-16,
            0.24704572906961253,
            0.6088168905485887,
            0.20169834588411867,
            0.14595684191394948,
            0.037982455540896014,
            0.012342667527429636,
            -0.10591984942974468,
            -0.30429476998553384,
            -0.5719159302811916,
            -0.2717123807881249,
            -0.0,
            -0.0,
            -0.0,
            -0.0
        ]
    ],
    "explained_variance_": [
        0.0006333743533499204,
        0.00019013399400852473
    ],
    "explained_variance_ratio_": [
        0.7273705493022008,
        0.2183509119552186
    ],
    "mean_": [
        0.0,
        0.0,
        0.03266733143428786,
        0.05921704875633851,
        0.016133818438916623,
        0.015751521904069112,
        0.03976728188755158,
        0.0665719797040038,
        0.07970102098794707,
        0.1473452944295179,
        0.26373367442925033,
        0.2791110280281174,
        0.0,
        0.0,
        0.0,
        0.0
    ],
    "n_components_": 2,
    "n_features_": 16,
    "n_samples_": 270,
    "name": "pca_DTRunsummary02-SegmentsWheel0Sector1Station3h4DSegmNHits_W0_St3_Sec1_default_pca",
    "noise_variance_": 3.376018926749386e-06,
    "singular_values_": [
        0.4127683382372352,
        0.22615491236825513
    ]
}