{
    "components_": [
        [
            -0.0,
            -0.0,
            -0.8499765137791341,
            -0.0995846739413752,
            0.08145358134672602,
            0.22614484328298942,
            0.36450464018132966,
            0.2774581229094642,
            -0.0,
            -0.0,
            -0.0,
            -0.0,
            -0.0,
            -0.0,
            -0.0,
            -0.0
        ],
        [
            -0.0,
            2.220446049250313e-16,
            0.0399030076805133,
            0.00030064725279038,
            -0.21264799046042615,
            -0.4447511037724786,
            -0.22287186663405686,
            0.8400673059336581,
            -0.0,
            -0.0,
            -0.0,
            -0.0,
            -0.0,
            -0.0,
            -0.0,
            -0.0
        ]
    ],
    "explained_variance_": [
        0.006264539366712145,
        0.0011797343612832203
    ],
    "explained_variance_ratio_": [
        0.8375171104328604,
        0.1577207286126197
    ],
    "mean_": [
        0.0,
        0.0,
        0.34551107522383345,
        0.10947082526707422,
        0.0427709733988136,
        0.09393952774574994,
        0.18655220934514224,
        0.22175538901938616,
        0.0,
        0.0,
        0.0,
        0.0,
        0.0,
        0.0,
        0.0,
        0.0
    ],
    "n_components_": 2,
    "n_features_": 16,
    "n_samples_": 306,
    "name": "pca_DTRunsummary02-SegmentsWheel0Sector3Station4h4DSegmNHits_W0_St4_Sec3_default_pca",
    "noise_variance_": 2.5443185747309003e-06,
    "singular_values_": [
        1.382275119810526,
        0.5998491311916541
    ]
}