{
    "components_": [
        [
            0.0,
            1.1102230246251565e-16,
            0.2944810070734115,
            0.39947310589203777,
            0.1888157358701682,
            0.1355593583525816,
            0.08061745773330573,
            0.011352665986516658,
            0.03215170182368495,
            -0.04759378958797034,
            -0.33483593271968315,
            -0.7600213104240532,
            0.0,
            0.0,
            0.0,
            0.0
        ],
        [
            0.0,
            -1.5265566588595902e-16,
            -0.20253501556972403,
            -0.32419470809511663,
            -0.15289347740418524,
            -0.09458706783105539,
            -0.02254246149507553,
            0.07969638390951092,
            0.2744122552994615,
            0.5203741898320677,
            0.44361924383047113,
            -0.5213493424763544,
            0.0,
            0.0,
            0.0,
            0.0
        ]
    ],
    "explained_variance_": [
        0.0004943413235385584,
        0.00022594022457831034
    ],
    "explained_variance_ratio_": [
        0.6235314276449508,
        0.28498695958754094
    ],
    "mean_": [
        0.0,
        0.0,
        0.06711329463849022,
        0.10160817760611775,
        0.027742320920531555,
        0.024981883641798607,
        0.05249567557646611,
        0.0770739087908694,
        0.08068587385761006,
        0.13287870457817466,
        0.21744866280376524,
        0.21797149758617634,
        0.0,
        0.0,
        0.0,
        0.0
    ],
    "n_components_": 2,
    "n_features_": 16,
    "n_samples_": 311,
    "name": "pca_DTRunsummary02-SegmentsWheel-1Sector10Station2h4DSegmNHits_W-1_St2_Sec10_default_pca",
    "noise_variance_": 5.180531809844267e-06,
    "singular_values_": [
        0.3914662313622378,
        0.26465348971679215
    ]
}