{
    "components_": [
        [
            -0.0,
            2.498001805406602e-16,
            0.7074853161751193,
            0.12321448337853444,
            0.02424164052628363,
            0.0018047496913212446,
            -0.1868313931220271,
            -0.6699147966492317,
            -0.0,
            -0.0,
            -0.0,
            -0.0,
            -0.0,
            -0.0,
            -0.0,
            -0.0
        ],
        [
            0.0,
            0.0,
            -0.4047539751594225,
            -0.0747808298885077,
            0.11683034855841781,
            0.3973413457000029,
            0.5564640554240653,
            -0.5911009446345559,
            0.0,
            0.0,
            0.0,
            0.0,
            0.0,
            0.0,
            0.0,
            0.0
        ]
    ],
    "explained_variance_": [
        0.001624377726291384,
        0.0006826200243904158
    ],
    "explained_variance_ratio_": [
        0.6904619152568456,
        0.2901561144336538
    ],
    "mean_": [
        0.0,
        0.0,
        0.1637097416831734,
        0.11747333811728826,
        0.050575681191378216,
        0.10511674669016915,
        0.23224790625500058,
        0.3308765860629903,
        0.0,
        0.0,
        0.0,
        0.0,
        0.0,
        0.0,
        0.0,
        0.0
    ],
    "n_components_": 2,
    "n_features_": 16,
    "n_samples_": 251,
    "name": "pca_DTRunsummary02-SegmentsWheel1Sector12Station4h4DSegmNHits_W1_St4_Sec12_default_pca",
    "noise_variance_": 3.2569957016882616e-06,
    "singular_values_": [
        0.6372553895989002,
        0.41310411048258033
    ]
}