{
    "components_": [
        [
            -0.0,
            -2.7755575615628914e-17,
            -0.5303176544600071,
            -0.429541122145885,
            -0.09715349297854667,
            -0.07076124240892741,
            -0.04976600161127038,
            0.024070289301500604,
            0.011345382335933782,
            0.15875724943584982,
            0.4287622672573815,
            0.5546043252739711,
            -0.0,
            -0.0,
            -0.0,
            -0.0
        ],
        [
            0.0,
            -5.551115123125783e-16,
            -0.7806008971433097,
            0.36053063763069515,
            0.22805624558397364,
            0.13269399910637095,
            0.15734334574390363,
            0.16671643854093526,
            0.12410859942017179,
            0.07825551196247385,
            -0.17073727860934024,
            -0.2963666022358751,
            0.0,
            0.0,
            0.0,
            0.0
        ]
    ],
    "explained_variance_": [
        0.0008745062822025676,
        4.791484880943784e-05
    ],
    "explained_variance_ratio_": [
        0.8963381492014743,
        0.0491110330196252
    ],
    "mean_": [
        0.0,
        0.0,
        0.12697681909252004,
        0.1362697756924809,
        0.02258611437885082,
        0.022081416566799024,
        0.057846342692694556,
        0.09092997018453972,
        0.07177153582826556,
        0.10758925366534779,
        0.1781320715086571,
        0.18581670038984408,
        0.0,
        0.0,
        0.0,
        0.0
    ],
    "n_components_": 2,
    "n_features_": 16,
    "n_samples_": 299,
    "name": "pca_DTRunsummary02-SegmentsWheel2Sector8Station2h4DSegmNHits_W2_St2_Sec8_default_pca",
    "noise_variance_": 3.801581299697424e-06,
    "singular_values_": [
        0.5104927737944633,
        0.11949320041413435
    ]
}