{
    "components_": [
        [
            0.0,
            -1.1102230246251565e-16,
            0.03311744301243695,
            0.17868982789203142,
            0.14037432547332518,
            0.22683602685422435,
            0.36126770510153317,
            0.44934336639708167,
            -0.15593849572693502,
            -0.2666408749310559,
            -0.4696779631068453,
            -0.4973713609657965,
            0.0,
            0.0,
            0.0,
            0.0
        ],
        [
            -0.0,
            -0.0,
            -0.4469679007422409,
            -0.5138163501967057,
            -0.16788413534591634,
            0.021104403275993867,
            0.26666617361639294,
            0.5242249063054674,
            -0.11510010297878731,
            -0.0579595386979897,
            0.13276575908305288,
            0.35696678568073265,
            -0.0,
            -0.0,
            -0.0,
            -0.0
        ]
    ],
    "explained_variance_": [
        0.0047097398303242236,
        0.00023898921396903633
    ],
    "explained_variance_ratio_": [
        0.9338184797416859,
        0.04738532328820009
    ],
    "mean_": [
        0.0,
        0.0,
        0.06442115666744079,
        0.10108383472365125,
        0.029862865841089044,
        0.02779174222062507,
        0.056783949206604636,
        0.08658643655237995,
        0.07683067772604331,
        0.1259862845846913,
        0.210559207876956,
        0.22009384460051876,
        0.0,
        0.0,
        0.0,
        0.0
    ],
    "n_components_": 2,
    "n_features_": 16,
    "n_samples_": 337,
    "name": "pca_DTRunsummary02-SegmentsWheel1Sector2Station2h4DSegmNHits_W1_St2_Sec2_default_pca",
    "noise_variance_": 6.771367810862969e-06,
    "singular_values_": [
        1.257963665210144,
        0.2833732095551663
    ]
}