{
    "components_": [
        [
            -0.0,
            -0.0,
            -0.24000941755611283,
            -0.5675731272609195,
            -0.2110158585520143,
            -0.15441973072857543,
            -0.08287960703733684,
            0.023384159030799698,
            0.05707266279393479,
            0.17320523436106935,
            0.4341413368944427,
            0.5680943480547123,
            -0.0,
            -0.0,
            -0.0,
            -0.0
        ],
        [
            -0.0,
            -1.6653345369377348e-16,
            -0.03770950236799935,
            -0.16574451083193215,
            -0.09988096719126158,
            -0.06583778496647846,
            0.006234447903166078,
            0.01842798407571522,
            0.17970214979935512,
            0.45540570158973137,
            0.4354364627897418,
            -0.7260339808000376,
            -0.0,
            -0.0,
            -0.0,
            -0.0
        ]
    ],
    "explained_variance_": [
        0.00023534486724335798,
        0.0001091705356071883
    ],
    "explained_variance_ratio_": [
        0.5972280379113195,
        0.2770389919359884
    ],
    "mean_": [
        0.0,
        0.0,
        0.03986763265619891,
        0.07338914808051396,
        0.019154361383293902,
        0.01862179062950302,
        0.04453067170767037,
        0.07260462571736644,
        0.07479357070896565,
        0.13123381385750021,
        0.2418397987744688,
        0.28396458648451883,
        0.0,
        0.0,
        0.0,
        0.0
    ],
    "n_components_": 2,
    "n_features_": 16,
    "n_samples_": 272,
    "name": "pca_DTRunsummary02-SegmentsWheel1Sector9Station3h4DSegmNHits_W1_St3_Sec9_default_pca",
    "noise_variance_": 3.539041716817653e-06,
    "singular_values_": [
        0.25254397443405774,
        0.17200353237520452
    ]
}