{
    "components_": [
        [
            -0.0,
            -2.7755575615628914e-17,
            0.036803241481088954,
            -0.020015929100425097,
            0.0014690692648241925,
            0.010356046869692048,
            0.08072225956683735,
            0.1651332193150785,
            0.5633872814434613,
            0.2424428019625929,
            -0.5883402769477915,
            -0.4919577138553587,
            -0.0,
            -0.0,
            -0.0,
            -0.0
        ],
        [
            0.0,
            0.0,
            -0.1543054638421547,
            -0.1478051993607251,
            -0.03511087583765893,
            -0.09178200935417635,
            -0.17861369924815726,
            0.10395505174124758,
            0.24962215369280027,
            -0.07990803317112943,
            -0.45653220036265124,
            0.790480275742605,
            0.0,
            0.0,
            0.0,
            0.0
        ]
    ],
    "explained_variance_": [
        0.0018565059230390476,
        8.514219414791306e-05
    ],
    "explained_variance_ratio_": [
        0.9214293805369944,
        0.042258157239190214
    ],
    "mean_": [
        0.0,
        0.0,
        0.032473351281378814,
        0.03791111634332465,
        0.005454627939728912,
        0.01780500369847511,
        0.07747039646271997,
        0.1342631339938016,
        0.09067380018465353,
        0.1554520587759023,
        0.23400883724450453,
        0.21448767407551042,
        0.0,
        0.0,
        0.0,
        0.0
    ],
    "n_components_": 2,
    "n_features_": 16,
    "n_samples_": 137,
    "name": "pca_DTRunsummary02-SegmentsWheel2Sector5Station1h4DSegmNHits_W2_St1_Sec5_default_pca",
    "noise_variance_": 5.225910232717276e-06,
    "singular_values_": [
        0.5024786617691447,
        0.10760733434165246
    ]
}