{
    "components_": [
        [
            0.0,
            0.0,
            0.3355569555245009,
            0.4122131402017174,
            0.16223122617861313,
            0.11369831476475628,
            0.09010669221519849,
            0.08605698734916142,
            0.036495865024277284,
            -0.11142277076384868,
            -0.4724054154106608,
            -0.6525309950837155,
            0.0,
            0.0,
            0.0,
            0.0
        ],
        [
            0.0,
            2.7755575615628914e-17,
            -0.19506521993398096,
            -0.26230394751100666,
            -0.07756768233523248,
            -0.07550196051710723,
            -0.028745270672436544,
            0.05154763585907466,
            0.29958566483210114,
            0.5829741666302333,
            0.3024522468833319,
            -0.5973756332349771,
            0.0,
            0.0,
            0.0,
            0.0
        ]
    ],
    "explained_variance_": [
        0.000702268616437148,
        0.00018446059860483874
    ],
    "explained_variance_ratio_": [
        0.7466475190702794,
        0.19611733329798864
    ],
    "mean_": [
        0.0,
        0.0,
        0.07158458831176465,
        0.09318855355710662,
        0.028832499436763127,
        0.026759848267253278,
        0.05218576101194231,
        0.07574895477551302,
        0.08453013603309359,
        0.14363903707516779,
        0.22607240056691186,
        0.19745822096448395,
        0.0,
        0.0,
        0.0,
        0.0
    ],
    "n_components_": 2,
    "n_features_": 16,
    "n_samples_": 320,
    "name": "pca_DTRunsummary02-SegmentsWheel0Sector2Station1h4DSegmNHits_W0_St1_Sec2_default_pca",
    "noise_variance_": 3.845230744503886e-06,
    "singular_values_": [
        0.4733114076836203,
        0.24257561904474975
    ]
}