{
    "components_": [
        [
            -0.0,
            -3.3306690738754696e-16,
            -0.20891501698969736,
            -0.09566866948547564,
            -0.037589992784989965,
            -0.031190691658861312,
            -0.09172587385753103,
            0.00028293141759442447,
            -0.1662451426576862,
            -0.2751979544725056,
            -0.006432285014923322,
            0.9126826955040759,
            -0.0,
            -0.0,
            -0.0,
            -0.0
        ],
        [
            -0.0,
            3.3306690738754696e-16,
            -0.5451165100587221,
            -0.4315045825941255,
            -0.09198031091744457,
            -0.050227132205823116,
            0.008209132788545362,
            0.015409915561651333,
            0.14011631671894315,
            0.4161215210600769,
            0.5587338722110116,
            -0.019762222564112586,
            -0.0,
            -0.0,
            -0.0,
            -0.0
        ]
    ],
    "explained_variance_": [
        0.0029085930474276904,
        0.0006050964173084847
    ],
    "explained_variance_ratio_": [
        0.8090009130675135,
        0.16830252500581735
    ],
    "mean_": [
        0.0,
        0.0,
        0.13322106711119744,
        0.13567035678113837,
        0.02178463206440366,
        0.0224322815063909,
        0.06274627247829366,
        0.09096973717678065,
        0.0838929206673034,
        0.13147152831780476,
        0.18727457798144176,
        0.13053662591524562,
        0.0,
        0.0,
        0.0,
        0.0
    ],
    "n_components_": 2,
    "n_features_": 16,
    "n_samples_": 302,
    "name": "pca_DTRunsummary02-SegmentsWheel-2Sector4Station2h4DSegmNHits_W-2_St2_Sec4_default_pca",
    "noise_variance_": 5.828623319216797e-06,
    "singular_values_": [
        0.9356743596335932,
        0.42677162699721954
    ]
}