{
    "components_": [
        [
            0.0,
            3.3306690738754696e-16,
            -0.33862534936718736,
            -0.48898600009038906,
            -0.21782981229743262,
            -0.14501778074895555,
            -0.07180476737155574,
            0.017171152634608472,
            0.043745641057449935,
            0.17218558559611308,
            0.4399256978239329,
            0.589235632763416,
            0.0,
            0.0,
            0.0,
            0.0
        ],
        [
            0.0,
            -1.1102230246251565e-16,
            -0.2069525020841782,
            -0.23406333201487062,
            -0.07818077488830724,
            -0.03935567936820286,
            0.03206046368420924,
            0.19060351234382164,
            0.3220596536336067,
            0.4673650525888192,
            0.23818674710817456,
            -0.6917231410030722,
            0.0,
            0.0,
            0.0,
            0.0
        ]
    ],
    "explained_variance_": [
        0.0005017519795346194,
        6.106828657016763e-05
    ],
    "explained_variance_ratio_": [
        0.7988912012225887,
        0.09723313271209595
    ],
    "mean_": [
        0.0,
        0.0,
        0.06759994615241481,
        0.10015701760828821,
        0.028532788234825024,
        0.025298666639254362,
        0.05210810605358007,
        0.0801800662989474,
        0.08259897533125449,
        0.13539480904059717,
        0.21616459727253806,
        0.2119650273683005,
        0.0,
        0.0,
        0.0,
        0.0
    ],
    "n_components_": 2,
    "n_features_": 16,
    "n_samples_": 308,
    "name": "pca_DTRunsummary02-SegmentsWheel1Sector12Station2h4DSegmNHits_W1_St2_Sec12_default_pca",
    "noise_variance_": 4.660014225608398e-06,
    "singular_values_": [
        0.39247656964095085,
        0.13692320466977634
    ]
}