{
    "components_": [
        [
            -0.0,
            1.1102230246251565e-16,
            0.19903524034271977,
            0.8280463868796505,
            -0.009536608880921393,
            -0.010947382117596875,
            -0.02939821413007472,
            -0.06656823953934772,
            -0.06876189026148846,
            -0.1452312621819168,
            -0.32901633236733113,
            -0.367621697743693,
            -0.0,
            -0.0,
            -0.0,
            -0.0
        ],
        [
            0.0,
            -5.065392549852277e-16,
            0.5842194615974842,
            -0.4446054873375612,
            0.26691783465764773,
            0.18271951532363276,
            0.08571317770908134,
            0.06159655891500987,
            0.012500851811877637,
            -0.02364553708091069,
            -0.16095177158415885,
            -0.564464604012102,
            0.0,
            0.0,
            0.0,
            0.0
        ]
    ],
    "explained_variance_": [
        0.003512206230746017,
        8.263068071482102e-05
    ],
    "explained_variance_ratio_": [
        0.9568512292315943,
        0.022511567721188706
    ],
    "mean_": [
        0.0,
        0.0,
        0.07370488660550582,
        0.1161169102694707,
        0.015466021554929692,
        0.01944535925408205,
        0.056405410621937796,
        0.08217262582337205,
        0.07552824993720984,
        0.11983613131098904,
        0.2073185205760707,
        0.23400588404643224,
        0.0,
        0.0,
        0.0,
        0.0
    ],
    "n_components_": 2,
    "n_features_": 16,
    "n_samples_": 214,
    "name": "pca_DTRunsummary02-SegmentsWheel-2Sector3Station3h4DSegmNHits_W-2_St3_Sec3_default_pca",
    "noise_variance_": 5.410761502586625e-06,
    "singular_values_": [
        0.864927700532768,
        0.13266625415778074
    ]
}