{
    "components_": [
        [
            -0.0,
            1.1102230246251565e-16,
            -0.21815834925465788,
            -0.21802022021569106,
            0.9070795042154861,
            -0.08508969318860846,
            -0.17849218996824737,
            -0.20731901382453563,
            -3.776374602828919e-08
        ],
        [
            -0.0,
            9.367506770274758e-17,
            0.4450437143553824,
            0.28910855885500963,
            0.10013113198317546,
            -0.8018698710330211,
            -0.19621449762043008,
            0.16380070442551145,
            2.5903437234051237e-07
        ]
    ],
    "explained_variance_": [
        0.003019974780491668,
        2.7147420994170707e-05
    ],
    "explained_variance_ratio_": [
        0.9903225764797328,
        0.008902294177221623
    ],
    "mean_": [
        0.0,
        0.0,
        0.10635361031963358,
        0.10791866505415125,
        0.40768653363230495,
        0.14644316278544292,
        0.120383568368962,
        0.11121445647700991,
        3.3624952620614366e-09
    ],
    "n_components_": 2,
    "n_features_": 9,
    "n_samples_": 474,
    "name": "pca_RPCRunsummaryAllHitsSummaryHistogramsBxDistribution_Wheel_-1_default_pca",
    "noise_variance_": 3.37678005590205e-07,
    "singular_values_": [
        1.195177004118034,
        0.11331694546819882
    ]
}