{
    "components_": [
        [
            0.0,
            2.220446049250313e-16,
            -0.17606480817424328,
            -0.18830366500228568,
            0.9127799126022086,
            -0.1737583711589357,
            -0.18651023704216044,
            -0.188142775970394,
            -5.525418989631385e-08
        ],
        [
            -0.0,
            6.938893903907228e-18,
            -0.6041213601530593,
            0.15162939328771186,
            -0.002418063448176362,
            0.6780479130753079,
            0.1408160895032301,
            -0.36395318212345806,
            -7.901415569793768e-07
        ]
    ],
    "explained_variance_": [
        0.003556530061497385,
        1.6049149528247536e-05
    ],
    "explained_variance_ratio_": [
        0.9934275260947069,
        0.004482927639042172
    ],
    "mean_": [
        0.0,
        0.0,
        0.11088041821685791,
        0.11305428675650266,
        0.42545904364956094,
        0.12347509220984589,
        0.11534572335131713,
        0.11178542992968095,
        5.88623458248408e-09
    ],
    "n_components_": 2,
    "n_features_": 9,
    "n_samples_": 474,
    "name": "pca_RPCRunsummaryAllHitsSummaryHistogramsBxDistribution_Disk_1_default_pca",
    "noise_variance_": 1.0686715459650505e-06,
    "singular_values_": [
        1.2970114568068638,
        0.08712776668124281
    ]
}