{
    "components_": [
        [
            0.8830521133843059,
            -0.2859636035387974,
            -0.359153495054508,
            -0.07626056248198368,
            -0.04077114941349361,
            -0.027991022295314062,
            -0.020830795836193648,
            -0.017525128179623702,
            -0.012706062778260528,
            -0.010150950102105408,
            -0.008223371360205633,
            -0.006655981755056563,
            -0.005351485853141776,
            -0.004399841953271739,
            -0.004103636404444417,
            -0.0029650263779058676
        ],
        [
            -0.0228074662683899,
            -0.8175578187436983,
            0.5634954315688268,
            0.0869316718639139,
            0.052499145583826554,
            0.03885183377647001,
            0.027776758139991472,
            0.02185575172708224,
            0.015668005520828317,
            0.010260334578803546,
            0.008194925353670201,
            0.006619013580379824,
            0.002870428038022294,
            0.002080374966316119,
            0.002050744007769274,
            0.0012108663061881379
        ]
    ],
    "explained_variance_": [
        0.004262188008228701,
        3.413882720421574e-05
    ],
    "explained_variance_ratio_": [
        0.9917475762174969,
        0.007943595887681029
    ],
    "mean_": [
        0.5450716935983497,
        0.22373405319331027,
        0.1307927662718945,
        0.031997456838264035,
        0.017117514412930128,
        0.011627450893184886,
        0.008668292241450777,
        0.007484078424457453,
        0.0053151881285859945,
        0.004339776408724299,
        0.003485201644882952,
        0.002850318796414467,
        0.0023590911140668105,
        0.0019613313086611814,
        0.0018626962108203994,
        0.0013330905140022384
    ],
    "n_components_": 2,
    "n_features_": 16,
    "n_samples_": 474,
    "name": "pca_RPCRunsummaryAllHitsSummaryHistogramsClusterSize_Layer3_default_pca",
    "noise_variance_": 9.48025328132847e-08,
    "singular_values_": [
        1.4198644047556708,
        0.12707346405758382
    ]
}